"Nome","Bairro/Região","Telefone","Link WhatsApp","Nota","Avaliações","Ângulo","Mensagem"
"Farol Beach BarberShop","Barra","+55 71 99651-5121","https://wa.me/5571996515121","5","534","Muitas avaliações - automação/catálogo","Oi! 534 avaliações é muita gente atendida — tudo isso com nota máxima. Um site à altura disso captaria cliente direto do Google, sem depender só de indicação. Quer ver uma demonstração?"
"Maestro Barbershop Barra","Barra","+55 71 99227-3646","https://wa.me/5571992273646","5","254","Muitas avaliações - automação/catálogo","Oi, Maestro Barbershop Barra! Vi que vocês acumulam 254 avaliações em Barra com nota máxima — um dos perfis mais fortes que achei na região. Com um site, esse trabalho passa a se vender sozinho: catálogo, contato e orçamento sem precisar de atendente. Consigo te mostrar um modelo?"
"Maestro barbershop Chame-Chame.","Chame-Chame","+55 71 99237-0868","https://wa.me/5571992370868","5","211","Muitas avaliações - automação/catálogo","Oi, pessoal da Maestro barbershop Chame-Chame.! 211 avaliações com nota máxima não é sorte — é trabalho bem feito. Um site transformaria esse movimento em venda até fora do horário. Posso te mandar um exemplo?"
"malokcortes","Mussurunga","+55 71 99148-4992","https://wa.me/5571991484992","5","204","Muitas avaliações - automação/catálogo","Olá, malokcortes! 204 avaliações em Mussurunga com nota máxima — a prova está nos números, falta só uma vitrine pra quem chega pelo Google. Com esse volume, um site com catálogo e agendamento online tiraria peso do WhatsApp e organizaria melhor o fluxo. Topa dar uma olhada num exemplo?"
"Paloma’s Barbershop","Pituba","+55 71 99135-6590","https://wa.me/5571991356590","5","144","Muitas avaliações - automação/catálogo","Oi! Tudo certo? 144 avaliações com nota máxima no Google é prova de atendimento consistente — parabéns! Um catálogo online deixaria parte do atendimento automática, sem perder qualidade, e abriria espaço pra crescer em horários que hoje ficam parados. Posso te mostrar como funcionaria?"
"Barbearia do indio","Rio Sena","","","5","101","Sem telefone no cadastro","Oi! A loja de vocês em Rio Sena aparece no Google com nota máxima, mas sem telefone nem site pra quem quer chamar — e isso espanta cliente. Um site com link direto pro WhatsApp resolve. Quer que eu te mostre como faria?"
"Art Bella cabeleireiro","Costa Azul","+55 71 98888-2412","https://wa.me/5571988882412","5","93","Prédio empresarial premium + muitas avaliações","Oi! A Art Bella cabeleireiro no Edf. Mares do sul 694, em Costa Azul tem nota máxima e 93 avaliações — quem pesquisa no Google já deveria achar um site de vocês. Um site capta orçamento direto do Google. Topa ver um modelo?"
"Studio Kely Ribeiro","Caminho das Árvores","+55 71 98872-4543","https://wa.me/5571988724543","5","88","Prédio empresarial premium + muitas avaliações","Oi, Studio Kely Ribeiro! Reputação sólida com nota máxima e 88 avaliações, escritório em Caminho das Árvores — falta só uma vitrine digital. Um site à altura desse padrão ajudaria a captar cliente novo direto pelo Google, sem depender só do boca a boca. Posso te mostrar um modelo?"
"STUDIO INSIGHT BARBEARIA","Tancredo Neves","+55 71 99225-1971","https://wa.me/5571992251971","5","83","Muitas avaliações - automação/catálogo","Oi! Tudo certo? 83 avaliações é muita gente atendida — tudo isso com nota máxima. Com esse volume, um site com catálogo e agendamento online tiraria peso do WhatsApp e organizaria melhor o fluxo. Topa dar uma olhada num exemplo?"
"Studio Barber (Fabão)","Castelo Branco","","","5","80","Sem telefone no cadastro","Oi! Vi seu registro no Google. A loja de vocês em Castelo Branco aparece no Google com nota máxima, mas sem telefone nem site pra quem quer chamar — e isso espanta cliente. Um site simples mudaria isso e evita perder espaço pra concorrência. Posso te mostrar um exemplo? É só responder por aqui."
"STUDIO BIG","Cosme de Farias","+55 71 99316-0048","https://wa.me/5571993160048","5","73","Muitas avaliações - automação/catálogo","Oi, STUDIO BIG! Vi que vocês acumulam 73 avaliações em Cosme de Farias com nota máxima — um dos perfis mais fortes que achei na região. Com esse volume, um site com catálogo e agendamento online tiraria peso do WhatsApp e organizaria melhor o fluxo. Topa dar uma olhada num exemplo?"
"Barbearia Jucas","Narandiba","+55 71 99344-5865","https://wa.me/5571993445865","5","65","Muitas avaliações - automação/catálogo","Oi, pessoal da Barbearia Jucas! Vi que vocês acumulam 65 avaliações em Narandiba com nota máxima — um dos perfis mais fortes que achei na região. Com esse volume, um site com catálogo e agendamento online tiraria peso do WhatsApp e organizaria melhor o fluxo. Topa dar uma olhada num exemplo?"
"Nara V Studio","Paripe","","","5","64","Sem telefone no cadastro","Oi, Nara V Studio! Encontrei o perfil de vocês no Google em Paripe com nota máxima — a reputação existe, mas ninguém acha contato nem site. Uma página de uma página só já muda o jogo. Topa ver um modelo?"
"Fredson barber","Pernambués","+55 71 98339-5889","https://wa.me/5571983395889","5","61","Muitas avaliações - automação/catálogo","Oi! Tudo certo? Vi que vocês acumulam 61 avaliações em Pernambués com nota máxima — um dos perfis mais fortes que achei na região. Com esse volume, um site com catálogo e agendamento online tiraria peso do WhatsApp e organizaria melhor o fluxo. Topa dar uma olhada num exemplo?"
"Clube do Lord Barbearia","Candeal","+55 71 98361-4358","https://wa.me/5571983614358","5","60","Muitas avaliações - automação/catálogo","Oi! 60 avaliações com nota máxima não é sorte — é trabalho bem feito. Com esse volume, um site com catálogo e agendamento online tiraria peso do WhatsApp e organizaria melhor o fluxo. Topa dar uma olhada num exemplo?"
"Barbearia Levi Dos Cortes","Itapuã","+55 71 98456-3623","https://wa.me/5571984563623","5","60","Muitas avaliações - automação/catálogo","Oi, Barbearia Levi Dos Cortes! 60 avaliações com nota máxima não é sorte — é trabalho bem feito. Com esse volume, um site com catálogo e agendamento online tiraria peso do WhatsApp e organizaria melhor o fluxo. Topa dar uma olhada num exemplo?"
"Mila's Studio de Beleza e SPA","São Cristóvão","+55 71 98424-6765","https://wa.me/5571984246765","5","57","Muitas avaliações - automação/catálogo","Oi, pessoal da Mila's Studio de Beleza e SPA! 57 avaliações com nota máxima não é sorte — é trabalho bem feito. Com esse volume, um site com catálogo e agendamento online tiraria peso do WhatsApp e organizaria melhor o fluxo. Topa dar uma olhada num exemplo?"
"Barbearia NovoTalento","São Cristóvão","","","5","50","Sem telefone no cadastro","Oi, Barbearia NovoTalento! A loja de vocês em São Cristóvão aparece no Google com nota máxima, mas sem telefone nem site pra quem quer chamar — e isso espanta cliente. Uma página de uma página só já muda o jogo. Topa ver um modelo?"
"Barbearia no Estilus","Castelo Branco","","","5","47","Sem telefone no cadastro","Olá! Vi vocês listados no Google em Castelo Branco com nota máxima, mas praticamente invisíveis pra quem pesquisa: sem site, sem catálogo, sem contato. Um site simples resolve isso rapidinho e evita perder cliente pra concorrência. Consigo te mostrar um exemplo, é só me chamar por aqui."
"Braid Hair","Paripe","+55 71 99182-2543","https://wa.me/5571991822543","5","47","Presença digital básica - concorrência","Oi! Te achei pesquisando lojas na região. Pesquisei vocês em Paripe e a única coisa que achei foi o Google com nota máxima — site e catálogo não existem. Um site simples custa pouco e pesa muito na hora do cliente escolher. Posso te enviar um exemplo?"
"Podium Barbearia","Chame-Chame","+55 71 98394-9285","https://wa.me/5571983949285","5","46","Localização empresarial + boas avaliações","Oi, tudo bem? Vi que vocês ficam no Edf Vitória Center, em Chame-Chame, com nota máxima — ótimo ponto. Quer ver uma demonstração rápida?"
"HÉLDER BEAUTY HAIR","Águas Claras","","","5","44","Sem telefone no cadastro","Oi, tudo bem? A loja de vocês em Águas Claras aparece no Google com nota máxima, mas sem telefone nem site pra quem quer chamar — e isso espanta cliente. Um exemplo simples de página mudaria isso. Posso te enviar?"
"Studio Camila Alves Trancista","São Cristóvão","+55 71 98205-3720","https://wa.me/5571982053720","5","44","Presença digital básica - concorrência","Oi, Studio Camila Alves Trancista! A Studio Camila Alves Trancista em São Cristóvão tem nota máxima, mas sem site, sem catálogo e sem página própria, quem pesquisa nem sabe o que vocês fazem. Posso te mostrar, em dois minutos, como ficaria a página de vocês. Sem compromisso, quer ver?"
"Mayara Ramos Hair","Jardim Armação","+55 71 99156-2063","https://wa.me/5571991562063","5","43","Presença digital básica - concorrência","Olá! Vi a loja de vocês em Jardim Armação com nota máxima no Google, mas quase sem informações pra quem pesquisa. Uma página simples resolveria isso rápido — e custa menos do que vocês imaginam. Topa dar uma olhada num exemplo?"
"Studio Don Barber","São João do Cabrito","+55 71 98528-1440","https://wa.me/5571985281440","5","42","Presença digital básica - concorrência","Oi! Te achei pesquisando lojas na região. Encontrei a loja de vocês em São João do Cabrito no Google, mas o perfil tem pouquíssima informação. Posso montar um modelo gratuito pra vocês verem como ficaria. Interessado?"
"Eder Passos Barbearia","Alphaville I","+55 71 99960-2246","https://wa.me/5571999602246","5","42","Presença digital básica - concorrência","Oi! A loja de vocês em Alphaville I aparece no Google com nota máxima, mas quem clica não encontra site nem catálogo. Um site simples resolve isso rapidinho e evita perder cliente pra concorrência. Posso te mostrar um exemplo?"
"Barbearia RL Cortes","Barris","+55 71 98677-4692","https://wa.me/5571986774692","5","40","Presença digital básica - concorrência","Oi, tudo bem? Encontrei a loja de vocês em Barris — nota máxima no Google, mas o perfil não ajuda quem pesquisa. Enquanto isso, quem pesquisa acaba indo pra concorrência. Um site simples resolve isso. Quer ver uma demonstração?"
"Filipe Senna Hair Extension Studio","Barra","+55 71 98869-4361","https://wa.me/5571988694361","5","39","Presença digital básica - concorrência","Oi, Filipe Senna Hair Extension Studio! Pesquisei vocês em Barra e a única coisa que achei foi o Google com nota máxima — site e catálogo não existem. E acaba fechando com quem aparece melhor. Uma página simples muda esse jogo. Topa ver como ficaria?"
"Taz Barber","São Caetano","+55 71 98402-3551","https://wa.me/5571984023551","5","38","Presença digital básica - concorrência","Olá! O perfil de vocês em São Caetano no Google tem nota máxima, mas não leva ninguém a lugar nenhum — sem site, sem catálogo, sem WhatsApp visível. Um site simples custa pouco e pesa muito na hora do cliente escolher. Posso te enviar um exemplo?"
"SALÃO E COSMÉTICOS EBENEZER","Mussurunga","+55 71 99626-6288","https://wa.me/5571996266288","5","38","Presença digital básica - concorrência","Oi! Te achei pesquisando lojas na região. Vocês aparecem em Mussurunga com nota máxima, mas quem pesquisa só encontra o perfil do Google — e nada além disso. Um site resolveria isso em poucos dias. Quer ver um modelo?"
"Barbearia Seu Geraldo Barber Shop","Pituaçu","+55 71 98771-2809","https://wa.me/5571987712809","5","38","Presença digital básica - concorrência","Oi! A Barbearia Seu Geraldo Barber Shop em Pituaçu tem nota máxima, mas sem site, sem catálogo e sem página própria, quem pesquisa nem sabe o que vocês fazem. Uma página simples conserta isso e ainda ajuda o Google a te achar. Quer ver o que eu faria?"
"capemibeauty","Caminho das Árvores","+55 71 3011-1916","https://wa.me/557130111916","5","38","Presença digital básica - concorrência","Oi, tudo bem? Vi a loja de vocês em Caminho das Árvores com nota máxima no Google, mas quase sem informações pra quem pesquisa. Posso te mostrar, em dois minutos, como ficaria a página de vocês. Sem compromisso, quer ver?"
"Alline Lima Coiffeur","Vista Alegre","+55 71 99902-0083","https://wa.me/5571999020083","5","37","Presença digital básica - concorrência","Oi, Alline Lima Coiffeur! Encontrei a loja de vocês em Vista Alegre no Google, mas o perfil tem pouquíssima informação. Uma página simples resolveria isso rápido — e custa menos do que vocês imaginam. Topa dar uma olhada num exemplo?"
"Edu Valle Barbershop","Lapinha","+55 71 99208-9300","https://wa.me/5571992089300","5","37","Presença digital básica - concorrência","Olá! A loja de vocês em Lapinha aparece no Google com nota máxima, mas quem clica não encontra site nem catálogo. Posso montar um modelo gratuito pra vocês verem como ficaria. Interessado?"
"Gabgrau Barber","Mussurunga II","+55 71 99286-1596","https://wa.me/5571992861596","5","36","Presença digital básica - concorrência","Oi! Te achei pesquisando lojas na região. Encontrei a loja de vocês que trabalha com barbearia em Mussurunga II — nota máxima no Google, mas o perfil não ajuda quem pesquisa. Um site simples resolve isso rapidinho e evita perder cliente pra concorrência. Posso te mostrar um exemplo?"
"Barbearia Mr.Barber - Tororó","Tororó","+55 71 99947-4112","https://wa.me/5571999474112","5","36","Presença digital básica - concorrência","Oi! Pesquisei vocês em Tororó e a única coisa que achei foi o Google com nota máxima — site e catálogo não existem. Enquanto isso, quem pesquisa acaba indo pra concorrência. Um site simples resolve isso. Quer ver uma demonstração?"
"Joaby Barbershop","Imbuí","+55 71 98406-0028","https://wa.me/5571984060028","5","36","Presença digital básica - concorrência","Oi, tudo bem? O perfil de vocês em Imbuí no Google tem nota máxima, mas não leva ninguém a lugar nenhum — sem site, sem catálogo, sem WhatsApp visível. E acaba fechando com quem aparece melhor. Uma página simples muda esse jogo. Topa ver como ficaria?"
"Gleber Brandão Corte Visagista","Pituba","+55 71 99316-1468","https://wa.me/5571993161468","5","36","Presença digital básica - concorrência","Oi, Gleber Brandão Corte Visagista! Vocês aparecem em Pituba com nota máxima, mas quem pesquisa só encontra o perfil do Google — e nada além disso. Um site simples custa pouco e pesa muito na hora do cliente escolher. Posso te enviar um exemplo?"
"Maestro barbearia Horto Florestal","Horto Florestal","+55 71 99115-9195","https://wa.me/5571991159195","5","36","Presença digital básica - concorrência","Olá! A Maestro barbearia Horto Florestal em Horto Florestal tem nota máxima, mas sem site, sem catálogo e sem página própria, quem pesquisa nem sabe o que vocês fazem. Um site resolveria isso em poucos dias. Quer ver um modelo?"
"Barbearia Do Barto","Boca do Rio","","","5","36","Sem telefone no cadastro","Oi! Vi seu registro no Google. Vi o perfil de vocês no Google em Boca do Rio com nota máxima, mas quase sem informação pra quem procura. Um site simples mudaria isso e evita perder espaço pra concorrência. Posso te mostrar um exemplo? É só responder por aqui."
"Sérgio Barbearia","Imbuí","+55 71 98673-8793","https://wa.me/5571986738793","5","34","Presença digital básica - concorrência","Oi! Encontrei a loja de vocês em Imbuí no Google, mas o perfil tem pouquíssima informação. Posso te mostrar, em dois minutos, como ficaria a página de vocês. Sem compromisso, quer ver?"
"Barber Shop - Tetinho Barbearia","Pituaçu","+55 71 98285-6758","https://wa.me/5571982856758","5","33","Presença digital básica - concorrência","Oi, tudo bem? A loja de vocês em Pituaçu aparece no Google com nota máxima, mas quem clica não encontra site nem catálogo. Uma página simples resolveria isso rápido — e custa menos do que vocês imaginam. Topa dar uma olhada num exemplo?"
"Closet Dos Cabelos","Nordeste do Amaralina","+55 71 99249-7769","https://wa.me/5571992497769","5","33","Presença digital básica - concorrência","Oi, Closet Dos Cabelos! Encontrei a loja de vocês que trabalha com salão de beleza em Nordeste do Amaralina — nota máxima no Google, mas o perfil não ajuda quem pesquisa. Posso montar um modelo gratuito pra vocês verem como ficaria. Interessado?"
"Barbearia Snoopy","Uruguai","+55 75 3314-5885","https://wa.me/557533145885","5","33","Presença digital básica - concorrência","Olá! Pesquisei vocês em Uruguai e a única coisa que achei foi o Google com nota máxima — site e catálogo não existem. Um site simples resolve isso rapidinho e evita perder cliente pra concorrência. Posso te mostrar um exemplo?"
"Ismael Barber Studio","Paripe","+55 71 98106-5622","https://wa.me/5571981065622","5","31","Presença digital básica - concorrência","Oi! Te achei pesquisando lojas na região. O perfil de vocês em Paripe no Google tem nota máxima, mas não leva ninguém a lugar nenhum — sem site, sem catálogo, sem WhatsApp visível. Enquanto isso, quem pesquisa acaba indo pra concorrência. Um site simples resolve isso. Quer ver uma demonstração?"
"BARBEARIA NO GRAU","Lobato","","","5","31","Sem telefone no cadastro","Oi, tudo bem? Vi vocês listados no Google em Lobato com nota máxima, mas praticamente invisíveis pra quem pesquisa: sem site, sem catálogo, sem contato. Um exemplo simples de página mudaria isso. Posso te enviar?"
"Barber 86","Alto do Cabrito","+55 71 98604-4924","https://wa.me/5571986044924","5","30","Presença digital básica - concorrência","Oi, tudo bem? A Barber 86 em Alto do Cabrito tem nota máxima, mas sem site, sem catálogo e sem página própria, quem pesquisa nem sabe o que vocês fazem. Um site simples custa pouco e pesa muito na hora do cliente escolher. Posso te enviar um exemplo?"
"Barbearia Lenmes","Vila Canária","+55 71 99921-1439","https://wa.me/5571999211439","5","30","Presença digital básica - concorrência","Oi, Barbearia Lenmes! Vi a loja de vocês em Vila Canária com nota máxima no Google, mas quase sem informações pra quem pesquisa. Um site resolveria isso em poucos dias. Quer ver um modelo?"
"Mickey Barber Shop","Cajazeiras VII","","","5","29","Sem telefone no cadastro","Olá! Encontrei o perfil de vocês no Google em Cajazeiras VII com nota máxima — a reputação existe, mas ninguém acha contato nem site. Um site simples resolve isso rapidinho e evita perder cliente pra concorrência. Consigo te mostrar um exemplo, é só me chamar por aqui."
"Studio Jotapê Barber","Saboeiro","+55 71 99238-5274","https://wa.me/5571992385274","5","29","Presença digital básica - concorrência","Oi! Te achei pesquisando lojas na região. A loja de vocês em Saboeiro aparece no Google com nota máxima, mas quem clica não encontra site nem catálogo. Posso te mostrar, em dois minutos, como ficaria a página de vocês. Sem compromisso, quer ver?"
"Studio Morgana Clay","Cajazeiras","","","5","26","Sem telefone no cadastro","Oi! Vi vocês listados no Google em Cajazeiras com nota máxima, mas praticamente invisíveis pra quem pesquisa: sem site, sem catálogo, sem contato. Um site com link direto pro WhatsApp resolve. Quer que eu te mostre como faria?"
"Bau Barber style","Boca do Rio","+55 71 98218-7757","https://wa.me/5571982187757","5","26","Presença digital básica - concorrência","Oi, tudo bem? Pesquisei vocês em Boca do Rio e a única coisa que achei foi o Google com nota máxima — site e catálogo não existem. Posso montar um modelo gratuito pra vocês verem como ficaria. Interessado?"
"Messi Estilos Barbearia","Cajazeiras","+55 71 99256-5493","https://wa.me/5571992565493","5","24","Presença digital básica - concorrência","Oi, Messi Estilos Barbearia! O perfil de vocês em Cajazeiras no Google tem nota máxima, mas não leva ninguém a lugar nenhum — sem site, sem catálogo, sem WhatsApp visível. Um site simples resolve isso rapidinho e evita perder cliente pra concorrência. Posso te mostrar um exemplo?"
"Barbearia do Régis","Barra","+55 71 98636-1507","https://wa.me/5571986361507","5","24","Presença digital básica - concorrência","Olá! Vocês aparecem em Barra com nota máxima, mas quem pesquisa só encontra o perfil do Google — e nada além disso. Enquanto isso, quem pesquisa acaba indo pra concorrência. Um site simples resolve isso. Quer ver uma demonstração?"
"Salão M.Effe","Imbuí","+55 71 98789-0103","https://wa.me/5571987890103","5","24","Localização em shopping - posicionamento premium","Oi! Salão M.Effe em Imbuí — quem pesquisa vocês antes de ir ao shopping hoje não acha site nenhum. Um site à altura do ponto ajudaria a transformar visita em cliente recorrente. Posso te mandar um exemplo sem compromisso?"
"Malhado Studio de beleza","Mata Escura","+55 71 98740-1698","https://wa.me/5571987401698","5","23","Presença digital básica - concorrência","Oi! Vi a loja de vocês em Mata Escura com nota máxima no Google, mas quase sem informações pra quem pesquisa. Um site simples custa pouco e pesa muito na hora do cliente escolher. Posso te enviar um exemplo?"
"Barbearia o louco dos cortes","Canabrava","+55 71 99267-0815","https://wa.me/5571992670815","5","22","Presença digital básica - concorrência","Oi, tudo bem? Encontrei a loja de vocês em Canabrava no Google, mas o perfil tem pouquíssima informação. Um site resolveria isso em poucos dias. Quer ver um modelo?"
"Barber Neto","Barra","+55 71 98426-3087","https://wa.me/5571984263087","5","22","Presença digital básica - concorrência","Oi, Barber Neto! A loja de vocês em Barra aparece no Google com nota máxima, mas quem clica não encontra site nem catálogo. Uma página simples conserta isso e ainda ajuda o Google a te achar. Quer ver o que eu faria?"
"Alpha Barbearia","Boca do Rio","+55 71 98783-8687","https://wa.me/5571987838687","5","22","Presença digital básica - concorrência","Olá! Encontrei a loja de vocês em Boca do Rio — nota máxima no Google, mas o perfil não ajuda quem pesquisa. Posso te mostrar, em dois minutos, como ficaria a página de vocês. Sem compromisso, quer ver?"
"Molinari barbearia","Horto Florestal","+55 71 98316-5964","https://wa.me/5571983165964","5","21","Presença digital básica - concorrência","Oi! Te achei pesquisando lojas na região. Pesquisei vocês em Horto Florestal e a única coisa que achei foi o Google com nota máxima — site e catálogo não existem. Uma página simples resolveria isso rápido — e custa menos do que vocês imaginam. Topa dar uma olhada num exemplo?"
"BARBEARIA ALFA PRIME","Pirajá","+55 71 99218-3403","https://wa.me/5571992183403","5","20","Presença digital básica - concorrência","Oi! O perfil de vocês em Pirajá no Google tem nota máxima, mas não leva ninguém a lugar nenhum — sem site, sem catálogo, sem WhatsApp visível. Posso montar um modelo gratuito pra vocês verem como ficaria. Interessado?"
"lucas barber shop","São Cristóvão","+55 71 98898-9455","https://wa.me/5571988989455","5","20","Presença digital básica - concorrência","Oi, tudo bem? Vocês aparecem em São Cristóvão com nota máxima, mas quem pesquisa só encontra o perfil do Google — e nada além disso. Um site simples resolve isso rapidinho e evita perder cliente pra concorrência. Posso te mostrar um exemplo?"
"Aberto de domingo ao domingo e feriados Cabelereiro em Salvador","Barra","+55 71 99264-5978","https://wa.me/5571992645978","5","20","Presença digital básica - concorrência","Oi, Aberto de domingo ao domingo e feriados Cabelereiro em Salvador! A Aberto de domingo ao domingo e feriados Cabelereiro em Salvador em Barra tem nota máxima, mas sem site, sem catálogo e sem página própria, quem pesquisa nem sabe o que vocês fazem. Enquanto isso, quem pesquisa acaba indo pra concorrência. Um site simples resolve isso. Quer ver uma demonstração?"
"Mon Barber club prótese capilar","Itapuã","+55 71 98260-0114","https://wa.me/5571982600114","5","20","Presença digital básica - concorrência","Olá! Vi a loja de vocês em Itapuã com nota máxima no Google, mas quase sem informações pra quem pesquisa. E acaba fechando com quem aparece melhor. Uma página simples muda esse jogo. Topa ver como ficaria?"
"Gradação Barber","São Caetano","+55 71 99251-3241","https://wa.me/5571992513241","5","20","Presença digital básica - concorrência","Oi! Te achei pesquisando lojas na região. Encontrei a loja de vocês em São Caetano no Google, mas o perfil tem pouquíssima informação. Um site simples custa pouco e pesa muito na hora do cliente escolher. Posso te enviar um exemplo?"
"Stiep Barbershop","STIEP","+55 71 98200-2576","https://wa.me/5571982002576","5","19","Nota alta + poucas avaliações - credibilidade","Oi! Encontrei o perfil de vocês em STIEP com nota máxima, mas com tão poucas avaliações que a nota acaba não pesando na escolha. E é exatamente aí que um site simples entra: mostra o trabalho e segura quem pesquisa. Posso te mostrar um exemplo?"
"NÉIA STYLLUS STUDIO","Caminho das Árvores","+55 71 99954-5012","https://wa.me/5571999545012","5","19","Nota alta + poucas avaliações - credibilidade","Oi, tudo bem? Vi a nota máxima em Caminho das Árvores no perfil de vocês, mas com tão poucas avaliações que ela ainda nem aparece direito no Google. Com um site, essa nota vira argumento de venda. Quer ver como aplicaria?"
"Studio os mandrakes barber","Itapuã","+55 71 98438-7225","https://wa.me/5571984387225","5","18","Nota alta + poucas avaliações - credibilidade","Oi, Studio os mandrakes barber! O perfil de vocês em Itapuã acumula nota máxima, mas são poucas avaliações pra transformar isso em confiança na busca. Uma página de apresentação simples mudaria isso em poucos dias. Quer ver um exemplo do que eu faria?"
"Studio juscy santos","Vila 2 de Julho","+55 71 99678-5996","https://wa.me/5571996785996","5","18","Nota alta + poucas avaliações - credibilidade","Olá! Como vai? nota máxima em Vila 2 de Julho é um belo cartão de visita — só falta gente pra confirmar isso publicamente no Google. Posso te mandar um modelo de página pensado exatamente pra esse caso? É sem compromisso."
"Barber Style Caminho das Árvores","Caminho das Árvores","+55 71 98730-6878","https://wa.me/5571987306878","5","18","Nota alta + poucas avaliações - credibilidade","Oi! Tava procurando lojas por aqui e encontrei vocês. Vi a loja de vocês aqui em Caminho das Árvores com nota máxima — só que ainda com poucas avaliações, uma pena, porque essa nota merecia aparecer mais. Com essa nota, um site simples vira a prova que falta. Quer ver um exemplo?"
"Barbearia e Studio de Micropigmentação e Despigmentação Andre Design","Plataforma","+55 71 99200-7704","https://wa.me/5571992007704","5","17","Nota alta + poucas avaliações - credibilidade","Oi! Achei o perfil de vocês em Plataforma com nota máxima — parabéns! Uma nota que a maioria das lojas da região não tem. Um site profissional ajuda bastante nisso, reforçando a credibilidade pra quem tá pesquisando. Posso te mostrar como ficaria?"
"Eross Barber","Mata Escura","+55 71 98346-8130","https://wa.me/5571983468130","5","17","Nota alta + poucas avaliações - credibilidade","Oi, tudo bem? A loja de vocês que trabalha com barbearia em Mata Escura tem nota máxima no Google, mas poucas avaliações pra comprovar. Um site profissional puxaria mais gente que pesquisa uma loja confiável na região — a nota de vocês fala por si só. Quer ver um exemplo rápido?"
"Barbearia Outlier","São Cristóvão","+55 71 98358-3812","https://wa.me/5571983583812","5","17","Nota alta + poucas avaliações - credibilidade","Oi, Barbearia Outlier! Vocês têm nota máxima em São Cristóvão, mas quase nenhuma avaliação pra corroborar. Um site profissional transforma essa reputação em cliente novo e mostra o trabalho de vocês. Topa ver um modelo?"
"Barbearia Entre feio e Saia Bonito","São Rafael","+55 71 98695-6069","https://wa.me/5571986956069","5","16","Nota alta + poucas avaliações - credibilidade","Olá! Como vai? O Google mostra a loja de vocês em São Rafael com nota máxima, mas são poucas avaliações — e quem ainda não conhece procura prova antes de chamar. E é exatamente aí que um site simples entra: mostra o trabalho e segura quem pesquisa. Posso te mostrar um exemplo?"
"Studio Beatriz Bento","Cajazeiras XI","+55 71 98174-7106","https://wa.me/5571981747106","5","16","Nota alta + poucas avaliações - credibilidade","Oi! Tava procurando lojas por aqui e encontrei vocês. A nota máxima em Cajazeiras XI não bate com o número de avaliações — merecia aparecer mais pra quem pesquisa. Com um site, essa nota vira argumento de venda. Quer ver como aplicaria?"
"Ruud barber","Graça","+55 71 98152-6870","https://wa.me/5571981526870","5","16","Nota alta + poucas avaliações - credibilidade","Oi! Encontrei o perfil de vocês em Graça com nota máxima, mas com tão poucas avaliações que a nota acaba não pesando na escolha. Uma página de apresentação simples mudaria isso em poucos dias. Quer ver um exemplo do que eu faria?"
"Luan barbearia","Jardim Armação","","","5","16","Sem telefone no cadastro","Oi, tudo bem? Encontrei o perfil de vocês no Google em Jardim Armação com nota máxima — a reputação existe, mas ninguém acha contato nem site. Um exemplo simples de página mudaria isso. Posso te enviar?"
"Barbearia do Nen","São Rafael","+55 71 98814-4944","https://wa.me/5571988144944","5","15","Nota alta + poucas avaliações - credibilidade","Oi, Barbearia do Nen! O perfil de vocês em São Rafael acumula nota máxima, mas são poucas avaliações pra transformar isso em confiança na busca. Com essa nota, um site simples vira a prova que falta. Quer ver um exemplo?"
"Barbeiro perto de min","Barra","+55 71 99289-1616","https://wa.me/5571992891616","5","15","Nota alta + poucas avaliações - credibilidade","Olá! Como vai? nota máxima em Barra é um belo cartão de visita — só falta gente pra confirmar isso publicamente no Google. Um site profissional ajuda bastante nisso, reforçando a credibilidade pra quem tá pesquisando. Posso te mostrar como ficaria?"
"Barber shop do Nando","Mussurunga","+55 71 98805-9786","https://wa.me/5571988059786","5","14","Nota alta + poucas avaliações - credibilidade","Oi! Tava procurando lojas por aqui e encontrei vocês. Vi a loja de vocês aqui em Mussurunga com nota máxima — só que ainda com poucas avaliações, uma pena, porque essa nota merecia aparecer mais. Um site profissional puxaria mais gente que pesquisa uma loja confiável na região — a nota de vocês fala por si só. Quer ver um exemplo rápido?"
"Das Unhas Beleza e Estética","Stella Maris","+55 71 99999-9350","https://wa.me/5571999999350","5","14","Nota alta + poucas avaliações - credibilidade","Oi! Achei o perfil de vocês em Stella Maris com nota máxima — parabéns! Uma nota que a maioria das lojas da região não tem. Um site profissional transforma essa reputação em cliente novo e mostra o trabalho de vocês. Topa ver um modelo?"
"Barbearia Xalon Adonai","Capelinha","+55 71 98796-9465","https://wa.me/5571987969465","5","13","Nota alta + poucas avaliações - credibilidade","Oi, tudo bem? A loja de vocês em Capelinha tem nota máxima no Google, mas poucas avaliações pra comprovar. E é exatamente aí que um site simples entra: mostra o trabalho e segura quem pesquisa. Posso te mostrar um exemplo?"
"Nan Barbearia","Canabrava","+55 71 98791-3180","https://wa.me/5571987913180","5","13","Nota alta + poucas avaliações - credibilidade","Oi, Nan Barbearia! Vocês têm nota máxima em Canabrava, mas quase nenhuma avaliação pra corroborar. Com um site, essa nota vira argumento de venda. Quer ver como aplicaria?"
"Salão de beleza Negra braids ofc","Canabrava","+55 71 99371-9693","https://wa.me/5571993719693","5","13","Nota alta + poucas avaliações - credibilidade","Olá! Como vai? O Google mostra a loja de vocês em Canabrava com nota máxima, mas são poucas avaliações — e quem ainda não conhece procura prova antes de chamar. Uma página de apresentação simples mudaria isso em poucos dias. Quer ver um exemplo do que eu faria?"
"Ateliê Afro Hair Tranças","da Cunha","+55 71 98439-9278","https://wa.me/5571984399278","5","13","Nota alta + poucas avaliações - credibilidade","Oi! Tava procurando lojas por aqui e encontrei vocês. A nota máxima em da Cunha não bate com o número de avaliações — merecia aparecer mais pra quem pesquisa. Posso te mandar um modelo de página pensado exatamente pra esse caso? É sem compromisso."
"André Luís Coiffeur","Pituba","+55 71 3235-5636","https://wa.me/557132355636","5","13","Nota alta + poucas avaliações - credibilidade","Oi! Encontrei o perfil de vocês em Pituba com nota máxima, mas com tão poucas avaliações que a nota acaba não pesando na escolha. Com essa nota, um site simples vira a prova que falta. Quer ver um exemplo?"
"Barbearia 756","Plataforma","+55 71 99185-9686","https://wa.me/5571991859686","5","12","Nota alta + poucas avaliações - credibilidade","Oi, tudo bem? Vi a nota máxima em Plataforma no perfil de vocês, mas com tão poucas avaliações que ela ainda nem aparece direito no Google. Um site profissional ajuda bastante nisso, reforçando a credibilidade pra quem tá pesquisando. Posso te mostrar como ficaria?"
"Baber Shop Club Da Navalha","Fazenda Coutos","+55 71 98707-1450","https://wa.me/5571987071450","5","12","Nota alta + poucas avaliações - credibilidade","Oi, Baber Shop Club Da Navalha! O perfil de vocês em Fazenda Coutos acumula nota máxima, mas são poucas avaliações pra transformar isso em confiança na busca. Um site profissional puxaria mais gente que pesquisa uma loja confiável na região — a nota de vocês fala por si só. Quer ver um exemplo rápido?"
"Barbearia Erlanney","Barra","+55 71 98162-9564","https://wa.me/5571981629564","5","12","Nota alta + poucas avaliações - credibilidade","Olá! Como vai? nota máxima em Barra é um belo cartão de visita — só falta gente pra confirmar isso publicamente no Google. Um site profissional transforma essa reputação em cliente novo e mostra o trabalho de vocês. Topa ver um modelo?"
"Jk Cortes","São Gonçalo","+55 71 99173-4903","https://wa.me/5571991734903","5","12","Nota alta + poucas avaliações - credibilidade","Oi! Tava procurando lojas por aqui e encontrei vocês. Vi a loja de vocês aqui em São Gonçalo com nota máxima — só que ainda com poucas avaliações, uma pena, porque essa nota merecia aparecer mais. E é exatamente aí que um site simples entra: mostra o trabalho e segura quem pesquisa. Posso te mostrar um exemplo?"
"Barbearia aliança","Boca do Rio","+55 71 99121-1270","https://wa.me/5571991211270","5","12","Nota alta + poucas avaliações - credibilidade","Oi! Achei o perfil de vocês em Boca do Rio com nota máxima — parabéns! Uma nota que a maioria das lojas da região não tem. Com um site, essa nota vira argumento de venda. Quer ver como aplicaria?"
"Bolpsix Barber Shop","Mussurunga","+55 71 99247-2525","https://wa.me/5571992472525","5","11","Nota alta + poucas avaliações - credibilidade","Oi, tudo bem? A loja de vocês que trabalha com barbearia em Mussurunga tem nota máxima no Google, mas poucas avaliações pra comprovar. Uma página de apresentação simples mudaria isso em poucos dias. Quer ver um exemplo do que eu faria?"
"Preciosas Studio de beleza","Mussurunga","+55 71 98726-1950","https://wa.me/5571987261950","5","11","Nota alta + poucas avaliações - credibilidade","Oi, Preciosas Studio de beleza! Vocês têm nota máxima em Mussurunga, mas quase nenhuma avaliação pra corroborar. Posso te mandar um modelo de página pensado exatamente pra esse caso? É sem compromisso."
"Franklin Barber Show","Pernambués","+55 71 98705-7812","https://wa.me/5571987057812","5","11","Nota alta + poucas avaliações - credibilidade","Olá! Como vai? O Google mostra a loja de vocês em Pernambués com nota máxima, mas são poucas avaliações — e quem ainda não conhece procura prova antes de chamar. Com essa nota, um site simples vira a prova que falta. Quer ver um exemplo?"
"Beto Bomfim Hairdresser","Pituba","+55 71 99956-9000","https://wa.me/5571999569000","5","11","Nota alta + poucas avaliações - credibilidade","Oi! Tava procurando lojas por aqui e encontrei vocês. A nota máxima em Pituba não bate com o número de avaliações — merecia aparecer mais pra quem pesquisa. Um site profissional ajuda bastante nisso, reforçando a credibilidade pra quem tá pesquisando. Posso te mostrar como ficaria?"
"Lapegadah Cab","Sussuarana","","","5","11","Sem telefone no cadastro","Oi! Vi o perfil de vocês no Google em Sussuarana com nota máxima, mas quase sem informação pra quem procura. Um site com link direto pro WhatsApp resolve. Quer que eu te mostre como faria?"
"NETOS BARBER","Paripe","+55 71 98553-8266","https://wa.me/5571985538266","5","10","Nota alta + poucas avaliações - credibilidade","Oi, tudo bem? Vi a nota máxima em Paripe no perfil de vocês, mas com tão poucas avaliações que ela ainda nem aparece direito no Google. Um site profissional transforma essa reputação em cliente novo e mostra o trabalho de vocês. Topa ver um modelo?"
"ML ESMALTERIA","Marechal Rondon","+55 71 98837-6439","https://wa.me/5571988376439","5","10","Nota alta + poucas avaliações - credibilidade","Oi, ML ESMALTERIA! O perfil de vocês em Marechal Rondon acumula nota máxima, mas são poucas avaliações pra transformar isso em confiança na busca. E é exatamente aí que um site simples entra: mostra o trabalho e segura quem pesquisa. Posso te mostrar um exemplo?"
"Tony Zaga hair studio","Itaigara","","","5","10","Sem telefone no cadastro","Oi! Encontrei o perfil de vocês no Google em Itaigara com nota máxima — a reputação existe, mas ninguém acha contato nem site. Um site com link direto pro WhatsApp resolve. Quer que eu te mostre como faria?"
"Barbearia (Luiz / Zé / Aécio)","Itapuã","+55 71 98640-9681","https://wa.me/5571986409681","5","10","Nota alta + poucas avaliações - credibilidade","Oi! Tava procurando lojas por aqui e encontrei vocês. Vi a loja de vocês aqui em Itapuã com nota máxima — só que ainda com poucas avaliações, uma pena, porque essa nota merecia aparecer mais. Uma página de apresentação simples mudaria isso em poucos dias. Quer ver um exemplo do que eu faria?"
"Barbearia M Barber","Lobato","+55 71 99312-9499","https://wa.me/5571993129499","5","10","Nota alta + poucas avaliações - credibilidade","Oi! Achei o perfil de vocês em Lobato com nota máxima — parabéns! Uma nota que a maioria das lojas da região não tem. Posso te mandar um modelo de página pensado exatamente pra esse caso? É sem compromisso."
"PAULO BARBEARIA","Santo Agostinho","+55 71 98791-9778","https://wa.me/5571987919778","5","9","Nota alta + poucas avaliações - credibilidade","Oi, tudo bem? A loja de vocês em Santo Agostinho tem nota máxima no Google, mas poucas avaliações pra comprovar. Com essa nota, um site simples vira a prova que falta. Quer ver um exemplo?"
"Brunnu’s Barber","Vila Ruy Barbosa","+55 71 99966-3109","https://wa.me/5571999663109","5","9","Nota alta + poucas avaliações - credibilidade","Oi, Brunnu’s Barber! Vocês têm nota máxima em Vila Ruy Barbosa, mas quase nenhuma avaliação pra corroborar. Um site profissional ajuda bastante nisso, reforçando a credibilidade pra quem tá pesquisando. Posso te mostrar como ficaria?"
"Ulisses Barber","Cajazeiras","+55 71 98774-7047","https://wa.me/5571987747047","5","8","Nota alta + poucas avaliações - credibilidade","Olá! Como vai? O Google mostra a loja de vocês em Cajazeiras com nota máxima, mas são poucas avaliações — e quem ainda não conhece procura prova antes de chamar. Um site profissional puxaria mais gente que pesquisa uma loja confiável na região — a nota de vocês fala por si só. Quer ver um exemplo rápido?"
"Primatas Barber Club","Pituba","+55 71 99142-3351","https://wa.me/5571991423351","5","8","Nota alta + poucas avaliações - credibilidade","Oi! Tava procurando lojas por aqui e encontrei vocês. A nota máxima em Pituba não bate com o número de avaliações — merecia aparecer mais pra quem pesquisa. Um site profissional transforma essa reputação em cliente novo e mostra o trabalho de vocês. Topa ver um modelo?"
"Espaço de beleza cary Beauty","São Gonçalo","","","5","8","Sem telefone no cadastro","Oi, Espaço de beleza cary Beauty! Vi o perfil de vocês no Google em São Gonçalo com nota máxima, mas quase sem informação pra quem procura. Uma página de uma página só já muda o jogo. Topa ver um modelo?"
"Jonas Barbearia","Castelo Branco","","","5","8","Sem telefone no cadastro","Oi, Jonas Barbearia! Encontrei o perfil de vocês no Google em Castelo Branco com nota máxima — a reputação existe, mas ninguém acha contato nem site. Um site simples resolve isso rapidinho e evita perder cliente pra concorrência. Consigo te mostrar um exemplo, é só me chamar por aqui."
"Barbearia Iury Cortes","São Caetano","+55 71 99704-7577","https://wa.me/5571997047577","5","8","Nota alta + poucas avaliações - credibilidade","Oi, tudo bem? Vi a nota máxima em São Caetano no perfil de vocês, mas com tão poucas avaliações que ela ainda nem aparece direito no Google. Posso te mandar um modelo de página pensado exatamente pra esse caso? É sem compromisso."
"Bertolldo Barber","Castelo Branco","+55 71 98763-3335","https://wa.me/5571987633335","5","7","Nota alta + poucas avaliações - credibilidade","Oi! Tava procurando lojas por aqui e encontrei vocês. Achei o perfil de vocês em Castelo Branco com nota máxima — parabéns! Uma nota que a maioria das lojas da região não tem. Um site profissional transforma essa reputação em cliente novo e mostra o trabalho de vocês. Topa ver um modelo?"
"Barbershop Styllo Socyete( Barbearia)","Paripe","+55 71 99270-4613","https://wa.me/5571992704613","5","7","Nota alta + poucas avaliações - credibilidade","Oi! A loja de vocês em Paripe tem nota máxima no Google, mas poucas avaliações pra comprovar. Um site profissional transforma essa reputação em cliente novo e mostra o trabalho de vocês. Topa ver um modelo?"
"Salão de Beleza da Vera","São Caetano","+55 71 98739-0813","https://wa.me/5571987390813","5","7","Nota alta + poucas avaliações - credibilidade","Oi, tudo bem? A loja de vocês em São Caetano tem nota máxima no Google, mas poucas avaliações pra comprovar. Um site profissional transforma essa reputação em cliente novo e mostra o trabalho de vocês. Topa ver um modelo?"
"STUDIO CHEIA DE CHARME","São Cristóvão","+55 71 98388-5527","https://wa.me/5571983885527","5","7","Nota alta + poucas avaliações - credibilidade","Oi, STUDIO CHEIA DE CHARME! A loja de vocês que trabalha com salão de beleza em São Cristóvão tem nota máxima no Google, mas poucas avaliações pra comprovar. Um site profissional transforma essa reputação em cliente novo e mostra o trabalho de vocês. Topa ver um modelo?"
"Seu Barbex 2.0","centro histórico","","","5","7","Sem telefone no cadastro","Olá! A loja de vocês em centro histórico aparece no Google com nota máxima, mas sem telefone nem site pra quem quer chamar — e isso espanta cliente. Um site simples resolve isso rapidinho e evita perder cliente pra concorrência. Consigo te mostrar um exemplo, é só me chamar por aqui."
"Studio A Barbershop","Areia Branca","+55 71 99404-5424","https://wa.me/5571994045424","5","6","Nota alta + poucas avaliações - credibilidade","Oi! Tava procurando lojas por aqui e encontrei vocês. A loja de vocês que trabalha com barbearia em Areia Branca tem nota máxima no Google, mas poucas avaliações pra comprovar. Um site profissional transforma essa reputação em cliente novo e mostra o trabalho de vocês. Topa ver um modelo?"
"Salão Kairós & Reobote","Mussurunga","+55 71 99168-3451","https://wa.me/5571991683451","5","6","Nota alta + poucas avaliações - credibilidade","Oi! Vocês têm nota máxima em Mussurunga, mas quase nenhuma avaliação pra corroborar. Um site profissional transforma essa reputação em cliente novo e mostra o trabalho de vocês. Topa ver um modelo?"
"Club 96 Studio","Mata Escura","+55 71 99921-4057","https://wa.me/5571999214057","5","6","Nota alta + poucas avaliações - credibilidade","Oi, tudo bem? Vocês têm nota máxima em Mata Escura, mas quase nenhuma avaliação pra corroborar. Um site profissional transforma essa reputação em cliente novo e mostra o trabalho de vocês. Topa ver um modelo?"
"Barbearia O Rei dos Cortes","Jardim Nova Esperança","+55 71 98231-7782","https://wa.me/5571982317782","5","6","Nota alta + poucas avaliações - credibilidade","Oi, tudo bem? O perfil de vocês em Jardim Nova Esperança acumula nota máxima, mas são poucas avaliações pra transformar isso em confiança na busca. E é exatamente aí que um site simples entra: mostra o trabalho e segura quem pesquisa. Posso te mostrar um exemplo?"
"Barbearia top cortes","São Marcos","+55 71 99320-1367","https://wa.me/5571993201367","5","6","Nota alta + poucas avaliações - credibilidade","Olá! Como vai? Vocês têm nota máxima em São Marcos, mas quase nenhuma avaliação pra corroborar. Um site profissional transforma essa reputação em cliente novo e mostra o trabalho de vocês. Topa ver um modelo?"
"Salão da dedé fashion","Chame-Chame","+55 71 3332-5128","https://wa.me/557133325128","5","6","Nota alta + poucas avaliações - credibilidade","Oi! Tava procurando lojas por aqui e encontrei vocês. Vocês têm nota máxima em Chame-Chame, mas quase nenhuma avaliação pra corroborar. Um site profissional transforma essa reputação em cliente novo e mostra o trabalho de vocês. Topa ver um modelo?"
"Domari Barber Club","STIEP","+55 71 98115-1004","https://wa.me/5571981151004","5","6","Nota alta + poucas avaliações - credibilidade","Oi! O Google mostra a loja de vocês em STIEP com nota máxima, mas são poucas avaliações — e quem ainda não conhece procura prova antes de chamar. Um site profissional transforma essa reputação em cliente novo e mostra o trabalho de vocês. Topa ver um modelo?"
"CHEIA DE GRAÇA ATELIER DA BELEZA","Piatã","+55 71 98200-5582","https://wa.me/5571982005582","5","6","Nota alta + poucas avaliações - credibilidade","Oi, tudo bem? O Google mostra a loja de vocês em Piatã com nota máxima, mas são poucas avaliações — e quem ainda não conhece procura prova antes de chamar. Um site profissional transforma essa reputação em cliente novo e mostra o trabalho de vocês. Topa ver um modelo?"
"Junior Barbeiro","Pernambués","+55 21 98087-8876","https://wa.me/5521980878876","5","6","Nota alta + poucas avaliações - credibilidade","Oi, Junior Barbeiro! O Google mostra a loja de vocês em Pernambués com nota máxima, mas são poucas avaliações — e quem ainda não conhece procura prova antes de chamar. Um site profissional transforma essa reputação em cliente novo e mostra o trabalho de vocês. Topa ver um modelo?"
"NOVO VISUAL BARBER","Boca do Rio","+55 71 99652-2430","https://wa.me/5571996522430","5","6","Nota alta + poucas avaliações - credibilidade","Olá! Como vai? O Google mostra a loja de vocês em Boca do Rio com nota máxima, mas são poucas avaliações — e quem ainda não conhece procura prova antes de chamar. Um site profissional transforma essa reputação em cliente novo e mostra o trabalho de vocês. Topa ver um modelo?"
"Da Hora Barber","São Rafael","+55 71 99674-0092","https://wa.me/5571996740092","5","5","Nota alta + poucas avaliações - credibilidade","Oi! Tava procurando lojas por aqui e encontrei vocês. O Google mostra a loja de vocês em São Rafael com nota máxima, mas são poucas avaliações — e quem ainda não conhece procura prova antes de chamar. Um site profissional transforma essa reputação em cliente novo e mostra o trabalho de vocês. Topa ver um modelo?"
"CLÍNICA BARBER","Paripe","+55 71 99218-4089","https://wa.me/5571992184089","5","5","Nota alta + poucas avaliações - credibilidade","Oi! A nota máxima em Paripe não bate com o número de avaliações — merecia aparecer mais pra quem pesquisa. Um site profissional transforma essa reputação em cliente novo e mostra o trabalho de vocês. Topa ver um modelo?"
"Jardim barber shop","Jardim das Margaridas","+55 71 99185-1132","https://wa.me/5571991851132","5","5","Nota alta + poucas avaliações - credibilidade","Oi, tudo bem? A nota máxima em Jardim das Margaridas não bate com o número de avaliações — merecia aparecer mais pra quem pesquisa. Um site profissional transforma essa reputação em cliente novo e mostra o trabalho de vocês. Topa ver um modelo?"
"Barbearia Boas Novas","Fazenda Grande I","+55 71 98317-1057","https://wa.me/5571983171057","5","5","Nota alta + poucas avaliações - credibilidade","Oi! Encontrei o perfil de vocês em Fazenda Grande I com nota máxima, mas com tão poucas avaliações que a nota acaba não pesando na escolha. Um site profissional puxaria mais gente que pesquisa uma loja confiável na região — a nota de vocês fala por si só. Quer ver um exemplo rápido?"
"Amendoim BarberShop","Fazenda Grande II","","","5","5","Sem telefone no cadastro","Oi, tudo bem? Vi o perfil de vocês no Google em Fazenda Grande II com nota máxima, mas quase sem informação pra quem procura. Um exemplo simples de página mudaria isso. Posso te enviar?"
"Gil Costa - Radar da Belezza","Bairro da Paz","","","5","5","Sem telefone no cadastro","Oi! Vi seu registro no Google. Encontrei o perfil de vocês no Google em Bairro da Paz com nota máxima — a reputação existe, mas ninguém acha contato nem site. Um site simples mudaria isso e evita perder espaço pra concorrência. Posso te mostrar um exemplo? É só responder por aqui."
"Studio Kr","Castelo Branco","+55 71 98872-1500","https://wa.me/5571988721500","5","5","Nota alta + poucas avaliações - credibilidade","Olá! Como vai? nota máxima em Castelo Branco é um belo cartão de visita — só falta gente pra confirmar isso publicamente no Google. Com um site, essa nota vira argumento de venda. Quer ver como aplicaria?"
"Salão de Beleza Ben-Ami","Barra","","","5","5","Sem telefone no cadastro","Oi! Vi seu registro no Google. Vi vocês listados no Google em Barra com nota máxima, mas praticamente invisíveis pra quem pesquisa: sem site, sem catálogo, sem contato. Um site simples mudaria isso e evita perder espaço pra concorrência. Posso te mostrar um exemplo? É só responder por aqui."
"Maison 56","Barra","+55 71 2137-1932","https://wa.me/557121371932","5","5","Nota alta + poucas avaliações - credibilidade","Oi, Maison 56! Encontrei o perfil de vocês em Barra com nota máxima, mas com tão poucas avaliações que a nota acaba não pesando na escolha. Um site profissional transforma essa reputação em cliente novo e mostra o trabalho de vocês. Topa ver um modelo?"
"Studio Margarete Cabeleireira","Barra","+55 71 99900-1252","https://wa.me/5571999001252","5","5","Nota alta + poucas avaliações - credibilidade","Olá! Como vai? Encontrei o perfil de vocês em Barra com nota máxima, mas com tão poucas avaliações que a nota acaba não pesando na escolha. Um site profissional transforma essa reputação em cliente novo e mostra o trabalho de vocês. Topa ver um modelo?"
"HAIR STUDIO ROGER PATRÍCIO","Patamares","+55 71 98745-7980","https://wa.me/5571987457980","5","5","Nota alta + poucas avaliações - credibilidade","Oi! Tava procurando lojas por aqui e encontrei vocês. Encontrei o perfil de vocês em Patamares com nota máxima, mas com tão poucas avaliações que a nota acaba não pesando na escolha. Um site profissional transforma essa reputação em cliente novo e mostra o trabalho de vocês. Topa ver um modelo?"
"Hidratus","Pituba","+55 71 3248-3412","https://wa.me/557132483412","5","5","Nota alta + poucas avaliações - credibilidade","Oi! Vi a nota máxima em Pituba no perfil de vocês, mas com tão poucas avaliações que ela ainda nem aparece direito no Google. Um site profissional transforma essa reputação em cliente novo e mostra o trabalho de vocês. Topa ver um modelo?"
"Vivi Lima Studio de Beleza","Jardim Santa Teresa","+55 71 99138-2461","https://wa.me/5571991382461","5","5","Nota alta + poucas avaliações - credibilidade","Oi! A loja de vocês que trabalha com salão de beleza em Jardim Santa Teresa tem nota máxima no Google, mas poucas avaliações pra comprovar. Com um site, essa nota vira argumento de venda. Quer ver como aplicaria?"
"Studio Barbearia Cris Paulo","Ribeira","+55 71 98719-8022","https://wa.me/5571987198022","5","5","Nota alta + poucas avaliações - credibilidade","Oi, Studio Barbearia Cris Paulo! Vi a nota máxima em Ribeira no perfil de vocês, mas com tão poucas avaliações que ela ainda nem aparece direito no Google. Um site profissional transforma essa reputação em cliente novo e mostra o trabalho de vocês. Topa ver um modelo?"
"#BARBERSHOPJOSUE","Valéria","","","5","5","Sem telefone no cadastro","Olá! Vi vocês listados no Google em Valéria com nota máxima, mas praticamente invisíveis pra quem pesquisa: sem site, sem catálogo, sem contato. Um site simples mudaria isso e evita perder espaço pra concorrência. Posso te mostrar um exemplo? É só responder por aqui."
"Barbershop Cruz Cortes","São Caetano","+55 71 99695-5538","https://wa.me/5571996955538","5","4","Nota alta + poucas avaliações - credibilidade","Oi! Tava procurando lojas por aqui e encontrei vocês. Vi a nota máxima em São Caetano no perfil de vocês, mas com tão poucas avaliações que ela ainda nem aparece direito no Google. Um site profissional transforma essa reputação em cliente novo e mostra o trabalho de vocês. Topa ver um modelo?"
"Barber coelho","Novo Marotinho","+55 71 98517-2890","https://wa.me/5571985172890","5","4","Nota alta + poucas avaliações - credibilidade","Oi! O perfil de vocês em Novo Marotinho acumula nota máxima, mas são poucas avaliações pra transformar isso em confiança na busca. Um site profissional transforma essa reputação em cliente novo e mostra o trabalho de vocês. Topa ver um modelo?"
"Adriano Barbershop","Lobato","","","5","4","Sem telefone no cadastro","Oi, Adriano Barbershop! Vi vocês listados no Google em Lobato com nota máxima, mas praticamente invisíveis pra quem pesquisa: sem site, sem catálogo, sem contato. Uma página de uma página só já muda o jogo. Topa ver um modelo?"
"Taniana Cabeleireira","Cajazeiras","+55 71 98843-6056","https://wa.me/5571988436056","5","4","Nota alta + poucas avaliações - credibilidade","Oi, Taniana Cabeleireira! O perfil de vocês em Cajazeiras acumula nota máxima, mas são poucas avaliações pra transformar isso em confiança na busca. Um site profissional transforma essa reputação em cliente novo e mostra o trabalho de vocês. Topa ver um modelo?"
"Studio Rick Barber","Jardim Nova Esperança","+55 71 99290-5057","https://wa.me/5571992905057","5","4","Nota alta + poucas avaliações - credibilidade","Olá! Como vai? O perfil de vocês em Jardim Nova Esperança acumula nota máxima, mas são poucas avaliações pra transformar isso em confiança na busca. Um site profissional transforma essa reputação em cliente novo e mostra o trabalho de vocês. Topa ver um modelo?"
"Gilvan Santanna Hair Stylist","Mussurunga","","","5","4","Sem telefone no cadastro","Olá! Vi o perfil de vocês no Google em Mussurunga com nota máxima, mas quase sem informação pra quem procura. Um site simples resolve isso rapidinho e evita perder cliente pra concorrência. Consigo te mostrar um exemplo, é só me chamar por aqui."
"Estúdio F","Castelo Branco","+55 71 99126-2561","https://wa.me/5571991262561","5","4","Nota alta + poucas avaliações - credibilidade","Oi! nota máxima em Castelo Branco é um belo cartão de visita — só falta gente pra confirmar isso publicamente no Google. Um site profissional transforma essa reputação em cliente novo e mostra o trabalho de vocês. Topa ver um modelo?"
"Demira Salão de Beleza","Vitória","+55 71 99953-3391","https://wa.me/5571999533391","5","4","Nota alta + poucas avaliações - credibilidade","Oi, tudo bem? nota máxima em Vitória é um belo cartão de visita — só falta gente pra confirmar isso publicamente no Google. Um site profissional transforma essa reputação em cliente novo e mostra o trabalho de vocês. Topa ver um modelo?"
"Alê cabeleireiros","Graça","+55 71 99101-8033","https://wa.me/5571991018033","5","4","Nota alta + poucas avaliações - credibilidade","Oi, Alê cabeleireiros! nota máxima em Graça é um belo cartão de visita — só falta gente pra confirmar isso publicamente no Google. Um site profissional transforma essa reputação em cliente novo e mostra o trabalho de vocês. Topa ver um modelo?"
"RTB Ladies","Piatã","+55 71 98340-2655","https://wa.me/5571983402655","5","4","Nota alta + poucas avaliações - credibilidade","Oi! Vi a nota máxima em Piatã no perfil de vocês, mas com tão poucas avaliações que ela ainda nem aparece direito no Google. E é exatamente aí que um site simples entra: mostra o trabalho e segura quem pesquisa. Posso te mostrar um exemplo?"
"Rtb barbearia","Boca do Rio","+55 71 99155-9535","https://wa.me/5571991559535","5","4","Nota alta + poucas avaliações - credibilidade","Oi! Tava procurando lojas por aqui e encontrei vocês. nota máxima em Boca do Rio é um belo cartão de visita — só falta gente pra confirmar isso publicamente no Google. Um site profissional transforma essa reputação em cliente novo e mostra o trabalho de vocês. Topa ver um modelo?"
"Di Albuquerque","Pituba","+55 71 98601-9773","https://wa.me/5571986019773","5","4","Nota alta + poucas avaliações - credibilidade","Oi! Vi a loja de vocês aqui em Pituba com nota máxima — só que ainda com poucas avaliações, uma pena, porque essa nota merecia aparecer mais. E é exatamente aí que um site simples entra: mostra o trabalho e segura quem pesquisa. Posso te mostrar um exemplo?"
"Mai_barb_navalha","Barreiras","","","5","4","Sem telefone no cadastro","Oi, tudo bem? A loja de vocês em Barreiras aparece no Google com nota máxima, mas sem telefone nem site pra quem quer chamar — e isso espanta cliente. Um site com link direto pro WhatsApp resolve. Quer que eu te mostre como faria?"
"Barbearia da Benção","Garcia","+55 71 98693-8094","https://wa.me/5571986938094","5","4","Nota alta + poucas avaliações - credibilidade","Oi, Barbearia da Benção! Vi a loja de vocês aqui em Garcia com nota máxima — só que ainda com poucas avaliações, uma pena, porque essa nota merecia aparecer mais. E é exatamente aí que um site simples entra: mostra o trabalho e segura quem pesquisa. Posso te mostrar um exemplo?"
"Studio Rafael Barber","Bonfim","+55 71 99269-5212","https://wa.me/5571992695212","5","4","Nota alta + poucas avaliações - credibilidade","Olá! Como vai? Vi a loja de vocês aqui em Bonfim com nota máxima — só que ainda com poucas avaliações, uma pena, porque essa nota merecia aparecer mais. E é exatamente aí que um site simples entra: mostra o trabalho e segura quem pesquisa. Posso te mostrar um exemplo?"
"Junior barber","Nova Sussuarana","+55 71 99291-1899","https://wa.me/5571992911899","5","3","Nota alta + poucas avaliações - credibilidade","Olá! Como vai? A nota máxima em Nova Sussuarana não bate com o número de avaliações — merecia aparecer mais pra quem pesquisa. Com um site, essa nota vira argumento de venda. Quer ver como aplicaria?"
"Pedro Riccardo Barbershop","Marechal Rondon","+55 71 98130-8931","https://wa.me/5571981308931","5","3","Nota alta + poucas avaliações - credibilidade","Oi! Achei o perfil de vocês em Marechal Rondon com nota máxima — parabéns! Uma nota que a maioria das lojas da região não tem. E é exatamente aí que um site simples entra: mostra o trabalho e segura quem pesquisa. Posso te mostrar um exemplo?"
"ELIAS BARBER SHOP","Pau da Lima","","","5","3","Sem telefone no cadastro","Oi, tudo bem? Vi vocês listados no Google em Pau da Lima com nota máxima, mas praticamente invisíveis pra quem pesquisa: sem site, sem catálogo, sem contato. Um site com link direto pro WhatsApp resolve. Quer que eu te mostre como faria?"
"Studio A Salão e Cosméticos","Jardim Nova Esperança","+55 71 98727-9004","https://wa.me/5571987279004","5","3","Nota alta + poucas avaliações - credibilidade","Oi, Studio A Salão e Cosméticos! Achei o perfil de vocês em Jardim Nova Esperança com nota máxima — parabéns! Uma nota que a maioria das lojas da região não tem. E é exatamente aí que um site simples entra: mostra o trabalho e segura quem pesquisa. Posso te mostrar um exemplo?"
"Cardy Hair","Nova Brasília","+55 71 99916-4222","https://wa.me/5571999164222","5","3","Nota alta + poucas avaliações - credibilidade","Olá! Como vai? Achei o perfil de vocês em Nova Brasília com nota máxima — parabéns! Uma nota que a maioria das lojas da região não tem. E é exatamente aí que um site simples entra: mostra o trabalho e segura quem pesquisa. Posso te mostrar um exemplo?"
"Studio Santana","Boa Vista de São Caetano","","","5","3","Sem telefone no cadastro","Oi! Vi seu registro no Google. Vi vocês listados no Google em Boa Vista de São Caetano com nota máxima, mas praticamente invisíveis pra quem pesquisa: sem site, sem catálogo, sem contato. Um site com link direto pro WhatsApp resolve. Quer que eu te mostre como faria?"
"Tatiane Rodrigues Studio de Beleza","Cajazeiras V","+55 71 99268-3473","https://wa.me/5571992683473","5","3","Nota alta + poucas avaliações - credibilidade","Oi! A loja de vocês que trabalha com cabeleireiro em Cajazeiras V tem nota máxima no Google, mas poucas avaliações pra comprovar. E é exatamente aí que um site simples entra: mostra o trabalho e segura quem pesquisa. Posso te mostrar um exemplo?"
"Hebe Afro Hair","Itapuã","+55 71 98344-4051","https://wa.me/5571983444051","5","3","Nota alta + poucas avaliações - credibilidade","Olá! Como vai? nota máxima em Itapuã é um belo cartão de visita — só falta gente pra confirmar isso publicamente no Google. E é exatamente aí que um site simples entra: mostra o trabalho e segura quem pesquisa. Posso te mostrar um exemplo?"
"Suzana Santos studio","Coutos","+55 71 98511-2443","https://wa.me/5571985112443","5","3","Nota alta + poucas avaliações - credibilidade","Oi, Suzana Santos studio! A loja de vocês que trabalha com salão de beleza em Coutos tem nota máxima no Google, mas poucas avaliações pra comprovar. E é exatamente aí que um site simples entra: mostra o trabalho e segura quem pesquisa. Posso te mostrar um exemplo?"
"Studio illumine","Imbuí","+55 71 99919-3237","https://wa.me/5571999193237","5","3","Nota alta + poucas avaliações - credibilidade","Olá! Como vai? A loja de vocês que trabalha com salão de beleza em Imbuí tem nota máxima no Google, mas poucas avaliações pra comprovar. E é exatamente aí que um site simples entra: mostra o trabalho e segura quem pesquisa. Posso te mostrar um exemplo?"
"And Lex Barbearia","Boca do Rio","","","5","3","Sem telefone no cadastro","Oi! Vi seu registro no Google. Vi o perfil de vocês no Google em Boca do Rio com nota máxima, mas quase sem informação pra quem procura. Um exemplo simples de página mudaria isso. Posso te enviar?"
"Studio Style","Mangueira","+55 71 98188-4167","https://wa.me/5571981884167","5","3","Nota alta + poucas avaliações - credibilidade","Oi! Vocês têm nota máxima em Mangueira, mas quase nenhuma avaliação pra corroborar. E é exatamente aí que um site simples entra: mostra o trabalho e segura quem pesquisa. Posso te mostrar um exemplo?"
"D-E Barbearia","Canabrava","+55 71 98524-6026","https://wa.me/5571985246026","5","3","Nota alta + poucas avaliações - credibilidade","Oi, tudo bem? Vocês têm nota máxima em Canabrava, mas quase nenhuma avaliação pra corroborar. E é exatamente aí que um site simples entra: mostra o trabalho e segura quem pesquisa. Posso te mostrar um exemplo?"
"DILL BARBER CLUB","Ilha Amarela","+55 71 99204-1345","https://wa.me/5571992041345","5","3","Nota alta + poucas avaliações - credibilidade","Oi, DILL BARBER CLUB! Vocês têm nota máxima em Ilha Amarela, mas quase nenhuma avaliação pra corroborar. E é exatamente aí que um site simples entra: mostra o trabalho e segura quem pesquisa. Posso te mostrar um exemplo?"
"Alves BarberBar","Fazenda Grande I","+55 71 99944-3428","https://wa.me/5571999443428","5","3","Nota alta + poucas avaliações - credibilidade","Olá! Como vai? Vocês têm nota máxima em Fazenda Grande I, mas quase nenhuma avaliação pra corroborar. E é exatamente aí que um site simples entra: mostra o trabalho e segura quem pesquisa. Posso te mostrar um exemplo?"
"Barretobarbershop","Curuzu","+55 71 99939-7424","https://wa.me/5571999397424","5","3","Nota alta + poucas avaliações - credibilidade","Oi! Tava procurando lojas por aqui e encontrei vocês. Vocês têm nota máxima em Curuzu, mas quase nenhuma avaliação pra corroborar. E é exatamente aí que um site simples entra: mostra o trabalho e segura quem pesquisa. Posso te mostrar um exemplo?"
"Barbearia Dr. Boina","Boca do Rio","+55 71 98341-3127","https://wa.me/5571983413127","5","3","Nota alta + poucas avaliações - credibilidade","Oi! O Google mostra a loja de vocês em Boca do Rio com nota máxima, mas são poucas avaliações — e quem ainda não conhece procura prova antes de chamar. E é exatamente aí que um site simples entra: mostra o trabalho e segura quem pesquisa. Posso te mostrar um exemplo?"
"Pedro Barber","Vila Canária","+55 71 98805-7198","https://wa.me/5571988057198","5","2","Nota alta + poucas avaliações - credibilidade","Oi, tudo bem? O Google mostra a loja de vocês em Vila Canária com nota máxima, mas são poucas avaliações — e quem ainda não conhece procura prova antes de chamar. E é exatamente aí que um site simples entra: mostra o trabalho e segura quem pesquisa. Posso te mostrar um exemplo?"
"Dall Barber","Castelo Branco","+55 71 98237-3941","https://wa.me/5571982373941","5","2","Nota alta + poucas avaliações - credibilidade","Oi, Dall Barber! O Google mostra a loja de vocês em Castelo Branco com nota máxima, mas são poucas avaliações — e quem ainda não conhece procura prova antes de chamar. E é exatamente aí que um site simples entra: mostra o trabalho e segura quem pesquisa. Posso te mostrar um exemplo?"
"SD Barber Shop","Cajazeiras X","+55 71 98749-7687","https://wa.me/5571987497687","5","2","Nota alta + poucas avaliações - credibilidade","Oi, SD Barber Shop! nota máxima em Cajazeiras X é um belo cartão de visita — só falta gente pra confirmar isso publicamente no Google. Com um site, essa nota vira argumento de venda. Quer ver como aplicaria?"
"Rose hair studio","Campinas de Pirajá","+55 71 99690-5400","https://wa.me/5571996905400","5","2","Nota alta + poucas avaliações - credibilidade","Oi! Tava procurando lojas por aqui e encontrei vocês. O Google mostra a loja de vocês em Campinas de Pirajá com nota máxima, mas são poucas avaliações — e quem ainda não conhece procura prova antes de chamar. E é exatamente aí que um site simples entra: mostra o trabalho e segura quem pesquisa. Posso te mostrar um exemplo?"
"Studio Marilene Trindade","Vila Canária","","","5","2","Sem telefone no cadastro","Oi! Vi vocês listados no Google em Vila Canária com nota máxima, mas praticamente invisíveis pra quem pesquisa: sem site, sem catálogo, sem contato. Um exemplo simples de página mudaria isso. Posso te enviar?"
"Instituto De Beleza Visual Top","Alphaville I","+55 71 99620-8759","https://wa.me/5571996208759","5","2","Nota alta + poucas avaliações - credibilidade","Oi, tudo bem? A nota máxima em Alphaville I não bate com o número de avaliações — merecia aparecer mais pra quem pesquisa. E é exatamente aí que um site simples entra: mostra o trabalho e segura quem pesquisa. Posso te mostrar um exemplo?"
"Studio Mel Silveira","Cajazeiras","+55 71 98813-6702","https://wa.me/5571988136702","5","2","Nota alta + poucas avaliações - credibilidade","Oi, Studio Mel Silveira! A nota máxima em Cajazeiras não bate com o número de avaliações — merecia aparecer mais pra quem pesquisa. E é exatamente aí que um site simples entra: mostra o trabalho e segura quem pesquisa. Posso te mostrar um exemplo?"
"surya produtos de beleza","Paralela","+55 71 99305-8699","https://wa.me/5571993058699","5","2","Nota alta + poucas avaliações - credibilidade","Olá! Como vai? A nota máxima em Paralela não bate com o número de avaliações — merecia aparecer mais pra quem pesquisa. E é exatamente aí que um site simples entra: mostra o trabalho e segura quem pesquisa. Posso te mostrar um exemplo?"
"Studio de Beleza Efatá","Fazenda Grande II","+55 71 99695-3163","https://wa.me/5571996953163","5","2","Nota alta + poucas avaliações - credibilidade","Oi! Tava procurando lojas por aqui e encontrei vocês. A nota máxima em Fazenda Grande II não bate com o número de avaliações — merecia aparecer mais pra quem pesquisa. E é exatamente aí que um site simples entra: mostra o trabalho e segura quem pesquisa. Posso te mostrar um exemplo?"
"Centro de beleza Amigas Da Estética","","+55 71 98681-5694","https://wa.me/5571986815694","5","2","Nota alta + poucas avaliações - credibilidade","Oi, tudo bem? O perfil de vocês acumula nota máxima, mas são poucas avaliações pra transformar isso em confiança na busca. Uma página de apresentação simples mudaria isso em poucos dias. Quer ver um exemplo do que eu faria?"
"Curso de Barbeiro irmão Nilson","Itapuã","+55 71 98874-0310","https://wa.me/5571988740310","5","2","Nota alta + poucas avaliações - credibilidade","Oi, tudo bem? Encontrei o perfil de vocês em Itapuã com nota máxima, mas com tão poucas avaliações que a nota acaba não pesando na escolha. E é exatamente aí que um site simples entra: mostra o trabalho e segura quem pesquisa. Posso te mostrar um exemplo?"
"Barber Bairro","Boca do Rio","+55 71 99257-1995","https://wa.me/5571992571995","5","2","Nota alta + poucas avaliações - credibilidade","Oi, Barber Bairro! Encontrei o perfil de vocês em Boca do Rio com nota máxima, mas com tão poucas avaliações que a nota acaba não pesando na escolha. E é exatamente aí que um site simples entra: mostra o trabalho e segura quem pesquisa. Posso te mostrar um exemplo?"
"Studio Caramelo","Doron","+55 71 99909-2116","https://wa.me/5571999092116","5","2","Nota alta + poucas avaliações - credibilidade","Olá! Como vai? Encontrei o perfil de vocês em Doron com nota máxima, mas com tão poucas avaliações que a nota acaba não pesando na escolha. E é exatamente aí que um site simples entra: mostra o trabalho e segura quem pesquisa. Posso te mostrar um exemplo?"
"Beauty Salon (salão e barbearia)","Caminho das Árvores","+55 71 99673-8855","https://wa.me/5571996738855","5","2","Nota alta + poucas avaliações - credibilidade","Oi! Tava procurando lojas por aqui e encontrei vocês. Encontrei o perfil de vocês em Caminho das Árvores com nota máxima, mas com tão poucas avaliações que a nota acaba não pesando na escolha. E é exatamente aí que um site simples entra: mostra o trabalho e segura quem pesquisa. Posso te mostrar um exemplo?"
"Neto Costa Espaço de Beleza","Pituba","+55 71 99136-9146","https://wa.me/5571991369146","5","2","Nota alta + poucas avaliações - credibilidade","Oi, Neto Costa Espaço de Beleza! O Google mostra a loja de vocês em Pituba com nota máxima, mas são poucas avaliações — e quem ainda não conhece procura prova antes de chamar. Com um site, essa nota vira argumento de venda. Quer ver como aplicaria?"
"Instituto de Beleza Aliança","Pituba","+55 71 99165-6405","https://wa.me/5571991656405","5","2","Nota alta + poucas avaliações - credibilidade","Oi, tudo bem? Vi a nota máxima em Pituba no perfil de vocês, mas com tão poucas avaliações que ela ainda nem aparece direito no Google. E é exatamente aí que um site simples entra: mostra o trabalho e segura quem pesquisa. Posso te mostrar um exemplo?"
"STUDIO MARIA BONITA","Caminho das Árvores","+55 71 98236-1757","https://wa.me/5571982361757","5","2","Nota alta + poucas avaliações - credibilidade","Oi, STUDIO MARIA BONITA! Vi a nota máxima em Caminho das Árvores no perfil de vocês, mas com tão poucas avaliações que ela ainda nem aparece direito no Google. E é exatamente aí que um site simples entra: mostra o trabalho e segura quem pesquisa. Posso te mostrar um exemplo?"
"StudioV","STIEP","+55 71 98615-8380","https://wa.me/5571986158380","5","2","Nota alta + poucas avaliações - credibilidade","Olá! Como vai? Vi a nota máxima em STIEP no perfil de vocês, mas com tão poucas avaliações que ela ainda nem aparece direito no Google. E é exatamente aí que um site simples entra: mostra o trabalho e segura quem pesquisa. Posso te mostrar um exemplo?"
"Nana Centro de Beleza","Brotas","+55 71 99242-7799","https://wa.me/5571992427799","5","2","Nota alta + poucas avaliações - credibilidade","Oi! Tava procurando lojas por aqui e encontrei vocês. Vi a nota máxima em Brotas no perfil de vocês, mas com tão poucas avaliações que ela ainda nem aparece direito no Google. E é exatamente aí que um site simples entra: mostra o trabalho e segura quem pesquisa. Posso te mostrar um exemplo?"
"Salão Bella Mulher","Boca do Rio","+55 71 98840-8469","https://wa.me/5571988408469","5","2","Nota alta + poucas avaliações - credibilidade","Oi! O perfil de vocês em Boca do Rio acumula nota máxima, mas são poucas avaliações pra transformar isso em confiança na busca. E é exatamente aí que um site simples entra: mostra o trabalho e segura quem pesquisa. Posso te mostrar um exemplo?"
"Barbearia do Portuga","Caminho das Árvores","+55 71 98105-1425","https://wa.me/5571981051425","5","2","Nota alta + poucas avaliações - credibilidade","Oi! Vocês têm nota máxima em Caminho das Árvores, mas quase nenhuma avaliação pra corroborar. Uma página de apresentação simples mudaria isso em poucos dias. Quer ver um exemplo do que eu faria?"
"Barbearia Gonzaga","Acupe","+55 71 98215-3060","https://wa.me/5571982153060","5","2","Nota alta + poucas avaliações - credibilidade","Oi, tudo bem? Vocês têm nota máxima em Acupe, mas quase nenhuma avaliação pra corroborar. Uma página de apresentação simples mudaria isso em poucos dias. Quer ver um exemplo do que eu faria?"
"DHBARBER","Brotas","+55 71 99214-3530","https://wa.me/5571992143530","5","2","Nota alta + poucas avaliações - credibilidade","Olá! Como vai? O perfil de vocês em Brotas acumula nota máxima, mas são poucas avaliações pra transformar isso em confiança na busca. E é exatamente aí que um site simples entra: mostra o trabalho e segura quem pesquisa. Posso te mostrar um exemplo?"
"Barbearia Mil Graw","IAPI","+55 71 98715-9525","https://wa.me/5571987159525","5","2","Nota alta + poucas avaliações - credibilidade","Oi! Tava procurando lojas por aqui e encontrei vocês. O perfil de vocês em IAPI acumula nota máxima, mas são poucas avaliações pra transformar isso em confiança na busca. E é exatamente aí que um site simples entra: mostra o trabalho e segura quem pesquisa. Posso te mostrar um exemplo?"
"Barbearia do Luís","MUSSURUNGA","+55 71 98553-7935","https://wa.me/5571985537935","5","2","Nota alta + poucas avaliações - credibilidade","Oi! nota máxima em MUSSURUNGA é um belo cartão de visita — só falta gente pra confirmar isso publicamente no Google. E é exatamente aí que um site simples entra: mostra o trabalho e segura quem pesquisa. Posso te mostrar um exemplo?"
"MR. PEPE BARBEARIA","Caixa d'Água","+55 71 99314-2051","https://wa.me/5571993142051","5","2","Nota alta + poucas avaliações - credibilidade","Oi, tudo bem? nota máxima em Caixa d'Água é um belo cartão de visita — só falta gente pra confirmar isso publicamente no Google. E é exatamente aí que um site simples entra: mostra o trabalho e segura quem pesquisa. Posso te mostrar um exemplo?"
"Barbearia Stylus","São Tomé","+55 71 99273-4052","https://wa.me/5571992734052","5","1","Nota alta + poucas avaliações - credibilidade","Oi, Barbearia Stylus! nota máxima em São Tomé é um belo cartão de visita — só falta gente pra confirmar isso publicamente no Google. E é exatamente aí que um site simples entra: mostra o trabalho e segura quem pesquisa. Posso te mostrar um exemplo?"
"Barber studio 05","São Cristóvão","","","5","1","Sem telefone no cadastro","Olá! Vi vocês listados no Google em São Cristóvão com nota máxima, mas praticamente invisíveis pra quem pesquisa: sem site, sem catálogo, sem contato. Uma página de uma página só já muda o jogo. Topa ver um modelo?"
"The Barber","Cajazeiras VIII","+55 71 99117-3421","https://wa.me/5571991173421","5","1","Nota alta + poucas avaliações - credibilidade","Oi! Tava procurando lojas por aqui e encontrei vocês. nota máxima em Cajazeiras VIII é um belo cartão de visita — só falta gente pra confirmar isso publicamente no Google. E é exatamente aí que um site simples entra: mostra o trabalho e segura quem pesquisa. Posso te mostrar um exemplo?"
"Mailson barber 💈","Jardim campo Verde","+55 71 98260-5742","https://wa.me/5571982605742","5","1","Nota alta + poucas avaliações - credibilidade","Oi! Vi a loja de vocês aqui em Jardim campo Verde com nota máxima — só que ainda com poucas avaliações, uma pena, porque essa nota merecia aparecer mais. Com um site, essa nota vira argumento de venda. Quer ver como aplicaria?"
"Los Hermanos Barbershop","Valéria","+55 71 99289-4441","https://wa.me/5571992894441","5","1","Nota alta + poucas avaliações - credibilidade","Oi, tudo bem? Vi a loja de vocês aqui em Valéria com nota máxima — só que ainda com poucas avaliações, uma pena, porque essa nota merecia aparecer mais. Com um site, essa nota vira argumento de venda. Quer ver como aplicaria?"
"💈Barbearia Raiz","Cajazeiras","","","5","1","Sem telefone no cadastro","Oi, 💈Barbearia Raiz! Vi o perfil de vocês no Google em Cajazeiras com nota máxima, mas quase sem informação pra quem procura. Um site simples resolve isso rapidinho e evita perder cliente pra concorrência. Consigo te mostrar um exemplo, é só me chamar por aqui."
"Champions Barber club8","São Cristóvão","+55 71 99117-6205","https://wa.me/5571991176205","5","1","Nota alta + poucas avaliações - credibilidade","Olá! Como vai? Vi a loja de vocês aqui em São Cristóvão com nota máxima — só que ainda com poucas avaliações, uma pena, porque essa nota merecia aparecer mais. Com um site, essa nota vira argumento de venda. Quer ver como aplicaria?"
"MIl Volts Barber Shop","Cajazeiras VIII","+55 71 98469-0312","https://wa.me/5571984690312","5","1","Nota alta + poucas avaliações - credibilidade","Oi! Tava procurando lojas por aqui e encontrei vocês. Vi a loja de vocês aqui em Cajazeiras VIII com nota máxima — só que ainda com poucas avaliações, uma pena, porque essa nota merecia aparecer mais. Com um site, essa nota vira argumento de venda. Quer ver como aplicaria?"
"Barber Din","Fazenda Grande II","+55 71 98716-9371","https://wa.me/5571987169371","5","1","Nota alta + poucas avaliações - credibilidade","Oi, Barber Din! O perfil de vocês em Fazenda Grande II acumula nota máxima, mas são poucas avaliações pra transformar isso em confiança na busca. Com um site, essa nota vira argumento de venda. Quer ver como aplicaria?"
"Ramuzy Barbershop","São Caetano","+55 71 98838-2769","https://wa.me/5571988382769","5","1","Nota alta + poucas avaliações - credibilidade","Oi, tudo bem? Achei o perfil de vocês em São Caetano com nota máxima — parabéns! Uma nota que a maioria das lojas da região não tem. Com um site, essa nota vira argumento de venda. Quer ver como aplicaria?"
"Restart Barbershop","Jardim das Margaridas","+55 71 99288-6550","https://wa.me/5571992886550","5","1","Nota alta + poucas avaliações - credibilidade","Oi, Restart Barbershop! Achei o perfil de vocês em Jardim das Margaridas com nota máxima — parabéns! Uma nota que a maioria das lojas da região não tem. Com um site, essa nota vira argumento de venda. Quer ver como aplicaria?"
"N&D Barber Shop","Dom Avelar","","","5","1","Sem telefone no cadastro","Oi! Vi seu registro no Google. Vi vocês listados no Google em Dom Avelar com nota máxima, mas praticamente invisíveis pra quem pesquisa: sem site, sem catálogo, sem contato. Um site simples resolve isso rapidinho e evita perder cliente pra concorrência. Consigo te mostrar um exemplo, é só me chamar por aqui."
"MATHEUS BARBERSHOP","Águas Claras","","","5","1","Sem telefone no cadastro","Oi! Vi seu registro no Google. Encontrei o perfil de vocês no Google em Águas Claras com nota máxima — a reputação existe, mas ninguém acha contato nem site. Um site simples resolve isso rapidinho e evita perder cliente pra concorrência. Consigo te mostrar um exemplo, é só me chamar por aqui."
"Laís Rastely Hair Studio","Alto da Terezinha","+55 71 99135-0761","https://wa.me/5571991350761","5","1","Nota alta + poucas avaliações - credibilidade","Oi! Tava procurando lojas por aqui e encontrei vocês. Encontrei o perfil de vocês em Alto da Terezinha com nota máxima, mas com tão poucas avaliações que a nota acaba não pesando na escolha. Uma página de apresentação simples mudaria isso em poucos dias. Quer ver um exemplo do que eu faria?"
"Espaço Sempre Bella","Nova Brasília de Valéria","","","5","1","Sem telefone no cadastro","Oi, tudo bem? A loja de vocês em Nova Brasília de Valéria aparece no Google com nota máxima, mas sem telefone nem site pra quem quer chamar — e isso espanta cliente. Um site simples resolve isso rapidinho e evita perder cliente pra concorrência. Consigo te mostrar um exemplo, é só me chamar por aqui."
"Vivi esmalteria","Calabetão","+55 71 98654-4835","https://wa.me/5571986544835","5","1","Nota alta + poucas avaliações - credibilidade","Oi, Vivi esmalteria! A loja de vocês que trabalha com manicure em Calabetão tem nota máxima no Google, mas poucas avaliações pra comprovar. Com um site, essa nota vira argumento de venda. Quer ver como aplicaria?"
"Studio Eline Barros","Vila Canária","+55 71 98952-3391","https://wa.me/5571989523391","5","1","Nota alta + poucas avaliações - credibilidade","Olá! Como vai? A loja de vocês que trabalha com cabeleireiro em Vila Canária tem nota máxima no Google, mas poucas avaliações pra comprovar. Com um site, essa nota vira argumento de venda. Quer ver como aplicaria?"
"Daiane Carvalho Studio de Beleza","São Cristóvão","+55 71 98884-6519","https://wa.me/5571988846519","5","1","Nota alta + poucas avaliações - credibilidade","Oi! Tava procurando lojas por aqui e encontrei vocês. A loja de vocês que trabalha com cabeleireiro em São Cristóvão tem nota máxima no Google, mas poucas avaliações pra comprovar. Com um site, essa nota vira argumento de venda. Quer ver como aplicaria?"
"Studio beauty","Lobato","","","5","1","Sem telefone no cadastro","Oi! Vi vocês listados no Google em Lobato com nota máxima, mas praticamente invisíveis pra quem pesquisa: sem site, sem catálogo, sem contato. Um site simples resolve isso rapidinho e evita perder cliente pra concorrência. Consigo te mostrar um exemplo, é só me chamar por aqui."
"Dondoca Hair Salon Moda","Itapuã","+55 71 3033-8377","https://wa.me/557130338377","5","1","Nota alta + poucas avaliações - credibilidade","Oi, tudo bem? Vocês têm nota máxima em Itapuã, mas quase nenhuma avaliação pra corroborar. Com um site, essa nota vira argumento de venda. Quer ver como aplicaria?"
"Studio Vany","Jardim Cajazeiras","+55 71 99194-3440","https://wa.me/5571991943440","5","1","Nota alta + poucas avaliações - credibilidade","Olá! Como vai? A nota máxima em Jardim Cajazeiras não bate com o número de avaliações — merecia aparecer mais pra quem pesquisa. Posso te mandar um modelo de página pensado exatamente pra esse caso? É sem compromisso."
"Salão Masculino","Stella Maris","","","5","1","Sem telefone no cadastro","Oi, Salão Masculino! Vi vocês listados no Google em Stella Maris com nota máxima, mas praticamente invisíveis pra quem pesquisa: sem site, sem catálogo, sem contato. Um exemplo simples de página mudaria isso. Posso te enviar?"
"Studios Barber Black","São Cristóvão","","","5","1","Sem telefone no cadastro","Olá! A loja de vocês em São Cristóvão aparece no Google com nota máxima, mas sem telefone nem site pra quem quer chamar — e isso espanta cliente. Uma página de uma página só já muda o jogo. Topa ver um modelo?"
"Linda Braids","Mussurunga","+55 71 99903-6090","https://wa.me/5571999036090","5","1","Nota alta + poucas avaliações - credibilidade","Oi! O Google mostra a loja de vocês em Mussurunga com nota máxima, mas são poucas avaliações — e quem ainda não conhece procura prova antes de chamar. Com um site, essa nota vira argumento de venda. Quer ver como aplicaria?"
"Lari Oliveira Studio","Pau da Lima","+55 71 99123-2561","https://wa.me/5571991232561","5","1","Nota alta + poucas avaliações - credibilidade","Oi, tudo bem? O Google mostra a loja de vocês em Pau da Lima com nota máxima, mas são poucas avaliações — e quem ainda não conhece procura prova antes de chamar. Com um site, essa nota vira argumento de venda. Quer ver como aplicaria?"
"Barauna Bronze - Nanda Glow Studio","Periperi","+55 71 99269-5780","https://wa.me/5571992695780","5","1","Nota alta + poucas avaliações - credibilidade","Oi! Tava procurando lojas por aqui e encontrei vocês. Achei o perfil de vocês em Periperi com nota máxima — parabéns! Uma nota que a maioria das lojas da região não tem. Uma página de apresentação simples mudaria isso em poucos dias. Quer ver um exemplo do que eu faria?"
"Centro de beleza Donna Madame","Graça","+55 71 98830-5080","https://wa.me/5571988305080","5","1","Nota alta + poucas avaliações - credibilidade","Olá! Como vai? O Google mostra a loja de vocês em Graça com nota máxima, mas são poucas avaliações — e quem ainda não conhece procura prova antes de chamar. Com um site, essa nota vira argumento de venda. Quer ver como aplicaria?"
"Salão das Meninas Oficial","Graça","+55 71 99243-0486","https://wa.me/5571992430486","5","1","Nota alta + poucas avaliações - credibilidade","Oi! Tava procurando lojas por aqui e encontrei vocês. O Google mostra a loja de vocês em Graça com nota máxima, mas são poucas avaliações — e quem ainda não conhece procura prova antes de chamar. Com um site, essa nota vira argumento de venda. Quer ver como aplicaria?"
"Barber Company","Pernambués","+55 71 99607-5449","https://wa.me/5571996075449","5","1","Nota alta + poucas avaliações - credibilidade","Oi! A nota máxima em Pernambués não bate com o número de avaliações — merecia aparecer mais pra quem pesquisa. Com um site, essa nota vira argumento de venda. Quer ver como aplicaria?"
"071 BARBER","Pituba","+55 71 99613-2030","https://wa.me/5571996132030","5","1","Nota alta + poucas avaliações - credibilidade","Oi, tudo bem? A nota máxima em Pituba não bate com o número de avaliações — merecia aparecer mais pra quem pesquisa. Com um site, essa nota vira argumento de venda. Quer ver como aplicaria?"
"MK barbershop","Pernambués","+55 71 98209-0301","https://wa.me/5571982090301","5","1","Nota alta + poucas avaliações - credibilidade","Oi, MK barbershop! A nota máxima em Pernambués não bate com o número de avaliações — merecia aparecer mais pra quem pesquisa. Com um site, essa nota vira argumento de venda. Quer ver como aplicaria?"
"Salão Montenegro Beleza e Estética","Piatã","+55 71 99360-5336","https://wa.me/5571993605336","5","1","Nota alta + poucas avaliações - credibilidade","Oi, Salão Montenegro Beleza e Estética! Vi a loja de vocês aqui em Piatã com nota máxima — só que ainda com poucas avaliações, uma pena, porque essa nota merecia aparecer mais. Posso te mandar um modelo de página pensado exatamente pra esse caso? É sem compromisso."
"Ruy Barbearia","Amaralina","+55 71 98205-3309","https://wa.me/5571982053309","5","1","Nota alta + poucas avaliações - credibilidade","Olá! Como vai? Vi a loja de vocês aqui em Amaralina com nota máxima — só que ainda com poucas avaliações, uma pena, porque essa nota merecia aparecer mais. Posso te mandar um modelo de página pensado exatamente pra esse caso? É sem compromisso."
"Le Duc","STIEP","+55 71 99712-8036","https://wa.me/5571997128036","5","1","Nota alta + poucas avaliações - credibilidade","Oi! Encontrei o perfil de vocês em STIEP com nota máxima, mas com tão poucas avaliações que a nota acaba não pesando na escolha. Com um site, essa nota vira argumento de venda. Quer ver como aplicaria?"
"Barbearia J.J","Pituba","+55 71 98244-2091","https://wa.me/5571982442091","5","1","Nota alta + poucas avaliações - credibilidade","Oi, tudo bem? Encontrei o perfil de vocês em Pituba com nota máxima, mas com tão poucas avaliações que a nota acaba não pesando na escolha. Com um site, essa nota vira argumento de venda. Quer ver como aplicaria?"
"Joyce Soares Beleza e Estética","Pituba","+55 71 99262-5261","https://wa.me/5571992625261","5","1","Nota alta + poucas avaliações - credibilidade","Oi, Joyce Soares Beleza e Estética! Encontrei o perfil de vocês em Pituba com nota máxima, mas com tão poucas avaliações que a nota acaba não pesando na escolha. Com um site, essa nota vira argumento de venda. Quer ver como aplicaria?"
"SALÃO STUDIO 4 E BARBEARIA","Caminho das Árvores","+55 71 2132-9394","https://wa.me/557121329394","5","1","Nota alta + poucas avaliações - credibilidade","Olá! Como vai? Encontrei o perfil de vocês em Caminho das Árvores com nota máxima, mas com tão poucas avaliações que a nota acaba não pesando na escolha. Com um site, essa nota vira argumento de venda. Quer ver como aplicaria?"
"Bellezaterapia","STIEP","+55 71 99997-4537","https://wa.me/5571999974537","5","1","Nota alta + poucas avaliações - credibilidade","Oi! Tava procurando lojas por aqui e encontrei vocês. Encontrei o perfil de vocês em STIEP com nota máxima, mas com tão poucas avaliações que a nota acaba não pesando na escolha. Com um site, essa nota vira argumento de venda. Quer ver como aplicaria?"
"O imperador dos cortes","Boca do Rio","+55 71 99152-1784","https://wa.me/5571991521784","5","1","Nota alta + poucas avaliações - credibilidade","Oi! Vi a nota máxima em Boca do Rio no perfil de vocês, mas com tão poucas avaliações que ela ainda nem aparece direito no Google. Com um site, essa nota vira argumento de venda. Quer ver como aplicaria?"
"Hosanna Pacelli","Pituba","+55 71 99928-5333","https://wa.me/5571999285333","5","1","Nota alta + poucas avaliações - credibilidade","Oi! A loja de vocês que trabalha com salão de beleza em Pituba tem nota máxima no Google, mas poucas avaliações pra comprovar. Posso te mandar um modelo de página pensado exatamente pra esse caso? É sem compromisso."
"Studio Mariana Oliveira","Imbuí","+55 71 99171-5143","https://wa.me/5571991715143","5","1","Nota alta + poucas avaliações - credibilidade","Oi, Studio Mariana Oliveira! Vi a nota máxima em Imbuí no perfil de vocês, mas com tão poucas avaliações que ela ainda nem aparece direito no Google. Com um site, essa nota vira argumento de venda. Quer ver como aplicaria?"
"Acupe Barber Salvador","Acupe","+55 71 98811-5769","https://wa.me/5571988115769","5","1","Nota alta + poucas avaliações - credibilidade","Olá! Como vai? Vi a nota máxima em Acupe no perfil de vocês, mas com tão poucas avaliações que ela ainda nem aparece direito no Google. Com um site, essa nota vira argumento de venda. Quer ver como aplicaria?"
"Barbeariasshalom","São Caetano","","","5","1","Sem telefone no cadastro","Oi! Vi vocês listados no Google em São Caetano com nota máxima, mas praticamente invisíveis pra quem pesquisa: sem site, sem catálogo, sem contato. Um site simples mudaria isso e evita perder espaço pra concorrência. Posso te mostrar um exemplo? É só responder por aqui."
"Barbearia Primos","Lobato","+55 71 99692-0553","https://wa.me/5571996920553","5","1","Nota alta + poucas avaliações - credibilidade","Oi! O perfil de vocês em Lobato acumula nota máxima, mas são poucas avaliações pra transformar isso em confiança na busca. Com um site, essa nota vira argumento de venda. Quer ver como aplicaria?"
"Barbearia Container","Trobogy","+55 71 98124-5729","https://wa.me/5571981245729","4.9","319","Muitas avaliações - automação/catálogo","Oi, Barbearia Container! 319 avaliações com nota 4.9 não é sorte — é trabalho bem feito. Um site transformaria esse movimento em venda até fora do horário. Posso te mandar um exemplo?"
"Barbearia Das Estrelas","Águas Claras","+55 71 98693-6308","https://wa.me/5571986936308","4.9","201","Muitas avaliações - automação/catálogo","Oi, Barbearia Das Estrelas! 201 avaliações com nota 4.9 não é sorte — é trabalho bem feito. Um site à altura disso captaria cliente direto do Google, sem depender só de indicação. Quer ver uma demonstração?"
"Barbearia do Farol","Itapuã","+55 71 98803-2053","https://wa.me/5571988032053","4.9","175","Localização em shopping + muitas avaliações - premium/automação","Oi, pessoal da Barbearia do Farol! Vi que vocês ficam em Itapuã, com nota 4.9 e 175 avaliações — bom movimento. Um site com catálogo captaria essa demanda direto do Google, mesmo fora do horário do shopping. Posso te mandar uma proposta sem compromisso?"
"Milena Xavier","Cabula VI","+55 71 98200-3080","https://wa.me/5571982003080","4.9","163","Muitas avaliações - automação/catálogo","Oi! Tudo certo? 163 avaliações com nota 4.9 não é sorte — é trabalho bem feito. Um site transformaria esse movimento em venda até fora do horário. Posso te mandar um exemplo?"
"Barbearia Jacob's","Barra","+55 71 98853-8480","https://wa.me/5571988538480","4.9","150","Muitas avaliações - automação/catálogo","Oi! 150 avaliações em Barra com nota 4.9 — a prova está nos números, falta só uma vitrine pra quem chega pelo Google. Um site transformaria esse movimento em venda até fora do horário. Posso te mandar um exemplo?"
"Barbearia Meu Lazzer Barber Shop","Cidade Nova","+55 71 99238-2382","https://wa.me/5571992382382","4.9","142","Muitas avaliações - automação/catálogo","Oi, Barbearia Meu Lazzer Barber Shop! 142 avaliações em Cidade Nova com nota 4.9 — a prova está nos números, falta só uma vitrine pra quem chega pelo Google. Um site transformaria esse movimento em venda até fora do horário. Posso te mandar um exemplo?"
"Borges Cabeleireiros Unissex","Boca do Rio","+55 71 99217-6732","https://wa.me/5571992176732","4.9","139","Muitas avaliações - automação/catálogo","Oi, pessoal da Borges Cabeleireiros Unissex! 139 avaliações em Boca do Rio com nota 4.9 — a prova está nos números, falta só uma vitrine pra quem chega pelo Google. Um site transformaria esse movimento em venda até fora do horário. Posso te mandar um exemplo?"
"Barbearia do Uita","Vale dos Lagos","+55 71 99693-5708","https://wa.me/5571996935708","4.9","129","Muitas avaliações - automação/catálogo","Olá, Barbearia do Uita! 129 avaliações em Vale dos Lagos com nota 4.9 — a prova está nos números, falta só uma vitrine pra quem chega pelo Google. Um site transformaria esse movimento em venda até fora do horário. Posso te mandar um exemplo?"
"Barbearia Alpha Clube","Pernambués","+55 71 99290-1085","https://wa.me/5571992901085","4.9","125","Muitas avaliações - automação/catálogo","Oi! Tudo certo? 125 avaliações em Pernambués com nota 4.9 — a prova está nos números, falta só uma vitrine pra quem chega pelo Google. Um site transformaria esse movimento em venda até fora do horário. Posso te mandar um exemplo?"
"TEAM TINHO BARBER","Novo Marotinho","+55 71 98729-0040","https://wa.me/5571987290040","4.9","119","Muitas avaliações - automação/catálogo","Oi! 119 avaliações com nota 4.9 no Google é prova de atendimento consistente — parabéns! Com esse volume, um site com catálogo e agendamento online tiraria peso do WhatsApp e organizaria melhor o fluxo. Topa dar uma olhada num exemplo?"
"Barbearia Salvador","Itapuã","+55 71 99209-1577","https://wa.me/5571992091577","4.9","116","Muitas avaliações - automação/catálogo","Oi, Barbearia Salvador! 116 avaliações com nota 4.9 no Google é prova de atendimento consistente — parabéns! Com esse volume, um site com catálogo e agendamento online tiraria peso do WhatsApp e organizaria melhor o fluxo. Topa dar uma olhada num exemplo?"
"Aecio Barbearia","Rio Vermelho","+55 71 99739-1654","https://wa.me/5571997391654","4.9","97","Muitas avaliações - automação/catálogo","Oi, pessoal da Aecio Barbearia! 97 avaliações com nota 4.9 no Google é prova de atendimento consistente — parabéns! Com esse volume, um site com catálogo e agendamento online tiraria peso do WhatsApp e organizaria melhor o fluxo. Topa dar uma olhada num exemplo?"
"Ludo Performance Barber","Jardim Armação","+55 71 99202-0269","https://wa.me/5571992020269","4.9","94","Muitas avaliações - automação/catálogo","Olá, Ludo Performance Barber! 94 avaliações com nota 4.9 no Google é prova de atendimento consistente — parabéns! Com esse volume, um site com catálogo e agendamento online tiraria peso do WhatsApp e organizaria melhor o fluxo. Topa dar uma olhada num exemplo?"
"Barbearia Stylo Man","Santa Madalena","","","4.9","91","Sem telefone no cadastro","Oi! Vi seu registro no Google. A loja de vocês em Santa Madalena aparece no Google com nota 4.9, mas sem telefone nem site pra quem quer chamar — e isso espanta cliente. Um site com link direto pro WhatsApp resolve. Quer que eu te mostre como faria?"
"Barbearia formen","Mussurunga","+55 71 98618-6663","https://wa.me/5571986186663","4.9","90","Muitas avaliações - automação/catálogo","Oi! 90 avaliações é muita gente atendida — tudo isso com nota 4.9. Com esse volume, um site com catálogo e agendamento online tiraria peso do WhatsApp e organizaria melhor o fluxo. Topa dar uma olhada num exemplo?"
"BARBEARIA SR JARED","Stella Maris","+55 71 98245-4335","https://wa.me/5571982454335","4.9","82","Muitas avaliações - automação/catálogo","Oi, BARBEARIA SR JARED! 82 avaliações é muita gente atendida — tudo isso com nota 4.9. Com esse volume, um site com catálogo e agendamento online tiraria peso do WhatsApp e organizaria melhor o fluxo. Topa dar uma olhada num exemplo?"
"El Baroni Barber Club","Amaralina","+55 71 3052-4753","https://wa.me/557130524753","4.9","81","Muitas avaliações - automação/catálogo","Oi, pessoal da El Baroni Barber Club! 81 avaliações é muita gente atendida — tudo isso com nota 4.9. Com esse volume, um site com catálogo e agendamento online tiraria peso do WhatsApp e organizaria melhor o fluxo. Topa dar uma olhada num exemplo?"
"Vix barbearia","Imbuí","+55 71 98698-6396","https://wa.me/5571986986396","4.9","80","Muitas avaliações - automação/catálogo","Olá, Vix barbearia! 80 avaliações é muita gente atendida — tudo isso com nota 4.9. Com esse volume, um site com catálogo e agendamento online tiraria peso do WhatsApp e organizaria melhor o fluxo. Topa dar uma olhada num exemplo?"
"Eron&Mira","STIEP","+55 71 99997-5732","https://wa.me/5571999975732","4.9","75","Muitas avaliações - automação/catálogo","Oi, Eron&Mira! 75 avaliações em STIEP com nota 4.9 — a prova está nos números, falta só uma vitrine pra quem chega pelo Google. Um catálogo online deixaria parte do atendimento automática, sem perder qualidade, e abriria espaço pra crescer em horários que hoje ficam parados. Posso te mostrar como funcionaria?"
"Barbearia do Vital","Lapinha","+55 71 98847-0457","https://wa.me/5571988470457","4.9","71","Muitas avaliações - automação/catálogo","Oi! Vi que vocês acumulam 71 avaliações em Lapinha com nota 4.9 — um dos perfis mais fortes que achei na região. Com esse volume, um site com catálogo e agendamento online tiraria peso do WhatsApp e organizaria melhor o fluxo. Topa dar uma olhada num exemplo?"
"Barbearia Do Enus","Bairro da Paz","","","4.9","71","Sem telefone no cadastro","Oi, Barbearia Do Enus! A loja de vocês em Bairro da Paz aparece no Google com nota 4.9, mas sem telefone nem site pra quem quer chamar — e isso espanta cliente. Um exemplo simples de página mudaria isso. Posso te enviar?"
"Israel Cabeleireiros","Stella Maris","+55 71 99240-2716","https://wa.me/5571992402716","4.9","70","Muitas avaliações - automação/catálogo","Oi! Tudo certo? 70 avaliações em Stella Maris com nota 4.9 — a prova está nos números, falta só uma vitrine pra quem chega pelo Google. Um catálogo online deixaria parte do atendimento automática, sem perder qualidade, e abriria espaço pra crescer em horários que hoje ficam parados. Posso te mostrar como funcionaria?"
"Barbergrife","Centro","+55 71 98772-7654","https://wa.me/5571987727654","4.9","70","Muitas avaliações - automação/catálogo","Olá, Barbergrife! Vi que vocês acumulam 70 avaliações em Centro com nota 4.9 — um dos perfis mais fortes que achei na região. Com esse volume, um site com catálogo e agendamento online tiraria peso do WhatsApp e organizaria melhor o fluxo. Topa dar uma olhada num exemplo?"
"Espaço de Beleza Romenil & Elaine Miranda","Plataforma","+55 71 99121-0251","https://wa.me/5571991210251","4.9","66","Muitas avaliações - automação/catálogo","Oi, Espaço de Beleza Romenil & Elaine Miranda! 66 avaliações com nota 4.9 no Google é prova de atendimento consistente — parabéns! Um site à altura disso captaria cliente direto do Google, sem depender só de indicação. Quer ver uma demonstração?"
"BARBEARIA JACK BARBEIRO","Pernambués","","","4.9","66","Sem telefone no cadastro","Oi! Encontrei o perfil de vocês no Google em Pernambués com nota 4.9 — a reputação existe, mas ninguém acha contato nem site. Um exemplo simples de página mudaria isso. Posso te enviar?"
"Rosa Martins Saúde capilar","Costa Azul","+55 71 98615-2683","https://wa.me/5571986152683","4.9","63","Muitas avaliações - automação/catálogo","Olá, Rosa Martins Saúde capilar! 63 avaliações com nota 4.9 no Google é prova de atendimento consistente — parabéns! Um site à altura disso captaria cliente direto do Google, sem depender só de indicação. Quer ver uma demonstração?"
"Barbearia De Itamar","Tancredo Neves","+55 71 98723-7440","https://wa.me/5571987237440","4.9","58","Muitas avaliações - automação/catálogo","Oi! Tudo certo? 58 avaliações com nota 4.9 no Google é prova de atendimento consistente — parabéns! Um site à altura disso captaria cliente direto do Google, sem depender só de indicação. Quer ver uma demonstração?"
"Barbearia Clube do Corte","Ribeira","+55 71 99657-9043","https://wa.me/5571996579043","4.9","55","Muitas avaliações - automação/catálogo","Olá, Barbearia Clube do Corte! 55 avaliações com nota 4.9 não é sorte — é trabalho bem feito. Com esse volume, um site com catálogo e agendamento online tiraria peso do WhatsApp e organizaria melhor o fluxo. Topa dar uma olhada num exemplo?"
"Barbearia Tio Maneco","Boca do Rio","+55 71 98449-6621","https://wa.me/5571984496621","4.9","55","Muitas avaliações - automação/catálogo","Oi! Tudo certo? 55 avaliações com nota 4.9 não é sorte — é trabalho bem feito. Com esse volume, um site com catálogo e agendamento online tiraria peso do WhatsApp e organizaria melhor o fluxo. Topa dar uma olhada num exemplo?"
"Studio Elisa Rodrigues ERSS COMPANY","São Cristóvão","+55 71 98724-9926","https://wa.me/5571987249926","4.9","52","Muitas avaliações - automação/catálogo","Oi! 52 avaliações em São Cristóvão com nota 4.9 — a prova está nos números, falta só uma vitrine pra quem chega pelo Google. Com esse volume, um site com catálogo e agendamento online tiraria peso do WhatsApp e organizaria melhor o fluxo. Topa dar uma olhada num exemplo?"
"Barbearia Big Cortes","São Caetano","+55 71 98743-3098","https://wa.me/5571987433098","4.9","52","Muitas avaliações - automação/catálogo","Oi, Barbearia Big Cortes! 52 avaliações em São Caetano com nota 4.9 — a prova está nos números, falta só uma vitrine pra quem chega pelo Google. Com esse volume, um site com catálogo e agendamento online tiraria peso do WhatsApp e organizaria melhor o fluxo. Topa dar uma olhada num exemplo?"
"BARBARE BARBER CHOPP","São Cristóvão","+55 71 98800-0260","https://wa.me/5571988000260","4.9","51","Muitas avaliações - automação/catálogo","Oi, pessoal da BARBARE BARBER CHOPP! 51 avaliações em São Cristóvão com nota 4.9 — a prova está nos números, falta só uma vitrine pra quem chega pelo Google. Com esse volume, um site com catálogo e agendamento online tiraria peso do WhatsApp e organizaria melhor o fluxo. Topa dar uma olhada num exemplo?"
"Barber Novo Corte","Nova Brasília de Valéria","+55 71 98217-1243","https://wa.me/5571982171243","4.9","49","Presença digital básica - concorrência","Oi, Barber Novo Corte! Encontrei a loja de vocês em Nova Brasília de Valéria no Google, mas o perfil tem pouquíssima informação. Um site resolveria isso em poucos dias. Quer ver um modelo?"
"Bloom salão barbearia","Caminho das Árvores","+55 71 98724-4379","https://wa.me/5571987244379","4.9","49","Presença digital básica - concorrência","Olá! A loja de vocês em Caminho das Árvores aparece no Google com nota 4.9, mas quem clica não encontra site nem catálogo. Uma página simples conserta isso e ainda ajuda o Google a te achar. Quer ver o que eu faria?"
"Fernando Lima Corte Design","São Rafael","+55 71 99296-6462","https://wa.me/5571992966462","4.9","45","Presença digital básica - concorrência","Oi! Te achei pesquisando lojas na região. Encontrei a loja de vocês que trabalha com barbearia em São Rafael — nota 4.9 no Google, mas o perfil não ajuda quem pesquisa. Posso te mostrar, em dois minutos, como ficaria a página de vocês. Sem compromisso, quer ver?"
"The Barber - Boca do Rio","Boca do Rio","+55 71 98662-8668","https://wa.me/5571986628668","4.9","44","Presença digital básica - concorrência","Oi! Pesquisei vocês em Boca do Rio e a única coisa que achei foi o Google com nota 4.9 — site e catálogo não existem. Uma página simples resolveria isso rápido — e custa menos do que vocês imaginam. Topa dar uma olhada num exemplo?"
"Barbearia Novo Estilo","Barra","+55 71 98231-4986","https://wa.me/5571982314986","4.9","44","Presença digital básica - concorrência","Oi, tudo bem? O perfil de vocês em Barra no Google tem nota 4.9, mas não leva ninguém a lugar nenhum — sem site, sem catálogo, sem WhatsApp visível. Posso montar um modelo gratuito pra vocês verem como ficaria. Interessado?"
"Lio hairstyles","Praia Grande","+55 71 98767-2468","https://wa.me/5571987672468","4.9","42","Presença digital básica - concorrência","Oi, Lio hairstyles! Vocês aparecem em Praia Grande com nota 4.9, mas quem pesquisa só encontra o perfil do Google — e nada além disso. Um site simples resolve isso rapidinho e evita perder cliente pra concorrência. Posso te mostrar um exemplo?"
"SALÃO BELLEZA HAIR","Jardim Cajazeiras","+55 71 99631-1534","https://wa.me/5571996311534","4.9","39","Presença digital básica - concorrência","Olá! A SALÃO BELLEZA HAIR em Jardim Cajazeiras tem nota 4.9, mas sem site, sem catálogo e sem página própria, quem pesquisa nem sabe o que vocês fazem. Enquanto isso, quem pesquisa acaba indo pra concorrência. Um site simples resolve isso. Quer ver uma demonstração?"
"Santa Barba Barber Shop","Jaguaribe","+55 71 98390-1765","https://wa.me/5571983901765","4.9","39","Presença digital básica - concorrência","Oi! Te achei pesquisando lojas na região. Vi a loja de vocês em Jaguaribe com nota 4.9 no Google, mas quase sem informações pra quem pesquisa. E acaba fechando com quem aparece melhor. Uma página simples muda esse jogo. Topa ver como ficaria?"
"Barbearia Barber Telles","Resgate","+55 71 99214-3961","https://wa.me/5571992143961","4.9","39","Presença digital básica - concorrência","Oi! Encontrei a loja de vocês em Resgate no Google, mas o perfil tem pouquíssima informação. Um site simples custa pouco e pesa muito na hora do cliente escolher. Posso te enviar um exemplo?"
"Barber Shop Luciano","Nova Brasília","+55 71 98357-8198","https://wa.me/5571983578198","4.9","37","Presença digital básica - concorrência","Oi, tudo bem? A loja de vocês em Nova Brasília aparece no Google com nota 4.9, mas quem clica não encontra site nem catálogo. Um site resolveria isso em poucos dias. Quer ver um modelo?"
"Barbearia Samuel Stylos","Alto do Coqueirinho","+55 71 99107-7542","https://wa.me/5571991077542","4.9","35","Presença digital básica - concorrência","Oi, Barbearia Samuel Stylos! Encontrei a loja de vocês que trabalha com escola de barbearia em Alto do Coqueirinho — nota 4.9 no Google, mas o perfil não ajuda quem pesquisa. Uma página simples conserta isso e ainda ajuda o Google a te achar. Quer ver o que eu faria?"
"Niggasbarbershoop","Pau da Lima","+55 71 99292-6297","https://wa.me/5571992926297","4.9","32","Presença digital básica - concorrência","Olá! Pesquisei vocês em Pau da Lima e a única coisa que achei foi o Google com nota 4.9 — site e catálogo não existem. Posso te mostrar, em dois minutos, como ficaria a página de vocês. Sem compromisso, quer ver?"
"Cosmético & barbearia Santiago","Nova Brasília","+55 71 98703-3559","https://wa.me/5571987033559","4.9","30","Presença digital básica - concorrência","Oi! Te achei pesquisando lojas na região. O perfil de vocês em Nova Brasília no Google tem nota 4.9, mas não leva ninguém a lugar nenhum — sem site, sem catálogo, sem WhatsApp visível. Uma página simples resolveria isso rápido — e custa menos do que vocês imaginam. Topa dar uma olhada num exemplo?"
"Barbearia Manoel Cortes","Santa Cruz","+55 71 99359-0387","https://wa.me/5571993590387","4.9","27","Presença digital básica - concorrência","Oi! Vocês aparecem em Santa Cruz com nota 4.9, mas quem pesquisa só encontra o perfil do Google — e nada além disso. Posso montar um modelo gratuito pra vocês verem como ficaria. Interessado?"
"VILA NICE ESPAÇO DE BELEZA","Pituba","+55 71 3486-2597","https://wa.me/557134862597","4.9","27","Presença digital básica - concorrência","Oi, tudo bem? A VILA NICE ESPAÇO DE BELEZA em Pituba tem nota 4.9, mas sem site, sem catálogo e sem página própria, quem pesquisa nem sabe o que vocês fazem. Um site simples resolve isso rapidinho e evita perder cliente pra concorrência. Posso te mostrar um exemplo?"
"Barbearia Reis","Canabrava","+55 71 98274-9270","https://wa.me/5571982749270","4.9","24","Presença digital básica - concorrência","Oi, Barbearia Reis! Vi a loja de vocês em Canabrava com nota 4.9 no Google, mas quase sem informações pra quem pesquisa. Enquanto isso, quem pesquisa acaba indo pra concorrência. Um site simples resolve isso. Quer ver uma demonstração?"
"BARBERO CLUB STELLA MARIS","Stella Maris","+55 71 99417-7477","https://wa.me/5571994177477","4.9","24","Presença digital básica - concorrência","Olá! Encontrei a loja de vocês em Stella Maris no Google, mas o perfil tem pouquíssima informação. E acaba fechando com quem aparece melhor. Uma página simples muda esse jogo. Topa ver como ficaria?"
"Barbeiro Chefe","Imbuí","+55 71 98126-0220","https://wa.me/5571981260220","4.9","22","Presença digital básica - concorrência","Oi! Te achei pesquisando lojas na região. A loja de vocês em Imbuí aparece no Google com nota 4.9, mas quem clica não encontra site nem catálogo. Um site simples custa pouco e pesa muito na hora do cliente escolher. Posso te enviar um exemplo?"
"Barbearia Eddy Show","Pernambués","+55 71 98170-6532","https://wa.me/5571981706532","4.9","20","Presença digital básica - concorrência","Oi! Encontrei a loja de vocês em Pernambués — nota 4.9 no Google, mas o perfil não ajuda quem pesquisa. Um site resolveria isso em poucos dias. Quer ver um modelo?"
"BarberShow","Boca do Rio","+55 71 99250-5050","https://wa.me/5571992505050","4.9","18","Nota alta + poucas avaliações - credibilidade","Oi, tudo bem? Vocês têm nota 4.9 em Boca do Rio, mas quase nenhuma avaliação pra corroborar. Com essa nota, um site simples vira a prova que falta. Quer ver um exemplo?"
"Barbearia Jhow_Jhow_barber_shop","Itapuã","+55 71 98424-2908","https://wa.me/5571984242908","4.9","18","Nota alta + poucas avaliações - credibilidade","Olá! Como vai? O perfil de vocês em Itapuã acumula nota 4.9, mas são poucas avaliações pra transformar isso em confiança na busca. Uma página de apresentação simples mudaria isso em poucos dias. Quer ver um exemplo do que eu faria?"
"Depila Salvador","Cabula","+55 71 98875-1177","https://wa.me/5571988751177","4.9","17","Nota alta + poucas avaliações - credibilidade","Oi! Tava procurando lojas por aqui e encontrei vocês. O perfil de vocês em Cabula acumula nota 4.9, mas são poucas avaliações pra transformar isso em confiança na busca. Uma página de apresentação simples mudaria isso em poucos dias. Quer ver um exemplo do que eu faria?"
"Barbearia TonBarber","Rio Sena","","","4.9","15","Sem telefone no cadastro","Oi! Vi vocês listados no Google em Rio Sena com nota 4.9, mas praticamente invisíveis pra quem pesquisa: sem site, sem catálogo, sem contato. Uma página de uma página só já muda o jogo. Topa ver um modelo?"
"Nefertiti Cabeleireiro","Barra","+55 71 99972-5782","https://wa.me/5571999725782","4.9","14","Nota alta + poucas avaliações - credibilidade","Oi, tudo bem? nota 4.9 em Barra é um belo cartão de visita — só falta gente pra confirmar isso publicamente no Google. Uma página de apresentação simples mudaria isso em poucos dias. Quer ver um exemplo do que eu faria?"
"Nilton Barber","Boca do Rio","+55 71 98843-8465","https://wa.me/5571988438465","4.9","14","Nota alta + poucas avaliações - credibilidade","Oi, Nilton Barber! nota 4.9 em Boca do Rio é um belo cartão de visita — só falta gente pra confirmar isso publicamente no Google. Uma página de apresentação simples mudaria isso em poucos dias. Quer ver um exemplo do que eu faria?"
"Dread’s Ativa","Amaralina","+55 71 99974-2907","https://wa.me/5571999742907","4.9","14","Nota alta + poucas avaliações - credibilidade","Olá! Como vai? nota 4.9 em Amaralina é um belo cartão de visita — só falta gente pra confirmar isso publicamente no Google. Uma página de apresentação simples mudaria isso em poucos dias. Quer ver um exemplo do que eu faria?"
"Gomes Barber","Sete de Abril","+55 71 99346-0959","https://wa.me/5571993460959","4.9","13","Nota alta + poucas avaliações - credibilidade","Oi! Tava procurando lojas por aqui e encontrei vocês. nota 4.9 em Sete de Abril é um belo cartão de visita — só falta gente pra confirmar isso publicamente no Google. Uma página de apresentação simples mudaria isso em poucos dias. Quer ver um exemplo do que eu faria?"
"Antonyos Barber Shop","Cabula","+55 71 99251-2337","https://wa.me/5571992512337","4.9","13","Nota alta + poucas avaliações - credibilidade","Oi! Vi a loja de vocês aqui em Cabula com nota 4.9 — só que ainda com poucas avaliações, uma pena, porque essa nota merecia aparecer mais. Posso te mandar um modelo de página pensado exatamente pra esse caso? É sem compromisso."
"Liz Martins Unhas","Periperi","+55 71 99132-5768","https://wa.me/5571991325768","4.9","12","Nota alta + poucas avaliações - credibilidade","Oi, tudo bem? Vi a loja de vocês aqui em Periperi com nota 4.9 — só que ainda com poucas avaliações, uma pena, porque essa nota merecia aparecer mais. Posso te mandar um modelo de página pensado exatamente pra esse caso? É sem compromisso."
"T&A barber shop","Boca do Rio","+55 71 98347-7190","https://wa.me/5571983477190","4.9","12","Nota alta + poucas avaliações - credibilidade","Oi! Tava procurando lojas por aqui e encontrei vocês. Vi a nota 4.9 em Boca do Rio no perfil de vocês, mas com tão poucas avaliações que ela ainda nem aparece direito no Google. Posso te mandar um modelo de página pensado exatamente pra esse caso? É sem compromisso."
"Depilação masculina","Amaralina","+55 71 99337-9102","https://wa.me/5571993379102","4.9","12","Nota alta + poucas avaliações - credibilidade","Oi! O perfil de vocês em Amaralina acumula nota 4.9, mas são poucas avaliações pra transformar isso em confiança na busca. Posso te mandar um modelo de página pensado exatamente pra esse caso? É sem compromisso."
"Oliwer Barber shop","Valéria","+55 71 98692-0703","https://wa.me/5571986920703","4.9","11","Nota alta + poucas avaliações - credibilidade","Oi! Tava procurando lojas por aqui e encontrei vocês. Vi a loja de vocês aqui em Valéria com nota 4.9 — só que ainda com poucas avaliações, uma pena, porque essa nota merecia aparecer mais. Posso te mandar um modelo de página pensado exatamente pra esse caso? É sem compromisso."
"BARBER SHOP T.H.R","Vista Alegre","+55 71 98556-4952","https://wa.me/5571985564952","4.9","11","Nota alta + poucas avaliações - credibilidade","Oi, BARBER SHOP T.H.R! O perfil de vocês em Vista Alegre acumula nota 4.9, mas são poucas avaliações pra transformar isso em confiança na busca. Posso te mandar um modelo de página pensado exatamente pra esse caso? É sem compromisso."
"SALÃO MARBELLE","Costa Azul","+55 71 3272-0699","https://wa.me/557132720699","4.9","11","Nota alta + poucas avaliações - credibilidade","Oi, tudo bem? Achei o perfil de vocês em Costa Azul com nota 4.9 — parabéns! Uma nota que a maioria das lojas da região não tem. Posso te mandar um modelo de página pensado exatamente pra esse caso? É sem compromisso."
"Studio Afro Caroline Santana","Cajazeiras","+55 71 98787-7309","https://wa.me/5571987877309","4.9","9","Nota alta + poucas avaliações - credibilidade","Oi, Studio Afro Caroline Santana! Achei o perfil de vocês em Cajazeiras com nota 4.9 — parabéns! Uma nota que a maioria das lojas da região não tem. Posso te mandar um modelo de página pensado exatamente pra esse caso? É sem compromisso."
"Instituto de Beleza Salão do Carlos","Canabrava","+55 71 98864-6433","https://wa.me/5571988646433","4.9","7","Nota alta + poucas avaliações - credibilidade","Olá! Como vai? Achei o perfil de vocês em Canabrava com nota 4.9 — parabéns! Uma nota que a maioria das lojas da região não tem. Posso te mandar um modelo de página pensado exatamente pra esse caso? É sem compromisso."
"Pai e filho barbearia","Vila Laura","+55 71 99318-0793","https://wa.me/5571993180793","4.9","7","Nota alta + poucas avaliações - credibilidade","Oi! Tava procurando lojas por aqui e encontrei vocês. Achei o perfil de vocês em Vila Laura com nota 4.9 — parabéns! Uma nota que a maioria das lojas da região não tem. Posso te mandar um modelo de página pensado exatamente pra esse caso? É sem compromisso."
"Barbearia do Augusto","Boa Vista de Brotas","+55 71 99383-7811","https://wa.me/5571993837811","4.8","675","Muitas avaliações - automação/catálogo","Oi! Vi que vocês acumulam 675 avaliações em Boa Vista de Brotas com nota 4.8 — um dos perfis mais fortes que achei na região. Um site à altura disso captaria cliente direto do Google, sem depender só de indicação. Quer ver uma demonstração?"
"Dell Elegance","Cajazeiras","","","4.8","188","Sem telefone no cadastro","Olá! Encontrei o perfil de vocês no Google em Cajazeiras com nota 4.8 — a reputação existe, mas ninguém acha contato nem site. Um site com link direto pro WhatsApp resolve. Quer que eu te mostre como faria?"
"O Fluxo Barbearia","Sete de Abril","+55 71 98712-0021","https://wa.me/5571987120021","4.8","177","Muitas avaliações - automação/catálogo","Oi, pessoal da O Fluxo Barbearia! Vi que vocês acumulam 177 avaliações em Sete de Abril com nota 4.8 — um dos perfis mais fortes que achei na região. Um site à altura disso captaria cliente direto do Google, sem depender só de indicação. Quer ver uma demonstração?"
"Salão de beleza Lopes Coiffeur","STIEP","+55 71 99206-2522","https://wa.me/5571992062522","4.8","135","Prédio empresarial premium + muitas avaliações","Oi, pessoal da Salão de beleza Lopes Coiffeur! Vi que vocês atendem no Edf Atlanta Empresarial, em STIEP, com nota 4.8 e 135 avaliações — reputação sólida. Posso te mostrar como ficaria?"
"O Barbeiro da Bahia","Bonfim","+55 71 98787-4771","https://wa.me/5571987874771","4.8","133","Muitas avaliações - automação/catálogo","Oi! Tudo certo? Vi que vocês acumulam 133 avaliações em Bonfim com nota 4.8 — um dos perfis mais fortes que achei na região. Um site à altura disso captaria cliente direto do Google, sem depender só de indicação. Quer ver uma demonstração?"
"Reis Barber Shop","Nova Brasília","+55 71 98240-4989","https://wa.me/5571982404989","4.8","132","Muitas avaliações - automação/catálogo","Oi! 132 avaliações com nota 4.8 não é sorte — é trabalho bem feito. Um site à altura disso captaria cliente direto do Google, sem depender só de indicação. Quer ver uma demonstração?"
"Andrade Barbearia","Pero Vaz","+55 71 99137-3152","https://wa.me/5571991373152","4.8","127","Muitas avaliações - automação/catálogo","Olá, Andrade Barbearia! 127 avaliações com nota 4.8 no Google é prova de atendimento consistente — parabéns! Um site transformaria esse movimento em venda até fora do horário. Posso te mandar um exemplo?"
"Barbearia Passo A Passo","Nova Brasília","","","4.8","124","Sem telefone no cadastro","Oi, Barbearia Passo A Passo! Vi vocês listados no Google em Nova Brasília com nota 4.8, mas praticamente invisíveis pra quem pesquisa: sem site, sem catálogo, sem contato. Um site simples resolve isso rapidinho e evita perder cliente pra concorrência. Consigo te mostrar um exemplo, é só me chamar por aqui."
"GENTIL CONCEITO EM BELEZA","STIEP","+55 71 3043-4700","https://wa.me/557130434700","4.8","114","Muitas avaliações - automação/catálogo","Olá, GENTIL CONCEITO EM BELEZA! 114 avaliações com nota 4.8 não é sorte — é trabalho bem feito. Um site à altura disso captaria cliente direto do Google, sem depender só de indicação. Quer ver uma demonstração?"
"Barbearia Shalom","São Marcos","","","4.8","105","Sem telefone no cadastro","Oi! A loja de vocês em São Marcos aparece no Google com nota 4.8, mas sem telefone nem site pra quem quer chamar — e isso espanta cliente. Um site simples mudaria isso e evita perder espaço pra concorrência. Posso te mostrar um exemplo? É só responder por aqui."
"Barbearia Malhado Gigante","Mussurunga","+55 71 98649-6088","https://wa.me/5571986496088","4.8","103","Muitas avaliações - automação/catálogo","Oi! 103 avaliações em Mussurunga com nota 4.8 — a prova está nos números, falta só uma vitrine pra quem chega pelo Google. Um site à altura disso captaria cliente direto do Google, sem depender só de indicação. Quer ver uma demonstração?"
"Lucas Fashion Cortes","Pernambués","+55 71 3212-1526","https://wa.me/557132121526","4.8","90","Muitas avaliações - automação/catálogo","Oi, Lucas Fashion Cortes! 90 avaliações em Pernambués com nota 4.8 — a prova está nos números, falta só uma vitrine pra quem chega pelo Google. Um site à altura disso captaria cliente direto do Google, sem depender só de indicação. Quer ver uma demonstração?"
"Linda hair cabelos naturais","Praia Grande","+55 71 98215-1029","https://wa.me/5571982151029","4.8","87","Muitas avaliações - automação/catálogo","Oi, pessoal da Linda hair cabelos naturais! 87 avaliações em Praia Grande com nota 4.8 — a prova está nos números, falta só uma vitrine pra quem chega pelo Google. Um site à altura disso captaria cliente direto do Google, sem depender só de indicação. Quer ver uma demonstração?"
"Barbearia do Chico","Pituba","+55 71 98193-9973","https://wa.me/5571981939973","4.8","85","Muitas avaliações - automação/catálogo","Olá, Barbearia do Chico! 85 avaliações em Pituba com nota 4.8 — a prova está nos números, falta só uma vitrine pra quem chega pelo Google. Um site à altura disso captaria cliente direto do Google, sem depender só de indicação. Quer ver uma demonstração?"
"Barbearía Tambaú","Pituba","+55 71 99929-4945","https://wa.me/5571999294945","4.8","84","Muitas avaliações - automação/catálogo","Oi! Tudo certo? 84 avaliações em Pituba com nota 4.8 — a prova está nos números, falta só uma vitrine pra quem chega pelo Google. Um site à altura disso captaria cliente direto do Google, sem depender só de indicação. Quer ver uma demonstração?"
"Barbearia dos Gêmeos","Ribeira","+55 71 98740-8642","https://wa.me/5571987408642","4.8","83","Muitas avaliações - automação/catálogo","Oi! 83 avaliações com nota 4.8 no Google é prova de atendimento consistente — parabéns! Com um site, esse trabalho passa a se vender sozinho: catálogo, contato e orçamento sem precisar de atendente. Consigo te mostrar um modelo?"
"Odália Salão de Beleza","Pituba","+55 71 3351-8141","https://wa.me/557133518141","4.8","80","Muitas avaliações - automação/catálogo","Oi, Odália Salão de Beleza! 80 avaliações com nota 4.8 no Google é prova de atendimento consistente — parabéns! Com um site, esse trabalho passa a se vender sozinho: catálogo, contato e orçamento sem precisar de atendente. Consigo te mostrar um modelo?"
"Barbearia do Mário","Resgate","+55 71 99917-6496","https://wa.me/5571999176496","4.8","76","Muitas avaliações - automação/catálogo","Oi, pessoal da Barbearia do Mário! 76 avaliações com nota 4.8 no Google é prova de atendimento consistente — parabéns! Com um site, esse trabalho passa a se vender sozinho: catálogo, contato e orçamento sem precisar de atendente. Consigo te mostrar um modelo?"
"BOM BARBEIRO BARBERSHOP","São Caetano","","","4.8","71","Sem telefone no cadastro","Olá! Encontrei o perfil de vocês no Google em São Caetano com nota 4.8 — a reputação existe, mas ninguém acha contato nem site. Um site simples mudaria isso e evita perder espaço pra concorrência. Posso te mostrar um exemplo? É só responder por aqui."
"Deluxe Espaço de Beleza e Estética","Barra","+55 71 3264-5162","https://wa.me/557132645162","4.8","69","Muitas avaliações - automação/catálogo","Oi! Tudo certo? 69 avaliações com nota 4.8 no Google é prova de atendimento consistente — parabéns! Com um site, esse trabalho passa a se vender sozinho: catálogo, contato e orçamento sem precisar de atendente. Consigo te mostrar um modelo?"
"LOBOS BARBEARIA","Jardim das Margaridas","+55 71 98755-8907","https://wa.me/5571987558907","4.8","67","Muitas avaliações - automação/catálogo","Oi! 67 avaliações é muita gente atendida — tudo isso com nota 4.8. Com um site, esse trabalho passa a se vender sozinho: catálogo, contato e orçamento sem precisar de atendente. Consigo te mostrar um modelo?"
"Clube do Cabelo","Vale dos Lagos","+55 71 98660-1502","https://wa.me/5571986601502","4.8","65","Muitas avaliações - automação/catálogo","Oi, Clube do Cabelo! 65 avaliações é muita gente atendida — tudo isso com nota 4.8. Com um site, esse trabalho passa a se vender sozinho: catálogo, contato e orçamento sem precisar de atendente. Consigo te mostrar um modelo?"
"Barbearia London Barber","Pituba","+55 71 98556-7800","https://wa.me/5571985567800","4.8","63","Muitas avaliações - automação/catálogo","Oi, pessoal da Barbearia London Barber! 63 avaliações é muita gente atendida — tudo isso com nota 4.8. Com um site, esse trabalho passa a se vender sozinho: catálogo, contato e orçamento sem precisar de atendente. Consigo te mostrar um modelo?"
"BARBEARIA DO JOHN","Fazenda Grande II","+55 71 99672-0543","https://wa.me/5571996720543","4.8","56","Muitas avaliações - automação/catálogo","Olá, BARBEARIA DO JOHN! 56 avaliações é muita gente atendida — tudo isso com nota 4.8. Com um site, esse trabalho passa a se vender sozinho: catálogo, contato e orçamento sem precisar de atendente. Consigo te mostrar um modelo?"
"Barbearia do valter","Coutos","+55 71 98250-9540","https://wa.me/5571982509540","4.8","54","Muitas avaliações - automação/catálogo","Oi! Tudo certo? 54 avaliações é muita gente atendida — tudo isso com nota 4.8. Com um site, esse trabalho passa a se vender sozinho: catálogo, contato e orçamento sem precisar de atendente. Consigo te mostrar um modelo?"
"Taverna Viking Barbearia","Costa Azul","+55 71 99208-6008","https://wa.me/5571992086008","4.8","52","Muitas avaliações - automação/catálogo","Oi! Vi que vocês acumulam 52 avaliações em Costa Azul com nota 4.8 — um dos perfis mais fortes que achei na região. Com um site, esse trabalho passa a se vender sozinho: catálogo, contato e orçamento sem precisar de atendente. Consigo te mostrar um modelo?"
"Barbearia la Pegadah","São Cristóvão","+55 71 99296-1659","https://wa.me/5571992961659","4.8","50","Muitas avaliações - automação/catálogo","Oi! Vi que vocês acumulam 50 avaliações em São Cristóvão com nota 4.8 — um dos perfis mais fortes que achei na região. Um catálogo online deixaria parte do atendimento automática, sem perder qualidade, e abriria espaço pra crescer em horários que hoje ficam parados. Posso te mostrar como funcionaria?"
"Rm Barbearia","Mata Escura","","","4.8","48","Sem telefone no cadastro","Oi, Rm Barbearia! Vi vocês listados no Google em Mata Escura com nota 4.8, mas praticamente invisíveis pra quem pesquisa: sem site, sem catálogo, sem contato. Um site simples mudaria isso e evita perder espaço pra concorrência. Posso te mostrar um exemplo? É só responder por aqui."
"Barbearia Zé e Eduardo .","Paripe","+55 71 98626-2359","https://wa.me/5571986262359","4.8","48","Presença digital básica - concorrência","Oi, Barbearia Zé e Eduardo .! A loja de vocês em Paripe aparece no Google com nota 4.8, mas quem clica não encontra site nem catálogo. Posso te mostrar, em dois minutos, como ficaria a página de vocês. Sem compromisso, quer ver?"
"BARBEARIA BAR RESENHA BOA 02","São João do Cabrito","","","4.8","48","Sem telefone no cadastro","Oi, tudo bem? Encontrei o perfil de vocês no Google em São João do Cabrito com nota 4.8 — a reputação existe, mas ninguém acha contato nem site. Um site com link direto pro WhatsApp resolve. Quer que eu te mostre como faria?"
"Barbearia Tesoura de Ouro","Campo Grande","+55 71 99120-2435","https://wa.me/5571991202435","4.8","45","Presença digital básica - concorrência","Oi! Te achei pesquisando lojas na região. Pesquisei vocês em Campo Grande e a única coisa que achei foi o Google com nota 4.8 — site e catálogo não existem. Posso montar um modelo gratuito pra vocês verem como ficaria. Interessado?"
"Barbearia Master","Trobogy","+55 71 98351-2490","https://wa.me/5571983512490","4.8","44","Presença digital básica - concorrência","Oi! O perfil de vocês em Trobogy no Google tem nota 4.8, mas não leva ninguém a lugar nenhum — sem site, sem catálogo, sem WhatsApp visível. Um site simples resolve isso rapidinho e evita perder cliente pra concorrência. Posso te mostrar um exemplo?"
"Barbearia Do Eugenio","Sussuarana","","","4.8","43","Sem telefone no cadastro","Oi, Barbearia Do Eugenio! Vi o perfil de vocês no Google em Sussuarana com nota 4.8, mas quase sem informação pra quem procura. Um site com link direto pro WhatsApp resolve. Quer que eu te mostre como faria?"
"BARBEARIA","Itapuã","+55 71 98819-2961","https://wa.me/5571988192961","4.8","43","Presença digital básica - concorrência","Oi, BARBEARIA! A BARBEARIA em Itapuã tem nota 4.8, mas sem site, sem catálogo e sem página própria, quem pesquisa nem sabe o que vocês fazem. E acaba fechando com quem aparece melhor. Uma página simples muda esse jogo. Topa ver como ficaria?"
"Barbearia Yhavé","Pituba","+55 71 98688-8244","https://wa.me/5571986888244","4.8","43","Presença digital básica - concorrência","Olá! Vi a loja de vocês em Pituba com nota 4.8 no Google, mas quase sem informações pra quem pesquisa. Um site simples custa pouco e pesa muito na hora do cliente escolher. Posso te enviar um exemplo?"
"Barbearia Cortes Divinos","Itapuã","+55 71 98816-2110","https://wa.me/5571988162110","4.8","42","Presença digital básica - concorrência","Oi! Te achei pesquisando lojas na região. Encontrei a loja de vocês em Itapuã no Google, mas o perfil tem pouquíssima informação. Um site resolveria isso em poucos dias. Quer ver um modelo?"
"Barbearia do Calixto","Boca do Rio","+55 71 98708-4334","https://wa.me/5571987084334","4.8","41","Presença digital básica - concorrência","Oi! A loja de vocês em Boca do Rio aparece no Google com nota 4.8, mas quem clica não encontra site nem catálogo. Uma página simples conserta isso e ainda ajuda o Google a te achar. Quer ver o que eu faria?"
"Idearium Móveis","Pituba","+55 71 98175-2456","https://wa.me/5571981752456","4.8","40","Presença digital básica - concorrência","Oi, tudo bem? Encontrei a loja de vocês em Pituba — nota 4.8 no Google, mas o perfil não ajuda quem pesquisa. Posso te mostrar, em dois minutos, como ficaria a página de vocês. Sem compromisso, quer ver?"
"Augusto Barbearia","Pau da Lima","","","4.8","39","Sem telefone no cadastro","Oi! Encontrei o perfil de vocês no Google em Pau da Lima com nota 4.8 — a reputação existe, mas ninguém acha contato nem site. Uma página de uma página só já muda o jogo. Topa ver um modelo?"
"Barbearia De Toninho","Paripe","+55 71 3521-0260","https://wa.me/557135210260","4.8","39","Presença digital básica - concorrência","Olá! O perfil de vocês em Paripe no Google tem nota 4.8, mas não leva ninguém a lugar nenhum — sem site, sem catálogo, sem WhatsApp visível. Posso montar um modelo gratuito pra vocês verem como ficaria. Interessado?"
"La Lucce Espaço De Beleza","Caminho das Árvores","+55 71 3451-1400","https://wa.me/557134511400","4.8","38","Presença digital básica - concorrência","Oi! Te achei pesquisando lojas na região. Vocês aparecem em Caminho das Árvores com nota 4.8, mas quem pesquisa só encontra o perfil do Google — e nada além disso. Um site simples resolve isso rapidinho e evita perder cliente pra concorrência. Posso te mostrar um exemplo?"
"NEREU CORTES","Fazenda Grande I","+55 71 98528-0680","https://wa.me/5571985280680","4.8","38","Presença digital básica - concorrência","Oi! A NEREU CORTES em Fazenda Grande I tem nota 4.8, mas sem site, sem catálogo e sem página própria, quem pesquisa nem sabe o que vocês fazem. Enquanto isso, quem pesquisa acaba indo pra concorrência. Um site simples resolve isso. Quer ver uma demonstração?"
"Studio Moura Barbershop","Areia Branca","+55 71 99736-0312","https://wa.me/5571997360312","4.8","37","Presença digital básica - concorrência","Oi, tudo bem? Vi a loja de vocês em Areia Branca com nota 4.8 no Google, mas quase sem informações pra quem pesquisa. E acaba fechando com quem aparece melhor. Uma página simples muda esse jogo. Topa ver como ficaria?"
"Barbearia De Claudionor","Velha","+55 71 98167-5658","https://wa.me/5571981675658","4.8","32","Presença digital básica - concorrência","Oi, Barbearia De Claudionor! Encontrei a loja de vocês em Velha no Google, mas o perfil tem pouquíssima informação. Um site simples custa pouco e pesa muito na hora do cliente escolher. Posso te enviar um exemplo?"
"Encanto da beleza","Brotas","+55 71 99340-8496","https://wa.me/5571993408496","4.8","32","Presença digital básica - concorrência","Olá! A loja de vocês em Brotas aparece no Google com nota 4.8, mas quem clica não encontra site nem catálogo. Um site resolveria isso em poucos dias. Quer ver um modelo?"
"Rangelbarbershop","Engenho Velho da Federação","+55 71 98518-7939","https://wa.me/5571985187939","4.8","31","Presença digital básica - concorrência","Oi! Te achei pesquisando lojas na região. Encontrei a loja de vocês que trabalha com barbearia em Engenho Velho da Federação — nota 4.8 no Google, mas o perfil não ajuda quem pesquisa. Uma página simples conserta isso e ainda ajuda o Google a te achar. Quer ver o que eu faria?"
"Dom Beauty Studio","Itaigara","+55 71 3012-6473","https://wa.me/557130126473","4.8","29","Localização em shopping - posicionamento premium","Oi, tudo bem? Vi a Dom Beauty Studio em Itaigara no Google. Um site à altura desse ponto ajudaria a segurar quem pesquisa a loja antes de ir até o shopping. Topa ver um exemplo?"
"Barbearia Arko E Tarko","Itapuã","+55 71 99914-7414","https://wa.me/5571999147414","4.8","27","Presença digital básica - concorrência","Oi, tudo bem? O perfil de vocês em Itapuã no Google tem nota 4.8, mas não leva ninguém a lugar nenhum — sem site, sem catálogo, sem WhatsApp visível. Uma página simples resolveria isso rápido — e custa menos do que vocês imaginam. Topa dar uma olhada num exemplo?"
"Barbearia Eric hair style","Areia Branca","+55 71 99353-2050","https://wa.me/5571993532050","4.8","26","Presença digital básica - concorrência","Oi, Barbearia Eric hair style! Vocês aparecem em Areia Branca com nota 4.8, mas quem pesquisa só encontra o perfil do Google — e nada além disso. Posso montar um modelo gratuito pra vocês verem como ficaria. Interessado?"
"Barbearia Mil Grau","São Caetano","+55 71 98656-4741","https://wa.me/5571986564741","4.8","26","Presença digital básica - concorrência","Olá! A Barbearia Mil Grau em São Caetano tem nota 4.8, mas sem site, sem catálogo e sem página própria, quem pesquisa nem sabe o que vocês fazem. Um site simples resolve isso rapidinho e evita perder cliente pra concorrência. Posso te mostrar um exemplo?"
"Barbearia do Gilmar","Santa Cruz","+55 71 98896-5173","https://wa.me/5571988965173","4.8","24","Presença digital básica - concorrência","Oi! Te achei pesquisando lojas na região. Vi a loja de vocês em Santa Cruz com nota 4.8 no Google, mas quase sem informações pra quem pesquisa. Enquanto isso, quem pesquisa acaba indo pra concorrência. Um site simples resolve isso. Quer ver uma demonstração?"
"FERRARO BARBER SHOP","Boca do Rio","+55 71 98423-9686","https://wa.me/5571984239686","4.8","22","Presença digital básica - concorrência","Oi! Encontrei a loja de vocês em Boca do Rio no Google, mas o perfil tem pouquíssima informação. E acaba fechando com quem aparece melhor. Uma página simples muda esse jogo. Topa ver como ficaria?"
"Nalva Maiison","Graça","+55 71 3337-0937","https://wa.me/557133370937","4.8","21","Presença digital básica - concorrência","Oi, tudo bem? A loja de vocês em Graça aparece no Google com nota 4.8, mas quem clica não encontra site nem catálogo. Um site simples custa pouco e pesa muito na hora do cliente escolher. Posso te enviar um exemplo?"
"Pegada Evolution Barber Shop","Sete de Abril","+55 71 98687-8972","https://wa.me/5571986878972","4.8","19","Nota alta + poucas avaliações - credibilidade","Olá! Como vai? A loja de vocês que trabalha com barbearia em Sete de Abril tem nota 4.8 no Google, mas poucas avaliações pra comprovar. Com essa nota, um site simples vira a prova que falta. Quer ver um exemplo?"
"Priscila Santos Studio de beleza","Águas Claras","+55 71 99690-5780","https://wa.me/5571996905780","4.8","17","Nota alta + poucas avaliações - credibilidade","Oi! Tava procurando lojas por aqui e encontrei vocês. A loja de vocês que trabalha com cabeleireiro em Águas Claras tem nota 4.8 no Google, mas poucas avaliações pra comprovar. Com essa nota, um site simples vira a prova que falta. Quer ver um exemplo?"
"Barbearia Assis","Nordeste do Amaralina","+55 71 98623-0939","https://wa.me/5571986230939","4.8","17","Nota alta + poucas avaliações - credibilidade","Oi! Vocês têm nota 4.8 em Nordeste do Amaralina, mas quase nenhuma avaliação pra corroborar. Com essa nota, um site simples vira a prova que falta. Quer ver um exemplo?"
"VIKINGS BARBA","Vila Laura","+55 71 99112-1321","https://wa.me/5571991121321","4.8","16","Nota alta + poucas avaliações - credibilidade","Olá! Como vai? Vi a loja de vocês aqui em Vila Laura com nota 4.8 — só que ainda com poucas avaliações, uma pena, porque essa nota merecia aparecer mais. Um site profissional ajuda bastante nisso, reforçando a credibilidade pra quem tá pesquisando. Posso te mostrar como ficaria?"
"Barbearia Moderna","Castelo Branco","+55 71 99105-7091","https://wa.me/5571991057091","4.8","13","Nota alta + poucas avaliações - credibilidade","Oi, Barbearia Moderna! Vocês têm nota 4.8 em Castelo Branco, mas quase nenhuma avaliação pra corroborar. Com essa nota, um site simples vira a prova que falta. Quer ver um exemplo?"
"Salao de beleza Imperial Hair","São Rafael","+55 71 3213-8349","https://wa.me/557132138349","4.8","13","Nota alta + poucas avaliações - credibilidade","Olá! Como vai? Vocês têm nota 4.8 em São Rafael, mas quase nenhuma avaliação pra corroborar. Com essa nota, um site simples vira a prova que falta. Quer ver um exemplo?"
"STUDIO DE BELEZA BEAUTYHAIR Cabeleireiros","Jardim das Margaridas","+55 71 99252-6254","https://wa.me/5571992526254","4.8","13","Nota alta + poucas avaliações - credibilidade","Oi! Tava procurando lojas por aqui e encontrei vocês. Vocês têm nota 4.8 em Jardim das Margaridas, mas quase nenhuma avaliação pra corroborar. Com essa nota, um site simples vira a prova que falta. Quer ver um exemplo?"
"Espaço de Beleza Studio S - Vitoria Boulevard","Vitória","+55 71 3023-4219","https://wa.me/557130234219","4.8","13","Nota alta + poucas avaliações - credibilidade","Oi! O Google mostra a loja de vocês em Vitória com nota 4.8, mas são poucas avaliações — e quem ainda não conhece procura prova antes de chamar. Com essa nota, um site simples vira a prova que falta. Quer ver um exemplo?"
"Barbearia Barber Chief","São Caetano","+55 71 98643-6681","https://wa.me/5571986436681","4.8","12","Nota alta + poucas avaliações - credibilidade","Oi, tudo bem? O Google mostra a loja de vocês em São Caetano com nota 4.8, mas são poucas avaliações — e quem ainda não conhece procura prova antes de chamar. Com essa nota, um site simples vira a prova que falta. Quer ver um exemplo?"
"Raphael barber shop","Mussurunga","+55 71 98401-4115","https://wa.me/5571984014115","4.8","11","Nota alta + poucas avaliações - credibilidade","Oi, Raphael barber shop! O Google mostra a loja de vocês em Mussurunga com nota 4.8, mas são poucas avaliações — e quem ainda não conhece procura prova antes de chamar. Com essa nota, um site simples vira a prova que falta. Quer ver um exemplo?"
"Barbearia do Gringo 💈 💈","São Cristóvão","+55 71 98850-9871","https://wa.me/5571988509871","4.8","10","Nota alta + poucas avaliações - credibilidade","Oi! A loja de vocês em São Cristóvão tem nota 4.8 no Google, mas poucas avaliações pra comprovar. Um site profissional ajuda bastante nisso, reforçando a credibilidade pra quem tá pesquisando. Posso te mostrar como ficaria?"
"Barbearia Irmandade","Fazenda Grande III","","","4.8","9","Sem telefone no cadastro","Oi! Vi seu registro no Google. A loja de vocês em Fazenda Grande III aparece no Google com nota 4.8, mas sem telefone nem site pra quem quer chamar — e isso espanta cliente. Um exemplo simples de página mudaria isso. Posso te enviar?"
"Estudio Xavier Design","Sussuarana","+55 71 99147-6686","https://wa.me/5571991476686","4.8","9","Nota alta + poucas avaliações - credibilidade","Oi! A nota 4.8 em Sussuarana não bate com o número de avaliações — merecia aparecer mais pra quem pesquisa. Com essa nota, um site simples vira a prova que falta. Quer ver um exemplo?"
"A&F BARBER STOP","Cajazeiras","+55 71 99274-7831","https://wa.me/5571992747831","4.8","8","Nota alta + poucas avaliações - credibilidade","Oi, tudo bem? A nota 4.8 em Cajazeiras não bate com o número de avaliações — merecia aparecer mais pra quem pesquisa. Com essa nota, um site simples vira a prova que falta. Quer ver um exemplo?"
"BARBERSHOP","Pituba","+55 71 98743-5031","https://wa.me/5571987435031","4.8","6","Nota alta + poucas avaliações - credibilidade","Oi, BARBERSHOP! A nota 4.8 em Pituba não bate com o número de avaliações — merecia aparecer mais pra quem pesquisa. Com essa nota, um site simples vira a prova que falta. Quer ver um exemplo?"
"Maria Glamourosa","Pituba","+55 71 3451-2567","https://wa.me/557134512567","4.8","6","Nota alta + poucas avaliações - credibilidade","Olá! Como vai? A nota 4.8 em Pituba não bate com o número de avaliações — merecia aparecer mais pra quem pesquisa. Com essa nota, um site simples vira a prova que falta. Quer ver um exemplo?"
"Ala Masculina","Ondina","+55 71 98198-3982","https://wa.me/5571981983982","4.8","5","Nota alta + poucas avaliações - credibilidade","Oi! Tava procurando lojas por aqui e encontrei vocês. A nota 4.8 em Ondina não bate com o número de avaliações — merecia aparecer mais pra quem pesquisa. Com essa nota, um site simples vira a prova que falta. Quer ver um exemplo?"
"Armazém Barbearia","Pirajá","+55 71 3561-1028","https://wa.me/557135611028","4.8","4","Nota alta + poucas avaliações - credibilidade","Oi, tudo bem? O perfil de vocês em Pirajá acumula nota 4.8, mas são poucas avaliações pra transformar isso em confiança na busca. Um site profissional puxaria mais gente que pesquisa uma loja confiável na região — a nota de vocês fala por si só. Quer ver um exemplo rápido?"
"Barbeabar","Barra","+55 71 98448-6467","https://wa.me/5571984486467","4.8","4","Nota alta + poucas avaliações - credibilidade","Oi, tudo bem? Encontrei o perfil de vocês em Barra com nota 4.8, mas com tão poucas avaliações que a nota acaba não pesando na escolha. Com essa nota, um site simples vira a prova que falta. Quer ver um exemplo?"
"Salvador Caps Club","Boca do Rio","","","4.8","4","Sem telefone no cadastro","Oi, Salvador Caps Club! Encontrei o perfil de vocês no Google em Boca do Rio com nota 4.8 — a reputação existe, mas ninguém acha contato nem site. Um exemplo simples de página mudaria isso. Posso te enviar?"
"Chicago Outfit Barbearia","Costa Azul","+55 71 2132-4200","https://wa.me/557121324200","4.7","155","Muitas avaliações - automação/catálogo","Oi! 155 avaliações em Costa Azul com nota 4.7 — a prova está nos números, falta só uma vitrine pra quem chega pelo Google. Um catálogo online deixaria parte do atendimento automática, sem perder qualidade, e abriria espaço pra crescer em horários que hoje ficam parados. Posso te mostrar como funcionaria?"
"Instituto de Beleza - Maison 55","Pituba","+55 71 3345-4891","https://wa.me/557133454891","4.7","143","Muitas avaliações - automação/catálogo","Oi, pessoal da Instituto de Beleza - Maison 55! 143 avaliações é muita gente atendida — tudo isso com nota 4.7. Um catálogo online deixaria parte do atendimento automática, sem perder qualidade, e abriria espaço pra crescer em horários que hoje ficam parados. Posso te mostrar como funcionaria?"
"GUITO’s BARBER","São Cristóvão","+55 71 99209-4408","https://wa.me/5571992094408","4.7","106","Muitas avaliações - automação/catálogo","Oi, pessoal da GUITO’s BARBER! 106 avaliações em São Cristóvão com nota 4.7 — a prova está nos números, falta só uma vitrine pra quem chega pelo Google. Um catálogo online deixaria parte do atendimento automática, sem perder qualidade, e abriria espaço pra crescer em horários que hoje ficam parados. Posso te mostrar como funcionaria?"
"Barbearia Alpha","São Cristóvão","+55 71 98344-2840","https://wa.me/5571983442840","4.7","89","Muitas avaliações - automação/catálogo","Olá, Barbearia Alpha! 89 avaliações em São Cristóvão com nota 4.7 — a prova está nos números, falta só uma vitrine pra quem chega pelo Google. Um catálogo online deixaria parte do atendimento automática, sem perder qualidade, e abriria espaço pra crescer em horários que hoje ficam parados. Posso te mostrar como funcionaria?"
"Barbearia Narandiba","São Gonçalo","+55 71 3384-8300","https://wa.me/557133848300","4.7","79","Muitas avaliações - automação/catálogo","Oi! Tudo certo? 79 avaliações é muita gente atendida — tudo isso com nota 4.7. Um site transformaria esse movimento em venda até fora do horário. Posso te mandar um exemplo?"
"Salão de beleza RX Cabeleireiro","Pernambués","+55 71 3237-7882","https://wa.me/557132377882","4.7","72","Muitas avaliações - automação/catálogo","Oi! 72 avaliações com nota 4.7 no Google é prova de atendimento consistente — parabéns! Um site à altura disso captaria cliente direto do Google, sem depender só de indicação. Quer ver uma demonstração?"
"Barbearia 2 Irmãos","Cajazeiras","+55 71 99697-2964","https://wa.me/5571996972964","4.7","64","Muitas avaliações - automação/catálogo","Olá, Barbearia 2 Irmãos! Vi que vocês acumulam 64 avaliações em Cajazeiras com nota 4.7 — um dos perfis mais fortes que achei na região. Com um site, esse trabalho passa a se vender sozinho: catálogo, contato e orçamento sem precisar de atendente. Consigo te mostrar um modelo?"
"CURSO DE BARBEIRO VISAGE","STIEP","+55 75 98195-9839","https://wa.me/5575981959839","4.7","62","Muitas avaliações - automação/catálogo","Oi, pessoal da CURSO DE BARBEIRO VISAGE! 62 avaliações com nota 4.7 no Google é prova de atendimento consistente — parabéns! Um site à altura disso captaria cliente direto do Google, sem depender só de indicação. Quer ver uma demonstração?"
"Queridinha Salão de Beleza","Barra","+55 71 3506-3327","https://wa.me/557135063327","4.7","53","Muitas avaliações - automação/catálogo","Oi! 53 avaliações com nota 4.7 não é sorte — é trabalho bem feito. Com um site, esse trabalho passa a se vender sozinho: catálogo, contato e orçamento sem precisar de atendente. Consigo te mostrar um modelo?"
"Minha barbearia","Pituba","+55 71 98801-5169","https://wa.me/5571988015169","4.7","51","Muitas avaliações - automação/catálogo","Oi, Minha barbearia! 51 avaliações com nota 4.7 não é sorte — é trabalho bem feito. Com um site, esse trabalho passa a se vender sozinho: catálogo, contato e orçamento sem precisar de atendente. Consigo te mostrar um modelo?"
"Barbearia JB","Alto do Coqueirinho","+55 71 98357-8352","https://wa.me/5571983578352","4.7","50","Muitas avaliações - automação/catálogo","Oi, pessoal da Barbearia JB! 50 avaliações com nota 4.7 não é sorte — é trabalho bem feito. Com um site, esse trabalho passa a se vender sozinho: catálogo, contato e orçamento sem precisar de atendente. Consigo te mostrar um modelo?"
"Barbearia Show De Corte","São Caetano","","","4.7","49","Sem telefone no cadastro","Oi! Vi seu registro no Google. A loja de vocês em São Caetano aparece no Google com nota 4.7, mas sem telefone nem site pra quem quer chamar — e isso espanta cliente. Uma página de uma página só já muda o jogo. Topa ver um modelo?"
"Retrô 50 Barber Shop","Engenho Velho de Brotas","","","4.7","48","Sem telefone no cadastro","Oi, Retrô 50 Barber Shop! A loja de vocês em Engenho Velho de Brotas aparece no Google com nota 4.7, mas sem telefone nem site pra quem quer chamar — e isso espanta cliente. Um site simples mudaria isso e evita perder espaço pra concorrência. Posso te mostrar um exemplo? É só responder por aqui."
"BarberShop George Fagundes","Cabula","+55 71 99217-4872","https://wa.me/5571992174872","4.7","41","Presença digital básica - concorrência","Oi! Te achei pesquisando lojas na região. Vi a loja de vocês em Cabula com nota 4.7 no Google, mas quase sem informações pra quem pesquisa. Uma página simples conserta isso e ainda ajuda o Google a te achar. Quer ver o que eu faria?"
"Spa da Beleza Salão de Beleza em Salvador","Pernambués","+55 71 3211-5225","https://wa.me/557132115225","4.7","40","Presença digital básica - concorrência","Oi, Spa da Beleza Salão de Beleza em Salvador! A Spa da Beleza Salão de Beleza em Salvador em Pernambués tem nota 4.7, mas sem site, sem catálogo e sem página própria, quem pesquisa nem sabe o que vocês fazem. Um site simples resolve isso rapidinho e evita perder cliente pra concorrência. Posso te mostrar um exemplo?"
"Espaço Hair","Stella Maris","+55 71 99316-0924","https://wa.me/5571993160924","4.7","38","Localização em shopping - posicionamento premium","Oi, Espaço Hair! Vi que a Espaço Hair atende no Shopping Atlântico Sul, em Stella Maris. Uma página simples segura esse cliente. Quer ver um exemplo?"
"Barber Shop JB o Rei do Disfarce","Dom Avelar","+55 71 98745-3966","https://wa.me/5571987453966","4.7","33","Presença digital básica - concorrência","Oi! Vocês aparecem em Dom Avelar com nota 4.7, mas quem pesquisa só encontra o perfil do Google — e nada além disso. E acaba fechando com quem aparece melhor. Uma página simples muda esse jogo. Topa ver como ficaria?"
"Barbearia ValStyllo","Nova Esperança","+55 71 99665-7375","https://wa.me/5571996657375","4.7","33","Presença digital básica - concorrência","Oi! Vi a loja de vocês em Nova Esperança com nota 4.7 no Google, mas quase sem informações pra quem pesquisa. Enquanto isso, quem pesquisa acaba indo pra concorrência. Um site simples resolve isso. Quer ver uma demonstração?"
"Studio Jefin Cortes","Sussuarana","+55 71 98842-9514","https://wa.me/5571988429514","4.7","30","Presença digital básica - concorrência","Olá! Encontrei a loja de vocês em Sussuarana no Google, mas o perfil tem pouquíssima informação. Uma página simples conserta isso e ainda ajuda o Google a te achar. Quer ver o que eu faria?"
"Querida Hair Nail","Pituba","+55 71 99712-0022","https://wa.me/5571997120022","4.7","26","Presença digital básica - concorrência","Oi! Te achei pesquisando lojas na região. A Querida Hair Nail em Pituba tem nota 4.7, mas sem site, sem catálogo e sem página própria, quem pesquisa nem sabe o que vocês fazem. Enquanto isso, quem pesquisa acaba indo pra concorrência. Um site simples resolve isso. Quer ver uma demonstração?"
"Barbearia Eládio","Cajazeiras","+55 71 98816-7004","https://wa.me/5571988167004","4.7","26","Presença digital básica - concorrência","Oi! Encontrei a loja de vocês em Cajazeiras — nota 4.7 no Google, mas o perfil não ajuda quem pesquisa. Uma página simples resolveria isso rápido — e custa menos do que vocês imaginam. Topa dar uma olhada num exemplo?"
"Nil cabeleireira","Stella Maris","+55 71 99183-5160","https://wa.me/5571991835160","4.7","25","Presença digital básica - concorrência","Olá! A Nil cabeleireira em Stella Maris tem nota 4.7, mas sem site, sem catálogo e sem página própria, quem pesquisa nem sabe o que vocês fazem. E acaba fechando com quem aparece melhor. Uma página simples muda esse jogo. Topa ver como ficaria?"
"Barbearia Elson Big Boy","Águas Claras","+55 71 99198-7224","https://wa.me/5571991987224","4.7","24","Presença digital básica - concorrência","Oi! Encontrei a loja de vocês em Águas Claras no Google, mas o perfil tem pouquíssima informação. Enquanto isso, quem pesquisa acaba indo pra concorrência. Um site simples resolve isso. Quer ver uma demonstração?"
"Milena Casaes Beauty","Barra","+55 71 99121-0112","https://wa.me/5571991210112","4.7","21","Presença digital básica - concorrência","Oi, tudo bem? Encontrei a loja de vocês em Barra no Google, mas o perfil tem pouquíssima informação. Enquanto isso, quem pesquisa acaba indo pra concorrência. Um site simples resolve isso. Quer ver uma demonstração?"
"Barbearia santana","Rio Sena","+55 71 98474-0186","https://wa.me/5571984740186","4.7","20","Presença digital básica - concorrência","Oi! Te achei pesquisando lojas na região. A Barbearia santana em Rio Sena tem nota 4.7, mas sem site, sem catálogo e sem página própria, quem pesquisa nem sabe o que vocês fazem. E acaba fechando com quem aparece melhor. Uma página simples muda esse jogo. Topa ver como ficaria?"
"Saskia Hair Stylist","Graça","+55 71 3035-2090","https://wa.me/557130352090","4.7","19","Nota alta + poucas avaliações - credibilidade","Olá! Como vai? Achei o perfil de vocês em Graça com nota 4.7 — parabéns! Uma nota que a maioria das lojas da região não tem. Um site profissional ajuda bastante nisso, reforçando a credibilidade pra quem tá pesquisando. Posso te mostrar como ficaria?"
"Salão Bom Corte Itaigara","Pituba","+55 71 3011-4830","https://wa.me/557130114830","4.7","18","Nota alta + poucas avaliações - credibilidade","Oi! Tava procurando lojas por aqui e encontrei vocês. Achei o perfil de vocês em Pituba com nota 4.7 — parabéns! Uma nota que a maioria das lojas da região não tem. Um site profissional ajuda bastante nisso, reforçando a credibilidade pra quem tá pesquisando. Posso te mostrar como ficaria?"
"Kaline Moreira Beauty Studio","Caminho das Árvores","+55 71 98751-5886","https://wa.me/5571987515886","4.7","14","Nota alta + poucas avaliações - credibilidade","Oi, Kaline Moreira Beauty Studio! nota 4.7 em Caminho das Árvores é um belo cartão de visita — só falta gente pra confirmar isso publicamente no Google. Um site profissional ajuda bastante nisso, reforçando a credibilidade pra quem tá pesquisando. Posso te mostrar como ficaria?"
"SR FAGNER barbershop","Federação","+55 71 99321-9101","https://wa.me/5571993219101","4.7","13","Nota alta + poucas avaliações - credibilidade","Oi, tudo bem? A loja de vocês que trabalha com cabeleireiro em Federação tem nota 4.7 no Google, mas poucas avaliações pra comprovar. Um site profissional ajuda bastante nisso, reforçando a credibilidade pra quem tá pesquisando. Posso te mostrar como ficaria?"
"Le Classic","Graça","+55 71 3235-5859","https://wa.me/557132355859","4.7","11","Nota alta + poucas avaliações - credibilidade","Oi, Le Classic! A loja de vocês que trabalha com salão de beleza em Graça tem nota 4.7 no Google, mas poucas avaliações pra comprovar. Um site profissional ajuda bastante nisso, reforçando a credibilidade pra quem tá pesquisando. Posso te mostrar como ficaria?"
"Barbearia 08 de Julho","Brotas","+55 71 98785-0819","https://wa.me/5571987850819","4.7","10","Nota alta + poucas avaliações - credibilidade","Olá! Como vai? A loja de vocês em Brotas tem nota 4.7 no Google, mas poucas avaliações pra comprovar. Um site profissional ajuda bastante nisso, reforçando a credibilidade pra quem tá pesquisando. Posso te mostrar como ficaria?"
"Prime Car Barbearia","Pituba","+55 71 99954-9132","https://wa.me/5571999549132","4.7","9","Nota alta + poucas avaliações - credibilidade","Oi! Tava procurando lojas por aqui e encontrei vocês. A loja de vocês em Pituba tem nota 4.7 no Google, mas poucas avaliações pra comprovar. Um site profissional ajuda bastante nisso, reforçando a credibilidade pra quem tá pesquisando. Posso te mostrar como ficaria?"
"Júlio Britto Cabeleireiro","Pau da Lima","+55 71 98893-0250","https://wa.me/5571988930250","4.7","6","Nota alta + poucas avaliações - credibilidade","Oi! Vocês têm nota 4.7 em Pau da Lima, mas quase nenhuma avaliação pra corroborar. Um site profissional ajuda bastante nisso, reforçando a credibilidade pra quem tá pesquisando. Posso te mostrar como ficaria?"
"Niveo's Barbearia","Itapuã","+55 71 99210-1490","https://wa.me/5571992101490","4.7","6","Nota alta + poucas avaliações - credibilidade","Oi, tudo bem? Vocês têm nota 4.7 em Itapuã, mas quase nenhuma avaliação pra corroborar. Um site profissional ajuda bastante nisso, reforçando a credibilidade pra quem tá pesquisando. Posso te mostrar como ficaria?"
"Valentin Barber Club","São Rafael","+55 71 98211-7864","https://wa.me/5571982117864","4.7","3","Nota alta + poucas avaliações - credibilidade","Olá! Como vai? A nota 4.7 em São Rafael não bate com o número de avaliações — merecia aparecer mais pra quem pesquisa. Um site profissional transforma essa reputação em cliente novo e mostra o trabalho de vocês. Topa ver um modelo?"
"Mania de Beleza Barbearia","Costa Azul","+55 71 98456-5161","https://wa.me/5571984565161","4.7","3","Nota alta + poucas avaliações - credibilidade","Olá! Como vai? Vocês têm nota 4.7 em Costa Azul, mas quase nenhuma avaliação pra corroborar. Um site profissional ajuda bastante nisso, reforçando a credibilidade pra quem tá pesquisando. Posso te mostrar como ficaria?"
"Barbearia do bigu","Itapuã","+55 71 99128-9680","https://wa.me/5571991289680","4.6","183","Muitas avaliações - automação/catálogo","Oi! Tudo certo? 183 avaliações com nota 4.6 não é sorte — é trabalho bem feito. Um catálogo online deixaria parte do atendimento automática, sem perder qualidade, e abriria espaço pra crescer em horários que hoje ficam parados. Posso te mostrar como funcionaria?"
"Barbearia Studio 17","Luiz Anselmo","+55 71 98884-0227","https://wa.me/5571988840227","4.6","141","Muitas avaliações - automação/catálogo","Oi, Barbearia Studio 17! 141 avaliações é muita gente atendida — tudo isso com nota 4.6. Um catálogo online deixaria parte do atendimento automática, sem perder qualidade, e abriria espaço pra crescer em horários que hoje ficam parados. Posso te mostrar como funcionaria?"
"Espaço de Beleza Studio S","Itaigara","+55 71 98192-6110","https://wa.me/5571981926110","4.6","93","Muitas avaliações - automação/catálogo","Oi! Tudo certo? 93 avaliações com nota 4.6 não é sorte — é trabalho bem feito. Um site à altura disso captaria cliente direto do Google, sem depender só de indicação. Quer ver uma demonstração?"
"Studio Rosana Ribeiro","São Caetano","+55 71 3213-3690","https://wa.me/557132133690","4.6","88","Muitas avaliações - automação/catálogo","Olá, Studio Rosana Ribeiro! 88 avaliações é muita gente atendida — tudo isso com nota 4.6. Um catálogo online deixaria parte do atendimento automática, sem perder qualidade, e abriria espaço pra crescer em horários que hoje ficam parados. Posso te mostrar como funcionaria?"
"Barbero Club Shopping da Bahia","Caminho das Árvores","+55 71 99269-6064","https://wa.me/5571992696064","4.6","77","Localização em shopping + muitas avaliações - premium/automação","Oi! Vocês estão em Caminho das Árvores com nota 4.6 e 77 avaliações — um fluxo grande de gente passando por ali. Um site captaria essa demanda até fora do horário do shopping. Posso te mostrar como funcionaria?"
"Barbearia do Beto","São Caetano","+55 71 3218-0625","https://wa.me/557132180625","4.6","76","Muitas avaliações - automação/catálogo","Olá, Barbearia do Beto! 76 avaliações é muita gente atendida — tudo isso com nota 4.6. Um site à altura disso captaria cliente direto do Google, sem depender só de indicação. Quer ver uma demonstração?"
"Janne Oliver","Graça","+55 71 99248-5344","https://wa.me/5571992485344","4.6","76","Muitas avaliações - automação/catálogo","Oi, pessoal da Janne Oliver! Vi que vocês acumulam 76 avaliações em Graça com nota 4.6 — um dos perfis mais fortes que achei na região. Com um site, esse trabalho passa a se vender sozinho: catálogo, contato e orçamento sem precisar de atendente. Consigo te mostrar um modelo?"
"1000grau barbershop","Federação","+55 71 98775-0878","https://wa.me/5571987750878","4.6","62","Muitas avaliações - automação/catálogo","Oi, pessoal da 1000grau barbershop! Vi que vocês acumulam 62 avaliações em Federação com nota 4.6 — um dos perfis mais fortes que achei na região. Um catálogo online deixaria parte do atendimento automática, sem perder qualidade, e abriria espaço pra crescer em horários que hoje ficam parados. Posso te mostrar como funcionaria?"
"Barber Club","Itaigara","+55 71 99700-3900","https://wa.me/5571997003900","4.6","53","Muitas avaliações - automação/catálogo","Oi! Tudo certo? Vi que vocês acumulam 53 avaliações em Itaigara com nota 4.6 — um dos perfis mais fortes que achei na região. Com um site, esse trabalho passa a se vender sozinho: catálogo, contato e orçamento sem precisar de atendente. Consigo te mostrar um modelo?"
"Beauty Bahia Pituba","Pituba","+55 71 3486-5976","https://wa.me/557134865976","4.6","53","Muitas avaliações - automação/catálogo","Oi! Tudo certo? Vi que vocês acumulam 53 avaliações em Pituba com nota 4.6 — um dos perfis mais fortes que achei na região. Um catálogo online deixaria parte do atendimento automática, sem perder qualidade, e abriria espaço pra crescer em horários que hoje ficam parados. Posso te mostrar como funcionaria?"
"Bela Barba Barbearia","STIEP","+55 71 3021-1730","https://wa.me/557130211730","4.6","42","Presença digital básica - concorrência","Olá! O perfil de vocês em STIEP no Google tem nota 4.6, mas não leva ninguém a lugar nenhum — sem site, sem catálogo, sem WhatsApp visível. Uma página simples resolveria isso rápido — e custa menos do que vocês imaginam. Topa dar uma olhada num exemplo?"
"Barbearia da Vila","Jardim Placaford","+55 71 99111-1320","https://wa.me/5571991111320","4.6","37","Presença digital básica - concorrência","Oi! Te achei pesquisando lojas na região. Vocês aparecem em Jardim Placaford com nota 4.6, mas quem pesquisa só encontra o perfil do Google — e nada além disso. Posso montar um modelo gratuito pra vocês verem como ficaria. Interessado?"
"Barbearia Estética da cabeça","Trobogy","+55 71 99913-3960","https://wa.me/5571999133960","4.6","35","Presença digital básica - concorrência","Oi! A Barbearia Estética da cabeça em Trobogy tem nota 4.6, mas sem site, sem catálogo e sem página própria, quem pesquisa nem sabe o que vocês fazem. Um site simples resolve isso rapidinho e evita perder cliente pra concorrência. Posso te mostrar um exemplo?"
"Barbearia Do Irmão Léo","Marechal Rondon","","","4.6","33","Sem telefone no cadastro","Oi! Vi seu registro no Google. Encontrei o perfil de vocês no Google em Marechal Rondon com nota 4.6 — a reputação existe, mas ninguém acha contato nem site. Um exemplo simples de página mudaria isso. Posso te enviar?"
"✂BARBEARIA DO BAKANA ✂","Bairro da Paz","","","4.6","32","Sem telefone no cadastro","Olá! A loja de vocês em Bairro da Paz aparece no Google com nota 4.6, mas sem telefone nem site pra quem quer chamar — e isso espanta cliente. Um site simples mudaria isso e evita perder espaço pra concorrência. Posso te mostrar um exemplo? É só responder por aqui."
"Barberia Do Lascado","Piatã","+55 71 98839-2191","https://wa.me/5571988392191","4.6","18","Nota alta + poucas avaliações - credibilidade","Oi! Tava procurando lojas por aqui e encontrei vocês. Encontrei o perfil de vocês em Piatã com nota 4.6, mas com tão poucas avaliações que a nota acaba não pesando na escolha. Um site profissional ajuda bastante nisso, reforçando a credibilidade pra quem tá pesquisando. Posso te mostrar como ficaria?"
"BARBEARIA D'SOUZA","Castelo Branco","+55 71 98740-5001","https://wa.me/5571987405001","4.6","16","Nota alta + poucas avaliações - credibilidade","Oi! Vi a nota 4.6 em Castelo Branco no perfil de vocês, mas com tão poucas avaliações que ela ainda nem aparece direito no Google. Um site profissional ajuda bastante nisso, reforçando a credibilidade pra quem tá pesquisando. Posso te mostrar como ficaria?"
"Santa Beleza","Barra","+55 71 99272-6071","https://wa.me/5571992726071","4.6","15","Nota alta + poucas avaliações - credibilidade","Olá! Como vai? Achei o perfil de vocês em Barra com nota 4.6 — parabéns! Uma nota que a maioria das lojas da região não tem. Uma página de apresentação simples mudaria isso em poucos dias. Quer ver um exemplo do que eu faria?"
"Barbearia do Seu João","São Caetano","","","4.6","12","Sem telefone no cadastro","Oi, Barbearia do Seu João! Vi o perfil de vocês no Google em São Caetano com nota 4.6, mas quase sem informação pra quem procura. Um site simples mudaria isso e evita perder espaço pra concorrência. Posso te mostrar um exemplo? É só responder por aqui."
"Salão Novos e Velhos Pituba","Pituba","+55 71 3248-4474","https://wa.me/557132484474","4.6","11","Nota alta + poucas avaliações - credibilidade","Olá! Como vai? Vi a nota 4.6 em Pituba no perfil de vocês, mas com tão poucas avaliações que ela ainda nem aparece direito no Google. Um site profissional ajuda bastante nisso, reforçando a credibilidade pra quem tá pesquisando. Posso te mostrar como ficaria?"
"SALVADOR BEAUTY","Pituba","+55 71 3565-6542","https://wa.me/557135656542","4.6","11","Nota alta + poucas avaliações - credibilidade","Oi! Tava procurando lojas por aqui e encontrei vocês. Vi a nota 4.6 em Pituba no perfil de vocês, mas com tão poucas avaliações que ela ainda nem aparece direito no Google. Um site profissional ajuda bastante nisso, reforçando a credibilidade pra quem tá pesquisando. Posso te mostrar como ficaria?"
"Elly Barbosa","Vila Ruy Barbosa","+55 71 98630-8583","https://wa.me/5571986308583","4.6","10","Nota alta + poucas avaliações - credibilidade","Oi! O perfil de vocês em Vila Ruy Barbosa acumula nota 4.6, mas são poucas avaliações pra transformar isso em confiança na busca. Um site profissional ajuda bastante nisso, reforçando a credibilidade pra quem tá pesquisando. Posso te mostrar como ficaria?"
"Espaço Performance","Pituba","+55 71 99119-5269","https://wa.me/5571991195269","4.5","259","Muitas avaliações - automação/catálogo","Olá, Espaço Performance! Vi que vocês acumulam 259 avaliações em Pituba com nota 4.5 — um dos perfis mais fortes que achei na região. Um catálogo online deixaria parte do atendimento automática, sem perder qualidade, e abriria espaço pra crescer em horários que hoje ficam parados. Posso te mostrar como funcionaria?"
"Barber Boss","Pituba","+55 71 98798-9240","https://wa.me/5571987989240","4.5","175","Muitas avaliações - automação/catálogo","Oi, pessoal da Barber Boss! 175 avaliações com nota 4.5 não é sorte — é trabalho bem feito. Um site à altura disso captaria cliente direto do Google, sem depender só de indicação. Quer ver uma demonstração?"
"Salão Vitória Beauty","Vitória","+55 71 3506-7784","https://wa.me/557135067784","4.5","98","Muitas avaliações - automação/catálogo","Oi! 98 avaliações é muita gente atendida — tudo isso com nota 4.5. Um site transformaria esse movimento em venda até fora do horário. Posso te mandar um exemplo?"
"Studio da Beleza","Comércio","+55 71 98148-8997","https://wa.me/5571981488997","4.5","73","Muitas avaliações - automação/catálogo","Oi, Studio da Beleza! 73 avaliações é muita gente atendida — tudo isso com nota 4.5. Um site transformaria esse movimento em venda até fora do horário. Posso te mandar um exemplo?"
"Barbearia Seu Vadinho","Jardim Placaford","+55 71 99311-6180","https://wa.me/5571993116180","4.5","66","Muitas avaliações - automação/catálogo","Oi, pessoal da Barbearia Seu Vadinho! 66 avaliações é muita gente atendida — tudo isso com nota 4.5. Um site transformaria esse movimento em venda até fora do horário. Posso te mandar um exemplo?"
"Zelito Barber","Mussurunga","+55 71 98608-5838","https://wa.me/5571986085838","4.5","42","Presença digital básica - concorrência","Oi! Vocês aparecem em Mussurunga com nota 4.5, mas quem pesquisa só encontra o perfil do Google — e nada além disso. Posso te mostrar, em dois minutos, como ficaria a página de vocês. Sem compromisso, quer ver?"
"Barbearia Rodrig'Art e Studio de Tatoo. ""Fabio Loureiro""","Cajazeiras XI","+55 71 98857-9556","https://wa.me/5571988579556","4.5","35","Presença digital básica - concorrência","Oi, tudo bem? A Barbearia Rodrig'Art e Studio de Tatoo. ""Fabio Loureiro"" em Cajazeiras XI tem nota 4.5, mas sem site, sem catálogo e sem página própria, quem pesquisa nem sabe o que vocês fazem. Uma página simples resolveria isso rápido — e custa menos do que vocês imaginam. Topa dar uma olhada num exemplo?"
"Carol Carvalho Centro de Beleza","Caminho das Árvores","+55 71 99711-8930","https://wa.me/5571997118930","4.5","25","Localização em shopping - posicionamento premium","Oi, tudo bem? Vi a Carol Carvalho Centro de Beleza em Caminho das Árvores no Google. Uma página simples segura esse cliente. Quer ver um exemplo?"
"Salão e Barbearia Dom Emanuel","Vale das Pedrinhas","+55 71 98887-0293","https://wa.me/5571988870293","4.5","22","Presença digital básica - concorrência","Olá! Encontrei a loja de vocês em Vale das Pedrinhas no Google, mas o perfil tem pouquíssima informação. Um site simples resolve isso rapidinho e evita perder cliente pra concorrência. Posso te mostrar um exemplo?"
"Muca barber","Fazenda Grande I","+55 71 98861-0879","https://wa.me/5571988610879","4.5","15","Nota alta + poucas avaliações - credibilidade","Oi! Vi a loja de vocês aqui em Fazenda Grande I com nota 4.5 — só que ainda com poucas avaliações, uma pena, porque essa nota merecia aparecer mais. Um site profissional puxaria mais gente que pesquisa uma loja confiável na região — a nota de vocês fala por si só. Quer ver um exemplo rápido?"
"l'bellas Studio de beleza","Barra","+55 71 98405-3986","https://wa.me/5571984053986","4.5","15","Nota alta + poucas avaliações - credibilidade","Oi, tudo bem? Vi a loja de vocês aqui em Barra com nota 4.5 — só que ainda com poucas avaliações, uma pena, porque essa nota merecia aparecer mais. Um site profissional puxaria mais gente que pesquisa uma loja confiável na região — a nota de vocês fala por si só. Quer ver um exemplo rápido?"
"Nova Aparência","Pau da Lima","","","4.5","13","Sem telefone no cadastro","Oi, Nova Aparência! A loja de vocês em Pau da Lima aparece no Google com nota 4.5, mas sem telefone nem site pra quem quer chamar — e isso espanta cliente. Um site com link direto pro WhatsApp resolve. Quer que eu te mostre como faria?"
"Espaço Beauty 360","Pituaçu","+55 71 3565-2415","https://wa.me/557135652415","4.5","13","Nota alta + poucas avaliações - credibilidade","Olá! Como vai? Vi a loja de vocês aqui em Pituaçu com nota 4.5 — só que ainda com poucas avaliações, uma pena, porque essa nota merecia aparecer mais. Um site profissional puxaria mais gente que pesquisa uma loja confiável na região — a nota de vocês fala por si só. Quer ver um exemplo rápido?"
"Barbearia Carneiro","Canabrava","+55 71 98162-6044","https://wa.me/5571981626044","4.5","11","Nota alta + poucas avaliações - credibilidade","Oi, Barbearia Carneiro! Vi a loja de vocês aqui em Canabrava com nota 4.5 — só que ainda com poucas avaliações, uma pena, porque essa nota merecia aparecer mais. Com um site, essa nota vira argumento de venda. Quer ver como aplicaria?"
"Studio Alina Carmezim","STIEP","+55 71 99131-6382","https://wa.me/5571991316382","4.5","10","Nota alta + poucas avaliações - credibilidade","Oi! Achei o perfil de vocês em STIEP com nota 4.5 — parabéns! Uma nota que a maioria das lojas da região não tem. Um site profissional puxaria mais gente que pesquisa uma loja confiável na região — a nota de vocês fala por si só. Quer ver um exemplo rápido?"
"Salão Bem Estar","Trobogy","+55 71 3366-3480","https://wa.me/557133663480","4.5","4","Nota alta + poucas avaliações - credibilidade","Oi, tudo bem? Achei o perfil de vocês em Trobogy com nota 4.5 — parabéns! Uma nota que a maioria das lojas da região não tem. Um site profissional puxaria mais gente que pesquisa uma loja confiável na região — a nota de vocês fala por si só. Quer ver um exemplo rápido?"
"Barber of Street","Piedade","+55 71 3329-5952","https://wa.me/557133295952","4.4","397","Muitas avaliações - automação/catálogo","Oi! 397 avaliações com nota 4.4 não é sorte — é trabalho bem feito. Um catálogo online deixaria parte do atendimento automática, sem perder qualidade, e abriria espaço pra crescer em horários que hoje ficam parados. Posso te mostrar como funcionaria?"
"Ki-Festa Salão de Eventos","Pau da Lima","+55 71 99326-3463","https://wa.me/5571993263463","4.4","157","Muitas avaliações - automação/catálogo","Oi! Tudo certo? 157 avaliações com nota 4.4 no Google é prova de atendimento consistente — parabéns! Com esse volume, um site com catálogo e agendamento online tiraria peso do WhatsApp e organizaria melhor o fluxo. Topa dar uma olhada num exemplo?"
"Barbearia Pituba","Pituba","+55 71 98316-7933","https://wa.me/5571983167933","4.4","76","Muitas avaliações - automação/catálogo","Oi, Barbearia Pituba! 76 avaliações é muita gente atendida — tudo isso com nota 4.4. Um site à altura disso captaria cliente direto do Google, sem depender só de indicação. Quer ver uma demonstração?"
"Salão Beleza Única","Graça","+55 71 3034-0432","https://wa.me/557130340432","4.4","52","Muitas avaliações - automação/catálogo","Oi! Tudo certo? 52 avaliações é muita gente atendida — tudo isso com nota 4.4. Um catálogo online deixaria parte do atendimento automática, sem perder qualidade, e abriria espaço pra crescer em horários que hoje ficam parados. Posso te mostrar como funcionaria?"
"Mr Barba","Boca do Rio","+55 71 98800-5777","https://wa.me/5571988005777","4.4","35","Presença digital básica - concorrência","Oi! O perfil de vocês em Boca do Rio no Google tem nota 4.4, mas não leva ninguém a lugar nenhum — sem site, sem catálogo, sem WhatsApp visível. Um site simples custa pouco e pesa muito na hora do cliente escolher. Posso te enviar um exemplo?"
"Barbearia Brandão Cort's","Cajazeiras XI","+55 71 98129-7611","https://wa.me/5571981297611","4.4","24","Presença digital básica - concorrência","Oi, tudo bem? Vocês aparecem em Cajazeiras XI com nota 4.4, mas quem pesquisa só encontra o perfil do Google — e nada além disso. Um site resolveria isso em poucos dias. Quer ver um modelo?"
"BarberShop Dórea+Justlive","São Caetano","+55 71 98649-6849","https://wa.me/5571986496849","4.4","22","Presença digital básica - concorrência","Oi, BarberShop Dórea+Justlive! A BarberShop Dórea+Justlive em São Caetano tem nota 4.4, mas sem site, sem catálogo e sem página própria, quem pesquisa nem sabe o que vocês fazem. Uma página simples conserta isso e ainda ajuda o Google a te achar. Quer ver o que eu faria?"
"Salão Barber Lu","Pernambués","+55 71 98391-6145","https://wa.me/5571983916145","4.4","22","Presença digital básica - concorrência","Olá! Vi a loja de vocês em Pernambués com nota 4.4 no Google, mas quase sem informações pra quem pesquisa. Posso te mostrar, em dois minutos, como ficaria a página de vocês. Sem compromisso, quer ver?"
"Barbearia & corte fino","Barra","+55 71 98529-0953","https://wa.me/5571985290953","4.4","14","Presença digital básica - concorrência","Oi! Te achei pesquisando lojas na região. Encontrei a loja de vocês em Barra no Google, mas o perfil tem pouquíssima informação. Uma página simples resolveria isso rápido — e custa menos do que vocês imaginam. Topa dar uma olhada num exemplo?"
"Espaço Ana Borges","Nazaré","+55 71 98870-5489","https://wa.me/5571988705489","4.4","14","Presença digital básica - concorrência","Oi! A loja de vocês em Nazaré aparece no Google com nota 4.4, mas quem clica não encontra site nem catálogo. Posso montar um modelo gratuito pra vocês verem como ficaria. Interessado?"
"Barbearia JG (JAIRO)","Mussurunga","+55 71 99916-7778","https://wa.me/5571999167778","4.4","11","Presença digital básica - concorrência","Oi, tudo bem? Encontrei a loja de vocês em Mussurunga — nota 4.4 no Google, mas o perfil não ajuda quem pesquisa. Um site simples resolve isso rapidinho e evita perder cliente pra concorrência. Posso te mostrar um exemplo?"
"Don Barber Metrô l Estação Acesso Norte","Retiro","","","4.4","7","Sem telefone no cadastro","Olá! Encontrei o perfil de vocês no Google em Retiro com nota 4.4 — a reputação existe, mas ninguém acha contato nem site. Um exemplo simples de página mudaria isso. Posso te enviar?"
"Barbearia Rio vermelho","Rio Vermelho","+55 71 98133-0722","https://wa.me/5571981330722","4.4","7","Presença digital básica - concorrência","Olá! O perfil de vocês em Rio Vermelho no Google tem nota 4.4, mas não leva ninguém a lugar nenhum — sem site, sem catálogo, sem WhatsApp visível. E acaba fechando com quem aparece melhor. Uma página simples muda esse jogo. Topa ver como ficaria?"
"Barbearia Garcia D'avila","Graça","+55 71 99138-7996","https://wa.me/5571991387996","4.4","7","Presença digital básica - concorrência","Oi! Te achei pesquisando lojas na região. Vocês aparecem em Graça com nota 4.4, mas quem pesquisa só encontra o perfil do Google — e nada além disso. Um site simples custa pouco e pesa muito na hora do cliente escolher. Posso te enviar um exemplo?"
"Barber Shop_versátil","Águas Claras","+55 71 98613-5516","https://wa.me/5571986135516","4.4","5","Presença digital básica - concorrência","Oi! A Barber Shop_versátil em Águas Claras tem nota 4.4, mas sem site, sem catálogo e sem página própria, quem pesquisa nem sabe o que vocês fazem. Um site resolveria isso em poucos dias. Quer ver um modelo?"
"Studio Mais Bela","Bairro da Paz","+55 71 98808-4492","https://wa.me/5571988084492","4.4","5","Presença digital básica - concorrência","Oi, tudo bem? Vi a loja de vocês em Bairro da Paz com nota 4.4 no Google, mas quase sem informações pra quem pesquisa. Uma página simples conserta isso e ainda ajuda o Google a te achar. Quer ver o que eu faria?"
"Via Paris Beleza","Caminho das Árvores","+55 71 99905-2411","https://wa.me/5571999052411","4.3","538","Muitas avaliações - automação/catálogo","Olá, Via Paris Beleza! 538 avaliações em Caminho das Árvores com nota 4.3 — a prova está nos números, falta só uma vitrine pra quem chega pelo Google. Com um site, esse trabalho passa a se vender sozinho: catálogo, contato e orçamento sem precisar de atendente. Consigo te mostrar um modelo?"
"SALÃO DE BELEZA MIAU","Caminho das Árvores","","","4.3","355","Sem telefone no cadastro","Oi, tudo bem? Vi vocês listados no Google em Caminho das Árvores com nota 4.3, mas praticamente invisíveis pra quem pesquisa: sem site, sem catálogo, sem contato. Uma página de uma página só já muda o jogo. Topa ver um modelo?"
"Scenário Beleza e Estética","Tancredo Neves","+55 71 3341-1505","https://wa.me/557133411505","4.3","101","Muitas avaliações - automação/catálogo","Oi! 101 avaliações com nota 4.3 no Google é prova de atendimento consistente — parabéns! Um site transformaria esse movimento em venda até fora do horário. Posso te mandar um exemplo?"
"Novo Corte","Pituba","+55 71 3355-0078","https://wa.me/557133550078","4.3","74","Muitas avaliações - automação/catálogo","Oi, Novo Corte! 74 avaliações com nota 4.3 no Google é prova de atendimento consistente — parabéns! Um site transformaria esse movimento em venda até fora do horário. Posso te mandar um exemplo?"
"Salão Nana e Barbearia","Caminho das Árvores","+55 71 3901-3619","https://wa.me/557139013619","4.3","33","Presença digital básica - concorrência","Oi, tudo bem? O perfil de vocês em Caminho das Árvores no Google tem nota 4.3, mas não leva ninguém a lugar nenhum — sem site, sem catálogo, sem WhatsApp visível. Enquanto isso, quem pesquisa acaba indo pra concorrência. Um site simples resolve isso. Quer ver uma demonstração?"
"Salão Beleza Da Dina","Vitória","+55 71 3336-1683","https://wa.me/557133361683","4.3","20","Presença digital básica - concorrência","Oi, Salão Beleza Da Dina! Vocês aparecem em Vitória com nota 4.3, mas quem pesquisa só encontra o perfil do Google — e nada além disso. E acaba fechando com quem aparece melhor. Uma página simples muda esse jogo. Topa ver como ficaria?"
"Studio Dona Bonita/ Barbearia do Renan","Bairro da Paz","+55 71 99166-2384","https://wa.me/5571991662384","4.3","13","Presença digital básica - concorrência","Olá! A Studio Dona Bonita/ Barbearia do Renan em Bairro da Paz tem nota 4.3, mas sem site, sem catálogo e sem página própria, quem pesquisa nem sabe o que vocês fazem. Um site simples custa pouco e pesa muito na hora do cliente escolher. Posso te enviar um exemplo?"
"TwoBoss Barbershop","Pituba","+55 71 98188-1331","https://wa.me/5571981881331","4.3","6","Presença digital básica - concorrência","Oi! Te achei pesquisando lojas na região. Vi a loja de vocês em Pituba com nota 4.3 no Google, mas quase sem informações pra quem pesquisa. Um site resolveria isso em poucos dias. Quer ver um modelo?"
"Barbearia cajazeiras","Cajazeiras XI","+55 71 98710-7793","https://wa.me/5571987107793","4.3","6","Presença digital básica - concorrência","Oi! Encontrei a loja de vocês em Cajazeiras XI no Google, mas o perfil tem pouquíssima informação. Uma página simples conserta isso e ainda ajuda o Google a te achar. Quer ver o que eu faria?"
"Barbearia Dom Avelar","Dom Avelar","+55 71 99934-0448","https://wa.me/5571999340448","4.3","3","Presença digital básica - concorrência","Oi, tudo bem? A loja de vocês em Dom Avelar aparece no Google com nota 4.3, mas quem clica não encontra site nem catálogo. Posso te mostrar, em dois minutos, como ficaria a página de vocês. Sem compromisso, quer ver?"
"Cabeleireiros Unissex Piedade","Centro","+55 71 3484-1233","https://wa.me/557134841233","4.2","58","Muitas avaliações - automação/catálogo","Olá, Cabeleireiros Unissex Piedade! 58 avaliações é muita gente atendida — tudo isso com nota 4.2. Um site transformaria esse movimento em venda até fora do horário. Posso te mandar um exemplo?"
"Regis Cosméticos","Mirantes de Periperi","+55 71 99285-7193","https://wa.me/5571992857193","4.2","23","Presença digital básica - concorrência","Olá! Pesquisei vocês em Mirantes de Periperi e a única coisa que achei foi o Google com nota 4.2 — site e catálogo não existem. Posso montar um modelo gratuito pra vocês verem como ficaria. Interessado?"
"Spazzio de Beleza Taise Soares","Cajazeiras VI","+55 71 98660-8593","https://wa.me/5571986608593","4.2","20","Presença digital básica - concorrência","Oi! Te achei pesquisando lojas na região. O perfil de vocês em Cajazeiras VI no Google tem nota 4.2, mas não leva ninguém a lugar nenhum — sem site, sem catálogo, sem WhatsApp visível. Um site simples resolve isso rapidinho e evita perder cliente pra concorrência. Posso te mostrar um exemplo?"
"Free Barber","Barra","","","4.2","13","Sem telefone no cadastro","Oi, tudo bem? Encontrei o perfil de vocês no Google em Barra com nota 4.2 — a reputação existe, mas ninguém acha contato nem site. Uma página de uma página só já muda o jogo. Topa ver um modelo?"
"SBD Unissex","Narandiba","+55 71 98665-2498","https://wa.me/5571986652498","4.2","12","Presença digital básica - concorrência","Oi, tudo bem? A SBD Unissex em Narandiba tem nota 4.2, mas sem site, sem catálogo e sem página própria, quem pesquisa nem sabe o que vocês fazem. E acaba fechando com quem aparece melhor. Uma página simples muda esse jogo. Topa ver como ficaria?"
"Company Hair Cabeleireiro","Barra","+55 71 3264-7108","https://wa.me/557132647108","4.2","6","Presença digital básica - concorrência","Oi, Company Hair Cabeleireiro! Vi a loja de vocês em Barra com nota 4.2 no Google, mas quase sem informações pra quem pesquisa. Um site simples custa pouco e pesa muito na hora do cliente escolher. Posso te enviar um exemplo?"
"M & W Hair","Paripe","","","4.2","5","Sem telefone no cadastro","Oi! Vi seu registro no Google. Encontrei o perfil de vocês no Google em Paripe com nota 4.2 — a reputação existe, mas ninguém acha contato nem site. Uma página de uma página só já muda o jogo. Topa ver um modelo?"
"""ANDRÉIA MARQUES"" profissional da beleza","Imbuí","+55 71 99633-6261","https://wa.me/5571996336261","4.2","5","Presença digital básica - concorrência","Oi! Te achei pesquisando lojas na região. A loja de vocês em Imbuí aparece no Google com nota 4.2, mas quem clica não encontra site nem catálogo. Uma página simples conserta isso e ainda ajuda o Google a te achar. Quer ver o que eu faria?"
"Barber Beach","Pituaçu","+55 71 99106-6182","https://wa.me/5571991066182","4.2","5","Presença digital básica - concorrência","Oi! Encontrei a loja de vocês que trabalha com barbearia em Pituaçu — nota 4.2 no Google, mas o perfil não ajuda quem pesquisa. Posso te mostrar, em dois minutos, como ficaria a página de vocês. Sem compromisso, quer ver?"
"Barbearia Miau","Pernambués","+55 71 99621-4996","https://wa.me/5571996214996","4.2","5","Presença digital básica - concorrência","Oi, tudo bem? Pesquisei vocês em Pernambués e a única coisa que achei foi o Google com nota 4.2 — site e catálogo não existem. Uma página simples resolveria isso rápido — e custa menos do que vocês imaginam. Topa dar uma olhada num exemplo?"
"Barber City Salvador Shopping","Caminho das Árvores","+55 71 3342-8147","https://wa.me/557133428147","4.1","108","Localização em shopping + muitas avaliações - premium/automação","Oi, Barber City Salvador Shopping! 108 avaliações e nota 4.1 num ponto em Caminho das Árvores — fluxo garantido. Um site profissional reforça esse posicionamento e ainda ajuda a captar orçamento fora do horário do shopping. Topa ver um modelo?"
"Esmalteria MACHÉRIE","Itaigara","+55 71 3052-9990","https://wa.me/557130529990","4.1","83","Muitas avaliações - automação/catálogo","Oi! Tudo certo? Vi que vocês acumulam 83 avaliações em Itaigara com nota 4.1 — um dos perfis mais fortes que achei na região. Um site transformaria esse movimento em venda até fora do horário. Posso te mandar um exemplo?"
"Espaço da Beleza","Barra","+55 71 99101-3858","https://wa.me/5571991013858","4.1","29","Presença digital básica - concorrência","Oi! Vi a loja de vocês em Barra com nota 4.1 no Google, mas quase sem informações pra quem pesquisa. E acaba fechando com quem aparece melhor. Uma página simples muda esse jogo. Topa ver como ficaria?"
"Faustins Coiffeur","Barra","+55 71 3264-9009","https://wa.me/557132649009","4.1","27","Presença digital básica - concorrência","Oi, tudo bem? Encontrei a loja de vocês em Barra no Google, mas o perfil tem pouquíssima informação. Um site simples custa pouco e pesa muito na hora do cliente escolher. Posso te enviar um exemplo?"
"SALÃO DE BELEZA TREVO","Barra","+55 71 98703-3557","https://wa.me/5571987033557","4.1","18","Presença digital básica - concorrência","Oi, SALÃO DE BELEZA TREVO! A loja de vocês em Barra aparece no Google com nota 4.1, mas quem clica não encontra site nem catálogo. Um site resolveria isso em poucos dias. Quer ver um modelo?"
"Le Charme","Imbuí","+55 71 3231-7618","https://wa.me/557132317618","4.1","18","Presença digital básica - concorrência","Olá! Encontrei a loja de vocês que trabalha com salão de beleza em Imbuí — nota 4.1 no Google, mas o perfil não ajuda quem pesquisa. Uma página simples conserta isso e ainda ajuda o Google a te achar. Quer ver o que eu faria?"
"Arte & Designer Salão e Barbearia","Alto da Terezinha","+55 71 98525-9364","https://wa.me/5571985259364","4.1","7","Presença digital básica - concorrência","Oi! Te achei pesquisando lojas na região. Pesquisei vocês em Alto da Terezinha e a única coisa que achei foi o Google com nota 4.1 — site e catálogo não existem. Posso te mostrar, em dois minutos, como ficaria a página de vocês. Sem compromisso, quer ver?"
"VS BELEZA SALÃO E BARBEARIA","São Cristóvão","+55 71 99979-4321","https://wa.me/5571999794321","4","26","Localização em shopping - posicionamento premium","Oi, VS BELEZA SALÃO E BARBEARIA! VS BELEZA SALÃO E BARBEARIA em São Cristóvão — quem pesquisa vocês antes de ir ao shopping hoje não acha site nenhum. Uma página simples segura esse cliente. Quer ver um exemplo?"
"Barber Geo styllo","Nova Brasília de Valéria","+55 71 98891-0269","https://wa.me/5571988910269","4","8","Presença digital básica - concorrência","Oi! O perfil de vocês em Nova Brasília de Valéria no Google tem nota 4, mas não leva ninguém a lugar nenhum — sem site, sem catálogo, sem WhatsApp visível. Uma página simples resolveria isso rápido — e custa menos do que vocês imaginam. Topa dar uma olhada num exemplo?"
"Baruque barber shop","São Cristóvão","","","4","2","Sem telefone no cadastro","Olá! Vi o perfil de vocês no Google em São Cristóvão com nota 4, mas quase sem informação pra quem procura. Uma página de uma página só já muda o jogo. Topa ver um modelo?"
"Drika Hair Stillus","Piatã","","","4","1","Sem telefone no cadastro","Oi! Vi seu registro no Google. A loja de vocês em Piatã aparece no Google com nota 4, mas sem telefone nem site pra quem quer chamar — e isso espanta cliente. Um site simples resolve isso rapidinho e evita perder cliente pra concorrência. Consigo te mostrar um exemplo, é só me chamar por aqui."