"Nome","Bairro/Região","Telefone","Link WhatsApp","Nota","Avaliações","Ângulo","Mensagem"
"💪Academia UFit Canoinhas - Centro","Centro","+5547989101245","https://wa.me/5547989101245","5","506","Muitas avaliações - automação/catálogo","Oi! 506 avaliações é muita gente atendida — tudo isso com nota máxima. Um site à altura disso captaria cliente direto do Google, sem depender só de indicação. Quer ver uma demonstração?"
"Dra Gabriella Piazza Maccarini","Centro","+5548991001167","https://wa.me/5548991001167","5","213","Muitas avaliações - automação/catálogo","Oi, Dra Gabriella Piazza Maccarini! Vi que vocês acumulam 213 avaliações em Centro com nota máxima — um dos perfis mais fortes que achei na região. Com um site, esse trabalho passa a se vender sozinho: catálogo, contato e orçamento sem precisar de atendente. Consigo te mostrar um modelo?"
"Clínica de Estética, Saúde & Beleza da Dra. Wanessa em Balneário Gaivota","Jardim Ultramar","+5548999754588","https://wa.me/5548999754588","5","205","Muitas avaliações - automação/catálogo","Oi, pessoal da Clínica de Estética, Saúde & Beleza da Dra. Wanessa em Balneário Gaivota! 205 avaliações com nota máxima não é sorte — é trabalho bem feito. Um site transformaria esse movimento em venda até fora do horário. Posso te mandar um exemplo?"
"Flávio art tattoo","Industrial II","+5547991829315","https://wa.me/5547991829315","5","183","Muitas avaliações - automação/catálogo","Olá, Flávio art tattoo! 183 avaliações em Industrial II com nota máxima — a prova está nos números, falta só uma vitrine pra quem chega pelo Google. Com esse volume, um site com catálogo e agendamento online tiraria peso do WhatsApp e organizaria melhor o fluxo. Topa dar uma olhada num exemplo?"
"OdonthoClin Odontologia Integrada","Centro","+554235780156","https://wa.me/554235780156","5","163","Muitas avaliações - automação/catálogo","Oi! Tudo certo? 163 avaliações com nota máxima no Google é prova de atendimento consistente — parabéns! Um catálogo online deixaria parte do atendimento automática, sem perder qualidade, e abriria espaço pra crescer em horários que hoje ficam parados. Posso te mostrar como funcionaria?"
"Althea Clínica de Especialidades, Kael Ramon Katzwinkel","Centro I Baixada","+5547992625965","https://wa.me/5547992625965","5","152","Muitas avaliações - automação/catálogo","Oi, Althea Clínica de Especialidades, Kael Ramon Katzwinkel! 152 avaliações é muita gente atendida — tudo isso com nota máxima. Com esse volume, um site com catálogo e agendamento online tiraria peso do WhatsApp e organizaria melhor o fluxo. Topa dar uma olhada num exemplo?"
"Diogo e Cristina Cabeleireiros","Centro I Baixada","+5547992383475","https://wa.me/5547992383475","5","129","Muitas avaliações - automação/catálogo","Oi, pessoal da Diogo e Cristina Cabeleireiros! 129 avaliações é muita gente atendida — tudo isso com nota máxima. Com esse volume, um site com catálogo e agendamento online tiraria peso do WhatsApp e organizaria melhor o fluxo. Topa dar uma olhada num exemplo?"
"Slim Estética - Juli Detroz","Centro","+5547933842310","https://wa.me/5547933842310","5","118","Muitas avaliações - automação/catálogo","Olá, Slim Estética - Juli Detroz! 118 avaliações é muita gente atendida — tudo isso com nota máxima. Com esse volume, um site com catálogo e agendamento online tiraria peso do WhatsApp e organizaria melhor o fluxo. Topa dar uma olhada num exemplo?"
"Yupii Festas Infantis - Canoinhas","Centro","+5547997450062","https://wa.me/5547997450062","5","109","Muitas avaliações - automação/catálogo","Oi! Tudo certo? 109 avaliações é muita gente atendida — tudo isso com nota máxima. Com esse volume, um site com catálogo e agendamento online tiraria peso do WhatsApp e organizaria melhor o fluxo. Topa dar uma olhada num exemplo?"
"Revitalize Estética Avançada","Cidade Alta","+5548999587269","https://wa.me/5548999587269","5","95","Muitas avaliações - automação/catálogo","Oi! Vi que vocês acumulam 95 avaliações em Cidade Alta com nota máxima — um dos perfis mais fortes que achei na região. Com esse volume, um site com catálogo e agendamento online tiraria peso do WhatsApp e organizaria melhor o fluxo. Topa dar uma olhada num exemplo?"
"Barbearia Noendorf","Centro I Baixada","+5547997074786","https://wa.me/5547997074786","5","83","Muitas avaliações - automação/catálogo","Oi, Barbearia Noendorf! Vi que vocês acumulam 83 avaliações em Centro I Baixada com nota máxima — um dos perfis mais fortes que achei na região. Com esse volume, um site com catálogo e agendamento online tiraria peso do WhatsApp e organizaria melhor o fluxo. Topa dar uma olhada num exemplo?"
"Barbearia Bueno","Centro III Monte Alegre","+5547988710215","https://wa.me/5547988710215","5","74","Muitas avaliações - automação/catálogo","Oi, pessoal da Barbearia Bueno! Vi que vocês acumulam 74 avaliações em Centro III Monte Alegre com nota máxima — um dos perfis mais fortes que achei na região. Com esse volume, um site com catálogo e agendamento online tiraria peso do WhatsApp e organizaria melhor o fluxo. Topa dar uma olhada num exemplo?"
"LS Beauty - Luana Smangogeski Clínica Estética","São Cristóvão","+5547997541078","https://wa.me/5547997541078","5","64","Muitas avaliações - automação/catálogo","Olá, LS Beauty - Luana Smangogeski Clínica Estética! Vi que vocês acumulam 64 avaliações em São Cristóvão com nota máxima — um dos perfis mais fortes que achei na região. Com esse volume, um site com catálogo e agendamento online tiraria peso do WhatsApp e organizaria melhor o fluxo. Topa dar uma olhada num exemplo?"
"Nutricionista Andimara Neudorf","Centro","+5547988166830","https://wa.me/5547988166830","5","63","Muitas avaliações - automação/catálogo","Oi! Tudo certo? Vi que vocês acumulam 63 avaliações em Centro com nota máxima — um dos perfis mais fortes que achei na região. Com esse volume, um site com catálogo e agendamento online tiraria peso do WhatsApp e organizaria melhor o fluxo. Topa dar uma olhada num exemplo?"
"Oral Vitta Centro Clínico","Centro","+554835220837","https://wa.me/554835220837","5","60","Muitas avaliações - automação/catálogo","Oi! 60 avaliações com nota máxima não é sorte — é trabalho bem feito. Com esse volume, um site com catálogo e agendamento online tiraria peso do WhatsApp e organizaria melhor o fluxo. Topa dar uma olhada num exemplo?"
"Academia Fokus","Buenos Aires","+5547991438322","https://wa.me/5547991438322","5","59","Muitas avaliações - automação/catálogo","Oi, Academia Fokus! 59 avaliações com nota máxima não é sorte — é trabalho bem feito. Com esse volume, um site com catálogo e agendamento online tiraria peso do WhatsApp e organizaria melhor o fluxo. Topa dar uma olhada num exemplo?"
"Clínica Vidal - Espaço Saúde","Centro","+5547992497603","https://wa.me/5547992497603","5","58","Muitas avaliações - automação/catálogo","Oi, pessoal da Clínica Vidal - Espaço Saúde! 58 avaliações com nota máxima não é sorte — é trabalho bem feito. Com esse volume, um site com catálogo e agendamento online tiraria peso do WhatsApp e organizaria melhor o fluxo. Topa dar uma olhada num exemplo?"
"Saúde & Estética Odontologia","Centro","+5548999231732","https://wa.me/5548999231732","5","52","Muitas avaliações - automação/catálogo","Olá, Saúde & Estética Odontologia! 52 avaliações com nota máxima não é sorte — é trabalho bem feito. Com esse volume, um site com catálogo e agendamento online tiraria peso do WhatsApp e organizaria melhor o fluxo. Topa dar uma olhada num exemplo?"
"Caroline Tremel - Fisioterapeuta","Centro","+5547984305752","https://wa.me/5547984305752","5","50","Muitas avaliações - automação/catálogo","Oi! Tudo certo? 50 avaliações com nota máxima não é sorte — é trabalho bem feito. Com esse volume, um site com catálogo e agendamento online tiraria peso do WhatsApp e organizaria melhor o fluxo. Topa dar uma olhada num exemplo?"
"LTFISIO","Vila Buenos Aires","+5547988068297","https://wa.me/5547988068297","5","49","Presença digital básica - concorrência","Oi! Te achei pesquisando lojas na região. Pesquisei vocês em Vila Buenos Aires e a única coisa que achei foi o Google com nota máxima — site e catálogo não existem. Um site simples custa pouco e pesa muito na hora do cliente escolher. Posso te enviar um exemplo?"
"Corpele","","+5547997157178","https://wa.me/5547997157178","5","47","Presença digital básica - concorrência","Oi! O perfil de vocês no Google tem nota máxima, mas não leva ninguém a lugar nenhum — sem site, sem catálogo, sem WhatsApp visível. Um site resolveria isso em poucos dias. Quer ver um modelo?"
"Marina Moreira Advocacia e Assessoria Jurídica","Canoinhas","+5547999541970","https://wa.me/5547999541970","5","46","Presença digital básica - concorrência","Oi, tudo bem? Vocês aparecem em Canoinhas com nota máxima, mas quem pesquisa só encontra o perfil do Google — e nada além disso. Uma página simples conserta isso e ainda ajuda o Google a te achar. Quer ver o que eu faria?"
"Batuta Tattoo","Centro","+5547996001193","https://wa.me/5547996001193","5","46","Presença digital básica - concorrência","Oi, Batuta Tattoo! A Batuta Tattoo em Centro tem nota máxima, mas sem site, sem catálogo e sem página própria, quem pesquisa nem sabe o que vocês fazem. Posso te mostrar, em dois minutos, como ficaria a página de vocês. Sem compromisso, quer ver?"
"Dra. Andressa Adamcheski Odontologia","","+5547997313924","https://wa.me/5547997313924","5","45","Presença digital básica - concorrência","Olá! Vi a loja de vocês com nota máxima no Google, mas quase sem informações pra quem pesquisa. Uma página simples resolveria isso rápido — e custa menos do que vocês imaginam. Topa dar uma olhada num exemplo?"
"Clínica Ágata Carvalho - Estética Avançada","Centro","+5547991486400","https://wa.me/5547991486400","5","44","Presença digital básica - concorrência","Oi! Te achei pesquisando lojas na região. Encontrei a loja de vocês em Centro no Google, mas o perfil tem pouquíssima informação. Posso montar um modelo gratuito pra vocês verem como ficaria. Interessado?"
"Barbearia luan do corte","Água Verde","+5547997084312","https://wa.me/5547997084312","5","44","Presença digital básica - concorrência","Oi! A loja de vocês em Água Verde aparece no Google com nota máxima, mas quem clica não encontra site nem catálogo. Um site simples resolve isso rapidinho e evita perder cliente pra concorrência. Posso te mostrar um exemplo?"
"DUO - Arq. Eng. Interiores","Centro","+554736222911","https://wa.me/554736222911","5","43","Presença digital básica - concorrência","Oi, tudo bem? Encontrei a loja de vocês que trabalha com designer de interiores em Centro — nota máxima no Google, mas o perfil não ajuda quem pesquisa. Enquanto isso, quem pesquisa acaba indo pra concorrência. Um site simples resolve isso. Quer ver uma demonstração?"
"Lunart Studio","Sossego","+5547992564494","https://wa.me/5547992564494","5","43","Presença digital básica - concorrência","Oi, Lunart Studio! Pesquisei vocês em Sossego e a única coisa que achei foi o Google com nota máxima — site e catálogo não existem. E acaba fechando com quem aparece melhor. Uma página simples muda esse jogo. Topa ver como ficaria?"
"Mamma Mia - Pizzaria, Marmitas & Burguers","Centro","+5547996526707","https://wa.me/5547996526707","5","43","Presença digital básica - concorrência","Olá! O perfil de vocês em Centro no Google tem nota máxima, mas não leva ninguém a lugar nenhum — sem site, sem catálogo, sem WhatsApp visível. Um site simples custa pouco e pesa muito na hora do cliente escolher. Posso te enviar um exemplo?"
"Yumi","Campo d'Água Verde","+5547997046533","https://wa.me/5547997046533","5","43","Presença digital básica - concorrência","Oi! Te achei pesquisando lojas na região. Vocês aparecem em Campo d'Água Verde com nota máxima, mas quem pesquisa só encontra o perfil do Google — e nada além disso. Um site resolveria isso em poucos dias. Quer ver um modelo?"
"Nutrisport Academia","Sanga da Areia","+5548999557175","https://wa.me/5548999557175","5","43","Presença digital básica - concorrência","Oi! A Nutrisport Academia em Sanga da Areia tem nota máxima, mas sem site, sem catálogo e sem página própria, quem pesquisa nem sabe o que vocês fazem. Uma página simples conserta isso e ainda ajuda o Google a te achar. Quer ver o que eu faria?"
"ELLA STUDIO - por Fran Klouck","Centro","+5548988167409","https://wa.me/5548988167409","5","43","Presença digital básica - concorrência","Oi, tudo bem? Vi a loja de vocês em Centro com nota máxima no Google, mas quase sem informações pra quem pesquisa. Posso te mostrar, em dois minutos, como ficaria a página de vocês. Sem compromisso, quer ver?"
"Deco Mader Academia","Monte Castelo","+5547997114048","https://wa.me/5547997114048","5","42","Presença digital básica - concorrência","Oi, Deco Mader Academia! Encontrei a loja de vocês em Monte Castelo no Google, mas o perfil tem pouquíssima informação. Uma página simples resolveria isso rápido — e custa menos do que vocês imaginam. Topa dar uma olhada num exemplo?"
"Pousada Santa Maria","Industrial II","+5547999439211","https://wa.me/5547999439211","5","42","Presença digital básica - concorrência","Olá! A loja de vocês em Industrial II aparece no Google com nota máxima, mas quem clica não encontra site nem catálogo. Posso montar um modelo gratuito pra vocês verem como ficaria. Interessado?"
"Academia Miss Fitness","Jardim Hantschel","+554734071537","https://wa.me/554734071537","5","40","Presença digital básica - concorrência","Oi! Te achei pesquisando lojas na região. Encontrei a loja de vocês em Jardim Hantschel — nota máxima no Google, mas o perfil não ajuda quem pesquisa. Um site simples resolve isso rapidinho e evita perder cliente pra concorrência. Posso te mostrar um exemplo?"
"Barbearia Marco Véio","Centro","+5547999316637","https://wa.me/5547999316637","5","39","Presença digital básica - concorrência","Oi! Pesquisei vocês em Centro e a única coisa que achei foi o Google com nota máxima — site e catálogo não existem. Enquanto isso, quem pesquisa acaba indo pra concorrência. Um site simples resolve isso. Quer ver uma demonstração?"
"Barbearia ferreira","Vila Ferroviaria","+5547984462900","https://wa.me/5547984462900","5","37","Presença digital básica - concorrência","Oi, tudo bem? O perfil de vocês em Vila Ferroviaria no Google tem nota máxima, mas não leva ninguém a lugar nenhum — sem site, sem catálogo, sem WhatsApp visível. E acaba fechando com quem aparece melhor. Uma página simples muda esse jogo. Topa ver como ficaria?"
"Clínica Analu Anton","Centro","+5547984222376","https://wa.me/5547984222376","5","37","Presença digital básica - concorrência","Oi, Clínica Analu Anton! Vocês aparecem em Centro com nota máxima, mas quem pesquisa só encontra o perfil do Google — e nada além disso. Um site simples custa pouco e pesa muito na hora do cliente escolher. Posso te enviar um exemplo?"
"Lys Fotografia","Centro","+5547999748218","https://wa.me/5547999748218","5","37","Presença digital básica - concorrência","Olá! A Lys Fotografia em Centro tem nota máxima, mas sem site, sem catálogo e sem página própria, quem pesquisa nem sabe o que vocês fazem. Um site resolveria isso em poucos dias. Quer ver um modelo?"
"Barbearia Robe Andrade","Vila Nova","+5547989162997","https://wa.me/5547989162997","5","36","Presença digital básica - concorrência","Oi! Te achei pesquisando lojas na região. Vi a loja de vocês em Vila Nova com nota máxima no Google, mas quase sem informações pra quem pesquisa. Uma página simples conserta isso e ainda ajuda o Google a te achar. Quer ver o que eu faria?"
"Oral SC Odontologia Especializada","Mato Alto","+5548991531256","https://wa.me/5548991531256","5","36","Presença digital básica - concorrência","Oi! Encontrei a loja de vocês em Mato Alto no Google, mas o perfil tem pouquíssima informação. Posso te mostrar, em dois minutos, como ficaria a página de vocês. Sem compromisso, quer ver?"
"Clínica de Saúde Saber","Centro","+5547992719203","https://wa.me/5547992719203","5","35","Presença digital básica - concorrência","Oi, tudo bem? A loja de vocês em Centro aparece no Google com nota máxima, mas quem clica não encontra site nem catálogo. Uma página simples resolveria isso rápido — e custa menos do que vocês imaginam. Topa dar uma olhada num exemplo?"
"Mariana Seleme - Fisioterapia Pélvica e Pilates em Canoinhas","Centro","+554736222010","https://wa.me/554736222010","5","35","Presença digital básica - concorrência","Oi, Mariana Seleme - Fisioterapia Pélvica e Pilates em Canoinhas! Encontrei a loja de vocês que trabalha com fisioterapeuta em Centro — nota máxima no Google, mas o perfil não ajuda quem pesquisa. Posso montar um modelo gratuito pra vocês verem como ficaria. Interessado?"
"Cadóre Mercado Pet","Cidade Nova","+5542988823850","https://wa.me/5542988823850","5","35","Presença digital básica - concorrência","Olá! Pesquisei vocês em Cidade Nova e a única coisa que achei foi o Google com nota máxima — site e catálogo não existem. Um site simples resolve isso rapidinho e evita perder cliente pra concorrência. Posso te mostrar um exemplo?"
"Dr.Giácomo Reiter Ostetto","Centro","+5548996564502","https://wa.me/5548996564502","5","35","Presença digital básica - concorrência","Oi! Te achei pesquisando lojas na região. O perfil de vocês em Centro no Google tem nota máxima, mas não leva ninguém a lugar nenhum — sem site, sem catálogo, sem WhatsApp visível. Enquanto isso, quem pesquisa acaba indo pra concorrência. Um site simples resolve isso. Quer ver uma demonstração?"
"Clinica Odontológica Lanuxa Da Rolt","Nova Guarita","+5548991866523","https://wa.me/5548991866523","5","35","Presença digital básica - concorrência","Oi! Vocês aparecem em Nova Guarita com nota máxima, mas quem pesquisa só encontra o perfil do Google — e nada além disso. E acaba fechando com quem aparece melhor. Uma página simples muda esse jogo. Topa ver como ficaria?"
"Hospedagem Itaiópolis","Centro","+5547991151344","https://wa.me/5547991151344","5","34","Presença digital básica - concorrência","Oi, tudo bem? A Hospedagem Itaiópolis em Centro tem nota máxima, mas sem site, sem catálogo e sem página própria, quem pesquisa nem sabe o que vocês fazem. Um site simples custa pouco e pesa muito na hora do cliente escolher. Posso te enviar um exemplo?"
"Ame Feito a Mão e Personalizados","Água Verde","+5547984765686","https://wa.me/5547984765686","5","33","Presença digital básica - concorrência","Oi, Ame Feito a Mão e Personalizados! Vi a loja de vocês em Água Verde com nota máxima no Google, mas quase sem informações pra quem pesquisa. Um site resolveria isso em poucos dias. Quer ver um modelo?"
"Fernanda Nogueira Pilates e Fisioterapia","Boa Vista","+5547999635892","https://wa.me/5547999635892","5","33","Presença digital básica - concorrência","Olá! Encontrei a loja de vocês em Boa Vista no Google, mas o perfil tem pouquíssima informação. Uma página simples conserta isso e ainda ajuda o Google a te achar. Quer ver o que eu faria?"
"Agropecuária Wacherski","Campo d'Água Verde","+5547997876767","https://wa.me/5547997876767","5","32","Presença digital básica - concorrência","Oi! Te achei pesquisando lojas na região. A loja de vocês em Campo d'Água Verde aparece no Google com nota máxima, mas quem clica não encontra site nem catálogo. Posso te mostrar, em dois minutos, como ficaria a página de vocês. Sem compromisso, quer ver?"
"Jessica Willemann","Centro","+5548996846140","https://wa.me/5548996846140","5","32","Presença digital básica - concorrência","Oi! Encontrei a loja de vocês que trabalha com estúdio de pilates em Centro — nota máxima no Google, mas o perfil não ajuda quem pesquisa. Uma página simples resolveria isso rápido — e custa menos do que vocês imaginam. Topa dar uma olhada num exemplo?"
"Barbearia Dama","Santa Rosa","+5542984175932","https://wa.me/5542984175932","5","31","Presença digital básica - concorrência","Oi, tudo bem? Pesquisei vocês em Santa Rosa e a única coisa que achei foi o Google com nota máxima — site e catálogo não existem. Posso montar um modelo gratuito pra vocês verem como ficaria. Interessado?"
"Restaurante Rossa","São Miguel da Serra","+5542998419875","https://wa.me/5542998419875","5","31","Presença digital básica - concorrência","Oi, Restaurante Rossa! O perfil de vocês em São Miguel da Serra no Google tem nota máxima, mas não leva ninguém a lugar nenhum — sem site, sem catálogo, sem WhatsApp visível. Um site simples resolve isso rapidinho e evita perder cliente pra concorrência. Posso te mostrar um exemplo?"
"Garagem Lanches","Papanduva","+5547991836954","https://wa.me/5547991836954","5","30","Presença digital básica - concorrência","Olá! Vocês aparecem em Papanduva com nota máxima, mas quem pesquisa só encontra o perfil do Google — e nada além disso. Enquanto isso, quem pesquisa acaba indo pra concorrência. Um site simples resolve isso. Quer ver uma demonstração?"
"Estética Joyce Naidek","Centro II Alto de Mafra","+5547988351496","https://wa.me/5547988351496","5","29","Presença digital básica - concorrência","Oi! Te achei pesquisando lojas na região. A Estética Joyce Naidek em Centro II Alto de Mafra tem nota máxima, mas sem site, sem catálogo e sem página própria, quem pesquisa nem sabe o que vocês fazem. E acaba fechando com quem aparece melhor. Uma página simples muda esse jogo. Topa ver como ficaria?"
"Jonatas Barbearia","Jardim América","+5547997153356","https://wa.me/5547997153356","5","29","Presença digital básica - concorrência","Oi! Vi a loja de vocês em Jardim América com nota máxima no Google, mas quase sem informações pra quem pesquisa. Um site simples custa pouco e pesa muito na hora do cliente escolher. Posso te enviar um exemplo?"
"Cardiocranium Centro Integrado","Centro","+554732719718","https://wa.me/554732719718","5","29","Presença digital básica - concorrência","Oi, tudo bem? Encontrei a loja de vocês em Centro no Google, mas o perfil tem pouquíssima informação. Um site resolveria isso em poucos dias. Quer ver um modelo?"
"Psicóloga Suellin Margoti","Nossa Senhora Aparecida","+5547991773836","https://wa.me/5547991773836","5","29","Presença digital básica - concorrência","Oi, Psicóloga Suellin Margoti! A loja de vocês em Nossa Senhora Aparecida aparece no Google com nota máxima, mas quem clica não encontra site nem catálogo. Uma página simples conserta isso e ainda ajuda o Google a te achar. Quer ver o que eu faria?"
"Amour Estética Avançada","Santa Ana","+5548999949896","https://wa.me/5548999949896","5","28","Presença digital básica - concorrência","Olá! Encontrei a loja de vocês que trabalha com centro de saúde e beleza em Santa Ana — nota máxima no Google, mas o perfil não ajuda quem pesquisa. Posso te mostrar, em dois minutos, como ficaria a página de vocês. Sem compromisso, quer ver?"
"Camarim","Vila Nova","+5547997219100","https://wa.me/5547997219100","5","27","Presença digital básica - concorrência","Oi! Te achei pesquisando lojas na região. Pesquisei vocês em Vila Nova e a única coisa que achei foi o Google com nota máxima — site e catálogo não existem. Uma página simples resolveria isso rápido — e custa menos do que vocês imaginam. Topa dar uma olhada num exemplo?"
"Studio Pilates Andrielli Medeiros","São Pedro","+5542991020123","https://wa.me/5542991020123","5","26","Presença digital básica - concorrência","Oi! O perfil de vocês em São Pedro no Google tem nota máxima, mas não leva ninguém a lugar nenhum — sem site, sem catálogo, sem WhatsApp visível. Posso montar um modelo gratuito pra vocês verem como ficaria. Interessado?"
"Coffee Burguer","Vila Nova","+5547991330353","https://wa.me/5547991330353","5","26","Presença digital básica - concorrência","Oi, tudo bem? Vocês aparecem em Vila Nova com nota máxima, mas quem pesquisa só encontra o perfil do Google — e nada além disso. Um site simples resolve isso rapidinho e evita perder cliente pra concorrência. Posso te mostrar um exemplo?"
"Equilibra Fisioterapia & Pilates","Bela Vista","+5547999377561","https://wa.me/5547999377561","5","25","Presença digital básica - concorrência","Oi, Equilibra Fisioterapia & Pilates! A Equilibra Fisioterapia & Pilates em Bela Vista tem nota máxima, mas sem site, sem catálogo e sem página própria, quem pesquisa nem sabe o que vocês fazem. Enquanto isso, quem pesquisa acaba indo pra concorrência. Um site simples resolve isso. Quer ver uma demonstração?"
"Mafra Academia","Jardim do Moinho","+5547992762665","https://wa.me/5547992762665","5","25","Presença digital básica - concorrência","Olá! Vi a loja de vocês em Jardim do Moinho com nota máxima no Google, mas quase sem informações pra quem pesquisa. E acaba fechando com quem aparece melhor. Uma página simples muda esse jogo. Topa ver como ficaria?"
"Carol Gibowski Studio de Fotografia","Centro","+5547996718819","https://wa.me/5547996718819","5","25","Presença digital básica - concorrência","Oi! Te achei pesquisando lojas na região. Encontrei a loja de vocês em Centro no Google, mas o perfil tem pouquíssima informação. Um site simples custa pouco e pesa muito na hora do cliente escolher. Posso te enviar um exemplo?"
"Recanto da Serra","km 11","+554236740149","https://wa.me/554236740149","5","25","Presença digital básica - concorrência","Oi! A loja de vocês em km 11 aparece no Google com nota máxima, mas quem clica não encontra site nem catálogo. Um site resolveria isso em poucos dias. Quer ver um modelo?"
"Pilatium - Pilates e Funcional","Centro","+5548991891588","https://wa.me/5548991891588","5","25","Presença digital básica - concorrência","Oi, tudo bem? Encontrei a loja de vocês que trabalha com estúdio de pilates em Centro — nota máxima no Google, mas o perfil não ajuda quem pesquisa. Uma página simples conserta isso e ainda ajuda o Google a te achar. Quer ver o que eu faria?"
"CHORÃO DO CORTE BARBEARIA","Jardim Hantschel","+5547992525936","https://wa.me/5547992525936","5","24","Presença digital básica - concorrência","Oi, CHORÃO DO CORTE BARBEARIA! Pesquisei vocês em Jardim Hantschel e a única coisa que achei foi o Google com nota máxima — site e catálogo não existem. Posso te mostrar, em dois minutos, como ficaria a página de vocês. Sem compromisso, quer ver?"
"Alany Beauty","Centro II Alto de Mafra","+5547997524177","https://wa.me/5547997524177","5","24","Presença digital básica - concorrência","Olá! O perfil de vocês em Centro II Alto de Mafra no Google tem nota máxima, mas não leva ninguém a lugar nenhum — sem site, sem catálogo, sem WhatsApp visível. Uma página simples resolveria isso rápido — e custa menos do que vocês imaginam. Topa dar uma olhada num exemplo?"
"Clínica Life","Centro II Alto de Mafra","+5547996814370","https://wa.me/5547996814370","5","23","Presença digital básica - concorrência","Oi! Te achei pesquisando lojas na região. Vocês aparecem em Centro II Alto de Mafra com nota máxima, mas quem pesquisa só encontra o perfil do Google — e nada além disso. Posso montar um modelo gratuito pra vocês verem como ficaria. Interessado?"
"Luana Franco Fotografia","","+5547992171306","https://wa.me/5547992171306","5","23","Presença digital básica - concorrência","Oi! A Luana Franco Fotografia tem nota máxima, mas sem site, sem catálogo e sem página própria, quem pesquisa nem sabe o que vocês fazem. Um site simples resolve isso rapidinho e evita perder cliente pra concorrência. Posso te mostrar um exemplo?"
"Vet Shop","Centro","+5542984078403","https://wa.me/5542984078403","5","22","Presença digital básica - concorrência","Oi, tudo bem? Vi a loja de vocês em Centro com nota máxima no Google, mas quase sem informações pra quem pesquisa. Enquanto isso, quem pesquisa acaba indo pra concorrência. Um site simples resolve isso. Quer ver uma demonstração?"
"Carol da Rosa Estética Avançada","Centro","+5548999641137","https://wa.me/5548999641137","5","22","Presença digital básica - concorrência","Oi, Carol da Rosa Estética Avançada! Encontrei a loja de vocês em Centro no Google, mas o perfil tem pouquíssima informação. E acaba fechando com quem aparece melhor. Uma página simples muda esse jogo. Topa ver como ficaria?"
"Academia Budokan","Centro","+5547999999979","https://wa.me/5547999999979","5","21","Presença digital básica - concorrência","Olá! A loja de vocês em Centro aparece no Google com nota máxima, mas quem clica não encontra site nem catálogo. Um site simples custa pouco e pesa muito na hora do cliente escolher. Posso te enviar um exemplo?"
"ADVOCACIA Dr. Gustavo Lehmann Loureiro","Centro I Baixada","+554736420147","https://wa.me/554736420147","5","21","Presença digital básica - concorrência","Oi! Te achei pesquisando lojas na região. Encontrei a loja de vocês que trabalha com advogado em Centro I Baixada — nota máxima no Google, mas o perfil não ajuda quem pesquisa. Um site resolveria isso em poucos dias. Quer ver um modelo?"
"Arkini Arquitetura","Sossego","+5547996985785","https://wa.me/5547996985785","5","21","Presença digital básica - concorrência","Oi! Pesquisei vocês em Sossego e a única coisa que achei foi o Google com nota máxima — site e catálogo não existem. Uma página simples conserta isso e ainda ajuda o Google a te achar. Quer ver o que eu faria?"
"Tainá Possamai Cerimonialista","","+5548991415691","https://wa.me/5548991415691","5","21","Presença digital básica - concorrência","Oi, tudo bem? O perfil de vocês no Google tem nota máxima, mas não leva ninguém a lugar nenhum — sem site, sem catálogo, sem WhatsApp visível. Posso te mostrar, em dois minutos, como ficaria a página de vocês. Sem compromisso, quer ver?"
"Dra Tais Rosa","","+5547988332219","https://wa.me/5547988332219","5","20","Presença digital básica - concorrência","Oi, Dra Tais Rosa! Vocês aparecem com nota máxima, mas quem pesquisa só encontra o perfil do Google — e nada além disso. Uma página simples resolveria isso rápido — e custa menos do que vocês imaginam. Topa dar uma olhada num exemplo?"
"Juliana Frasson Odontologia Especializada","Mato Alto","+5548991958591","https://wa.me/5548991958591","5","20","Presença digital básica - concorrência","Olá! A Juliana Frasson Odontologia Especializada em Mato Alto tem nota máxima, mas sem site, sem catálogo e sem página própria, quem pesquisa nem sabe o que vocês fazem. Posso montar um modelo gratuito pra vocês verem como ficaria. Interessado?"
"Barbearia Estoril","Centro","+5547984470179","https://wa.me/5547984470179","5","19","Nota alta + poucas avaliações - credibilidade","Oi! Tava procurando lojas por aqui e encontrei vocês. Vi a loja de vocês aqui em Centro com nota máxima — só que ainda com poucas avaliações, uma pena, porque essa nota merecia aparecer mais. Um site profissional puxaria mais gente que pesquisa uma loja confiável na região — a nota de vocês fala por si só. Quer ver um exemplo rápido?"
"Nai Oliveira Cerimonialista","Velha","+5547988162922","https://wa.me/5547988162922","5","19","Nota alta + poucas avaliações - credibilidade","Oi! Achei o perfil de vocês em Velha com nota máxima — parabéns! Uma nota que a maioria das lojas da região não tem. Um site profissional transforma essa reputação em cliente novo e mostra o trabalho de vocês. Topa ver um modelo?"
"Psicóloga Ana Paula Calixtro CRP 12/27963","Centro II Alto de Mafra","+5547991304976","https://wa.me/5547991304976","5","19","Nota alta + poucas avaliações - credibilidade","Oi, tudo bem? A loja de vocês que trabalha com psicólogo em Centro II Alto de Mafra tem nota máxima no Google, mas poucas avaliações pra comprovar. E é exatamente aí que um site simples entra: mostra o trabalho e segura quem pesquisa. Posso te mostrar um exemplo?"
"PetLove estética animal","Campo d'Água Verde","+5547991977031","https://wa.me/5547991977031","5","18","Nota alta + poucas avaliações - credibilidade","Oi, PetLove estética animal! Vocês têm nota máxima em Campo d'Água Verde, mas quase nenhuma avaliação pra corroborar. Com um site, essa nota vira argumento de venda. Quer ver como aplicaria?"
"Angelina Hirt Saúde Estética","Centro I Baixada","+5547992015590","https://wa.me/5547992015590","5","17","Nota alta + poucas avaliações - credibilidade","Olá! Como vai? O Google mostra a loja de vocês em Centro I Baixada com nota máxima, mas são poucas avaliações — e quem ainda não conhece procura prova antes de chamar. Uma página de apresentação simples mudaria isso em poucos dias. Quer ver um exemplo do que eu faria?"
"Viva Momentos Cerimonial","Saguaçu","+5547997775982","https://wa.me/5547997775982","5","17","Nota alta + poucas avaliações - credibilidade","Oi! Tava procurando lojas por aqui e encontrei vocês. A nota máxima em Saguaçu não bate com o número de avaliações — merecia aparecer mais pra quem pesquisa. Posso te mandar um modelo de página pensado exatamente pra esse caso? É sem compromisso."
"Psicóloga Maria Julia Mengarda Vanderlinde","Centro II Alto de Mafra","+5547988352019","https://wa.me/5547988352019","5","17","Nota alta + poucas avaliações - credibilidade","Oi! Encontrei o perfil de vocês em Centro II Alto de Mafra com nota máxima, mas com tão poucas avaliações que a nota acaba não pesando na escolha. Com essa nota, um site simples vira a prova que falta. Quer ver um exemplo?"
"Bela's Burger","Restinga","+5547988860499","https://wa.me/5547988860499","5","17","Nota alta + poucas avaliações - credibilidade","Oi, tudo bem? Vi a nota máxima em Restinga no perfil de vocês, mas com tão poucas avaliações que ela ainda nem aparece direito no Google. Um site profissional ajuda bastante nisso, reforçando a credibilidade pra quem tá pesquisando. Posso te mostrar como ficaria?"
"Odonto Excellence Irineópolis","Centro","+554733079227","https://wa.me/554733079227","5","16","Nota alta + poucas avaliações - credibilidade","Oi, Odonto Excellence Irineópolis! O perfil de vocês em Centro acumula nota máxima, mas são poucas avaliações pra transformar isso em confiança na busca. Um site profissional puxaria mais gente que pesquisa uma loja confiável na região — a nota de vocês fala por si só. Quer ver um exemplo rápido?"
"Espaço de Beleza Victor Martins","São Pedro","+554235220689","https://wa.me/554235220689","5","16","Nota alta + poucas avaliações - credibilidade","Olá! Como vai? nota máxima em São Pedro é um belo cartão de visita — só falta gente pra confirmar isso publicamente no Google. Um site profissional transforma essa reputação em cliente novo e mostra o trabalho de vocês. Topa ver um modelo?"
"Studio de Pilates David Bartolomeu","São Pedro","+554235191056","https://wa.me/554235191056","5","16","Nota alta + poucas avaliações - credibilidade","Oi! Tava procurando lojas por aqui e encontrei vocês. Vi a loja de vocês aqui em São Pedro com nota máxima — só que ainda com poucas avaliações, uma pena, porque essa nota merecia aparecer mais. E é exatamente aí que um site simples entra: mostra o trabalho e segura quem pesquisa. Posso te mostrar um exemplo?"
"Gislaine dos Santos - Fisioterapeuta","Centro","+5547984566169","https://wa.me/5547984566169","5","16","Nota alta + poucas avaliações - credibilidade","Oi! Achei o perfil de vocês em Centro com nota máxima — parabéns! Uma nota que a maioria das lojas da região não tem. Com um site, essa nota vira argumento de venda. Quer ver como aplicaria?"
"PET HOUSE","Centro","+5547988625190","https://wa.me/5547988625190","5","16","Nota alta + poucas avaliações - credibilidade","Oi, tudo bem? A loja de vocês em Centro tem nota máxima no Google, mas poucas avaliações pra comprovar. Uma página de apresentação simples mudaria isso em poucos dias. Quer ver um exemplo do que eu faria?"
"AnieFran Fotografia","Centro","+5547991993646","https://wa.me/5547991993646","5","16","Nota alta + poucas avaliações - credibilidade","Oi, AnieFran Fotografia! Vocês têm nota máxima em Centro, mas quase nenhuma avaliação pra corroborar. Posso te mandar um modelo de página pensado exatamente pra esse caso? É sem compromisso."
"L Fit Academia","São Pedro","+5542988405196","https://wa.me/5542988405196","5","15","Nota alta + poucas avaliações - credibilidade","Olá! Como vai? O Google mostra a loja de vocês em São Pedro com nota máxima, mas são poucas avaliações — e quem ainda não conhece procura prova antes de chamar. Com essa nota, um site simples vira a prova que falta. Quer ver um exemplo?"
"Natalia Vercka - Fisioterapia Pélvica","Alto das Palmeiras","+5547996008148","https://wa.me/5547996008148","5","15","Nota alta + poucas avaliações - credibilidade","Oi! Tava procurando lojas por aqui e encontrei vocês. A nota máxima em Alto das Palmeiras não bate com o número de avaliações — merecia aparecer mais pra quem pesquisa. Um site profissional ajuda bastante nisso, reforçando a credibilidade pra quem tá pesquisando. Posso te mostrar como ficaria?"
"Nutricionista Ketlin Santos","Centro II","+5547984838289","https://wa.me/5547984838289","5","15","Nota alta + poucas avaliações - credibilidade","Oi! Encontrei o perfil de vocês em Centro II com nota máxima, mas com tão poucas avaliações que a nota acaba não pesando na escolha. Um site profissional puxaria mais gente que pesquisa uma loja confiável na região — a nota de vocês fala por si só. Quer ver um exemplo rápido?"
"Brasas & Sabor","Jardim América","+5547991276936","https://wa.me/5547991276936","5","15","Nota alta + poucas avaliações - credibilidade","Oi, tudo bem? Vi a nota máxima em Jardim América no perfil de vocês, mas com tão poucas avaliações que ela ainda nem aparece direito no Google. Um site profissional transforma essa reputação em cliente novo e mostra o trabalho de vocês. Topa ver um modelo?"
"CLÍNICA IZABELLAS ESTETICA AVANCADA","Centro","+554834200869","https://wa.me/554834200869","5","15","Nota alta + poucas avaliações - credibilidade","Oi, CLÍNICA IZABELLAS ESTETICA AVANCADA! O perfil de vocês em Centro acumula nota máxima, mas são poucas avaliações pra transformar isso em confiança na busca. E é exatamente aí que um site simples entra: mostra o trabalho e segura quem pesquisa. Posso te mostrar um exemplo?"
"Nutricionista Carol Bechel","Jardim Esperança","+5547997553863","https://wa.me/5547997553863","5","14","Nota alta + poucas avaliações - credibilidade","Olá! Como vai? nota máxima em Jardim Esperança é um belo cartão de visita — só falta gente pra confirmar isso publicamente no Google. Com um site, essa nota vira argumento de venda. Quer ver como aplicaria?"
"Nutricionista e Personal Trainer Débora Schwirkowski","Jardim Hantschel","+5547988396870","https://wa.me/5547988396870","5","14","Nota alta + poucas avaliações - credibilidade","Oi! Tava procurando lojas por aqui e encontrei vocês. Vi a loja de vocês aqui em Jardim Hantschel com nota máxima — só que ainda com poucas avaliações, uma pena, porque essa nota merecia aparecer mais. Uma página de apresentação simples mudaria isso em poucos dias. Quer ver um exemplo do que eu faria?"
"REINVENT","Centro","+5547988677694","https://wa.me/5547988677694","5","14","Nota alta + poucas avaliações - credibilidade","Oi! Achei o perfil de vocês em Centro com nota máxima — parabéns! Uma nota que a maioria das lojas da região não tem. Posso te mandar um modelo de página pensado exatamente pra esse caso? É sem compromisso."
"Pousada 4 Estações","Centro","+5547991053767","https://wa.me/5547991053767","5","14","Nota alta + poucas avaliações - credibilidade","Oi, tudo bem? A loja de vocês em Centro tem nota máxima no Google, mas poucas avaliações pra comprovar. Com essa nota, um site simples vira a prova que falta. Quer ver um exemplo?"
"Dom Da Pizza Delivery","Restinga","+5547988065006","https://wa.me/5547988065006","5","14","Nota alta + poucas avaliações - credibilidade","Oi, Dom Da Pizza Delivery! Vocês têm nota máxima em Restinga, mas quase nenhuma avaliação pra corroborar. Um site profissional ajuda bastante nisso, reforçando a credibilidade pra quem tá pesquisando. Posso te mostrar como ficaria?"
"Corpus Medicina Veterinária Integrativa","Centro","+5542988025252","https://wa.me/5542988025252","5","14","Nota alta + poucas avaliações - credibilidade","Olá! Como vai? O Google mostra a loja de vocês em Centro com nota máxima, mas são poucas avaliações — e quem ainda não conhece procura prova antes de chamar. Um site profissional puxaria mais gente que pesquisa uma loja confiável na região — a nota de vocês fala por si só. Quer ver um exemplo rápido?"
"Centro da Coluna","Centro","+554736220025","https://wa.me/554736220025","5","13","Nota alta + poucas avaliações - credibilidade","Oi! Tava procurando lojas por aqui e encontrei vocês. A nota máxima em Centro não bate com o número de avaliações — merecia aparecer mais pra quem pesquisa. Um site profissional transforma essa reputação em cliente novo e mostra o trabalho de vocês. Topa ver um modelo?"
"Rilion Gracie Canoinhas","Centro","+5547992615220","https://wa.me/5547992615220","5","13","Nota alta + poucas avaliações - credibilidade","Oi! Encontrei o perfil de vocês em Centro com nota máxima, mas com tão poucas avaliações que a nota acaba não pesando na escolha. E é exatamente aí que um site simples entra: mostra o trabalho e segura quem pesquisa. Posso te mostrar um exemplo?"
"casa de campo viciados em aventuras","","+5548984347585","https://wa.me/5548984347585","5","13","Nota alta + poucas avaliações - credibilidade","Oi, tudo bem? Vi a nota máxima no perfil de vocês, mas com tão poucas avaliações que ela ainda nem aparece direito no Google. Com um site, essa nota vira argumento de venda. Quer ver como aplicaria?"
"Idées Arquitetura e Engenharia","Centro","+5548999915543","https://wa.me/5548999915543","5","13","Nota alta + poucas avaliações - credibilidade","Oi, Idées Arquitetura e Engenharia! O perfil de vocês em Centro acumula nota máxima, mas são poucas avaliações pra transformar isso em confiança na busca. Uma página de apresentação simples mudaria isso em poucos dias. Quer ver um exemplo do que eu faria?"
"Salão de beleza Rosenilda Geraldo","Vila Nova","+5547996327038","https://wa.me/5547996327038","5","12","Nota alta + poucas avaliações - credibilidade","Olá! Como vai? nota máxima em Vila Nova é um belo cartão de visita — só falta gente pra confirmar isso publicamente no Google. Posso te mandar um modelo de página pensado exatamente pra esse caso? É sem compromisso."
"Barbearia Moraes","Centro","+5547984835683","https://wa.me/5547984835683","5","12","Nota alta + poucas avaliações - credibilidade","Oi! Tava procurando lojas por aqui e encontrei vocês. Vi a loja de vocês aqui em Centro com nota máxima — só que ainda com poucas avaliações, uma pena, porque essa nota merecia aparecer mais. Com essa nota, um site simples vira a prova que falta. Quer ver um exemplo?"
"Pet Shop Entre Patas e Pelos","Centro II Alto de Mafra","+5547999196842","https://wa.me/5547999196842","5","12","Nota alta + poucas avaliações - credibilidade","Oi! Achei o perfil de vocês em Centro II Alto de Mafra com nota máxima — parabéns! Uma nota que a maioria das lojas da região não tem. Um site profissional ajuda bastante nisso, reforçando a credibilidade pra quem tá pesquisando. Posso te mostrar como ficaria?"
"Studio Motiva Treinamento Personalizado","Centro","+5548999241236","https://wa.me/5548999241236","5","12","Nota alta + poucas avaliações - credibilidade","Oi, tudo bem? A loja de vocês que trabalha com sala de fitness em Centro tem nota máxima no Google, mas poucas avaliações pra comprovar. Um site profissional puxaria mais gente que pesquisa uma loja confiável na região — a nota de vocês fala por si só. Quer ver um exemplo rápido?"
"Edy Personal Studio","Vila Buenos Aires","+5547996889034","https://wa.me/5547996889034","5","11","Nota alta + poucas avaliações - credibilidade","Oi, Edy Personal Studio! Vocês têm nota máxima em Vila Buenos Aires, mas quase nenhuma avaliação pra corroborar. Um site profissional transforma essa reputação em cliente novo e mostra o trabalho de vocês. Topa ver um modelo?"
"Consultório Médico Geriátrico","Canoinhas","+5547996120026","https://wa.me/5547996120026","5","11","Nota alta + poucas avaliações - credibilidade","Olá! Como vai? O Google mostra a loja de vocês em Canoinhas com nota máxima, mas são poucas avaliações — e quem ainda não conhece procura prova antes de chamar. E é exatamente aí que um site simples entra: mostra o trabalho e segura quem pesquisa. Posso te mostrar um exemplo?"
"Áurea Cerimonial","","+5547996325773","https://wa.me/5547996325773","5","11","Nota alta + poucas avaliações - credibilidade","Oi! Tava procurando lojas por aqui e encontrei vocês. A nota máxima não bate com o número de avaliações — merecia aparecer mais pra quem pesquisa. Com um site, essa nota vira argumento de venda. Quer ver como aplicaria?"
"Pricila Maia Kurpiel - Arquitetura e Interiores","Sossego","+5547999810445","https://wa.me/5547999810445","5","11","Nota alta + poucas avaliações - credibilidade","Oi! Encontrei o perfil de vocês em Sossego com nota máxima, mas com tão poucas avaliações que a nota acaba não pesando na escolha. Uma página de apresentação simples mudaria isso em poucos dias. Quer ver um exemplo do que eu faria?"
"Fisioterapeuta Ana Paula Ressel Hartinger","Vila Nova","+5547989075501","https://wa.me/5547989075501","5","11","Nota alta + poucas avaliações - credibilidade","Oi, tudo bem? Vi a nota máxima em Vila Nova no perfil de vocês, mas com tão poucas avaliações que ela ainda nem aparece direito no Google. Posso te mandar um modelo de página pensado exatamente pra esse caso? É sem compromisso."
"Bruna Szczygiel Kohler","Centro","+5547999683263","https://wa.me/5547999683263","5","11","Nota alta + poucas avaliações - credibilidade","Oi, Bruna Szczygiel Kohler! O perfil de vocês em Centro acumula nota máxima, mas são poucas avaliações pra transformar isso em confiança na busca. Com essa nota, um site simples vira a prova que falta. Quer ver um exemplo?"
"Psicóloga Infantil Bianca Wzorek","Tricolin","+5547997298920","https://wa.me/5547997298920","5","11","Nota alta + poucas avaliações - credibilidade","Olá! Como vai? nota máxima em Tricolin é um belo cartão de visita — só falta gente pra confirmar isso publicamente no Google. Um site profissional ajuda bastante nisso, reforçando a credibilidade pra quem tá pesquisando. Posso te mostrar como ficaria?"
"Advocacia Patricia Krzesinski Leal","Restinga","+554736424149","https://wa.me/554736424149","5","10","Nota alta + poucas avaliações - credibilidade","Oi! O Google mostra a loja de vocês em Restinga com nota máxima, mas são poucas avaliações — e quem ainda não conhece procura prova antes de chamar. Um site profissional transforma essa reputação em cliente novo e mostra o trabalho de vocês. Topa ver um modelo?"
"Advogada Trabalhista em Mafra - Dra. Rayssa Lopes Neuburger","Centro II Alto de Mafra","+5547999251181","https://wa.me/5547999251181","5","10","Nota alta + poucas avaliações - credibilidade","Oi, tudo bem? O Google mostra a loja de vocês em Centro II Alto de Mafra com nota máxima, mas são poucas avaliações — e quem ainda não conhece procura prova antes de chamar. Um site profissional transforma essa reputação em cliente novo e mostra o trabalho de vocês. Topa ver um modelo?"
"Pet Shop Mundo Animal - Fortvet","Centro","+5547992213074","https://wa.me/5547992213074","5","10","Nota alta + poucas avaliações - credibilidade","Oi, Pet Shop Mundo Animal - Fortvet! O Google mostra a loja de vocês em Centro com nota máxima, mas são poucas avaliações — e quem ainda não conhece procura prova antes de chamar. Um site profissional transforma essa reputação em cliente novo e mostra o trabalho de vocês. Topa ver um modelo?"
"Fisioterapeuta Dra. Nathalia Wilner Souza","Centro","+5547984311262","https://wa.me/5547984311262","5","10","Nota alta + poucas avaliações - credibilidade","Olá! Como vai? O Google mostra a loja de vocês em Centro com nota máxima, mas são poucas avaliações — e quem ainda não conhece procura prova antes de chamar. Um site profissional transforma essa reputação em cliente novo e mostra o trabalho de vocês. Topa ver um modelo?"
"Nutrição Esportiva - Tiago Sejanoski","Cidade Nova","+5542988010504","https://wa.me/5542988010504","5","10","Nota alta + poucas avaliações - credibilidade","Oi! Tava procurando lojas por aqui e encontrei vocês. O Google mostra a loja de vocês em Cidade Nova com nota máxima, mas são poucas avaliações — e quem ainda não conhece procura prova antes de chamar. Um site profissional transforma essa reputação em cliente novo e mostra o trabalho de vocês. Topa ver um modelo?"
"Wedo balance por Ana Paula Olsen","Centro II Alto de Mafra","+5547991612188","https://wa.me/5547991612188","5","10","Nota alta + poucas avaliações - credibilidade","Oi! A nota máxima em Centro II Alto de Mafra não bate com o número de avaliações — merecia aparecer mais pra quem pesquisa. Um site profissional transforma essa reputação em cliente novo e mostra o trabalho de vocês. Topa ver um modelo?"
"Aline Riher","São Pedro","+5547991655939","https://wa.me/5547991655939","5","10","Nota alta + poucas avaliações - credibilidade","Oi, tudo bem? A nota máxima em São Pedro não bate com o número de avaliações — merecia aparecer mais pra quem pesquisa. Um site profissional transforma essa reputação em cliente novo e mostra o trabalho de vocês. Topa ver um modelo?"
"Psicólogo Clínico - Murilo Henrique Kordel CRP-12/29898","Centro","+5547992199119","https://wa.me/5547992199119","5","10","Nota alta + poucas avaliações - credibilidade","Oi, Psicólogo Clínico - Murilo Henrique Kordel CRP-12/29898! A nota máxima em Centro não bate com o número de avaliações — merecia aparecer mais pra quem pesquisa. Um site profissional transforma essa reputação em cliente novo e mostra o trabalho de vocês. Topa ver um modelo?"
"Morcegoh tattooh","Centro","+5542988338898","https://wa.me/5542988338898","5","10","Nota alta + poucas avaliações - credibilidade","Olá! Como vai? A nota máxima em Centro não bate com o número de avaliações — merecia aparecer mais pra quem pesquisa. Um site profissional transforma essa reputação em cliente novo e mostra o trabalho de vocês. Topa ver um modelo?"
"Dra. Ana Hoffmann","Centro II Alto de Mafra","+5547997867088","https://wa.me/5547997867088","5","9","Nota alta + poucas avaliações - credibilidade","Oi, tudo bem? Vocês têm nota máxima em Centro II Alto de Mafra, mas quase nenhuma avaliação pra corroborar. E é exatamente aí que um site simples entra: mostra o trabalho e segura quem pesquisa. Posso te mostrar um exemplo?"
"Casa da Beleza / Mafra SC","Centro II Alto de Mafra","+5547999914773","https://wa.me/5547999914773","5","9","Nota alta + poucas avaliações - credibilidade","Oi! Encontrei o perfil de vocês em Centro II Alto de Mafra com nota máxima, mas com tão poucas avaliações que a nota acaba não pesando na escolha. Um site profissional transforma essa reputação em cliente novo e mostra o trabalho de vocês. Topa ver um modelo?"
"Fisioterapeuta Marcos Ruski QUIROPRAXIA","Centro","+5542999432300","https://wa.me/5542999432300","5","9","Nota alta + poucas avaliações - credibilidade","Oi, tudo bem? Encontrei o perfil de vocês em Centro com nota máxima, mas com tão poucas avaliações que a nota acaba não pesando na escolha. Um site profissional transforma essa reputação em cliente novo e mostra o trabalho de vocês. Topa ver um modelo?"
"LF Clinica Odontológica & Médica","Jardim das Avenidas","+5548999343870","https://wa.me/5548999343870","5","9","Nota alta + poucas avaliações - credibilidade","Oi, LF Clinica Odontológica & Médica! Encontrei o perfil de vocês em Jardim das Avenidas com nota máxima, mas com tão poucas avaliações que a nota acaba não pesando na escolha. Um site profissional transforma essa reputação em cliente novo e mostra o trabalho de vocês. Topa ver um modelo?"
"Na Tesoura Barbearia","","+5547988428806","https://wa.me/5547988428806","5","8","Nota alta + poucas avaliações - credibilidade","Olá! Como vai? Encontrei o perfil de vocês com nota máxima, mas com tão poucas avaliações que a nota acaba não pesando na escolha. Um site profissional transforma essa reputação em cliente novo e mostra o trabalho de vocês. Topa ver um modelo?"
"Studio Cris Pilates e Fisioterapia","Santa Rosa","+5542984126650","https://wa.me/5542984126650","5","8","Nota alta + poucas avaliações - credibilidade","Oi! Tava procurando lojas por aqui e encontrei vocês. Encontrei o perfil de vocês em Santa Rosa com nota máxima, mas com tão poucas avaliações que a nota acaba não pesando na escolha. Um site profissional transforma essa reputação em cliente novo e mostra o trabalho de vocês. Topa ver um modelo?"
"Lucas A. Haag Arquiteto e Lighting Designer","","+5547999055252","https://wa.me/5547999055252","5","8","Nota alta + poucas avaliações - credibilidade","Oi! Vi a nota máxima no perfil de vocês, mas com tão poucas avaliações que ela ainda nem aparece direito no Google. Um site profissional transforma essa reputação em cliente novo e mostra o trabalho de vocês. Topa ver um modelo?"
"AgroPet Prado","Monte Castelo","+554736540923","https://wa.me/554736540923","5","8","Nota alta + poucas avaliações - credibilidade","Oi! A loja de vocês em Monte Castelo tem nota máxima no Google, mas poucas avaliações pra comprovar. Com um site, essa nota vira argumento de venda. Quer ver como aplicaria?"
"Psicóloga Yasmin Zenaro","Santa Rosa","+5542999160103","https://wa.me/5542999160103","5","8","Nota alta + poucas avaliações - credibilidade","Oi, Psicóloga Yasmin Zenaro! Vi a nota máxima em Santa Rosa no perfil de vocês, mas com tão poucas avaliações que ela ainda nem aparece direito no Google. Um site profissional transforma essa reputação em cliente novo e mostra o trabalho de vocês. Topa ver um modelo?"
"Alciomar Heilmann Corretor de Imóveis","Centro","+554736522493","https://wa.me/554736522493","5","8","Nota alta + poucas avaliações - credibilidade","Olá! Como vai? Vi a nota máxima em Centro no perfil de vocês, mas com tão poucas avaliações que ela ainda nem aparece direito no Google. Um site profissional transforma essa reputação em cliente novo e mostra o trabalho de vocês. Topa ver um modelo?"
"Avenida Lanches","Jardim do Moinho","+5547997707818","https://wa.me/5547997707818","5","8","Nota alta + poucas avaliações - credibilidade","Oi! Tava procurando lojas por aqui e encontrei vocês. Vi a nota máxima em Jardim do Moinho no perfil de vocês, mas com tão poucas avaliações que ela ainda nem aparece direito no Google. Um site profissional transforma essa reputação em cliente novo e mostra o trabalho de vocês. Topa ver um modelo?"
"JB Floriano Clinica Estética","Coloninha","+5548996535881","https://wa.me/5548996535881","5","8","Nota alta + poucas avaliações - credibilidade","Oi! O perfil de vocês em Coloninha acumula nota máxima, mas são poucas avaliações pra transformar isso em confiança na busca. Um site profissional transforma essa reputação em cliente novo e mostra o trabalho de vocês. Topa ver um modelo?"
"Clínica Cuid'Art Estética e saúde","Zona Sul","+5555996069177","https://wa.me/5555996069177","5","8","Nota alta + poucas avaliações - credibilidade","Oi, tudo bem? O perfil de vocês em Zona Sul acumula nota máxima, mas são poucas avaliações pra transformar isso em confiança na busca. Um site profissional transforma essa reputação em cliente novo e mostra o trabalho de vocês. Topa ver um modelo?"
"Eleve Fisioterapia e Pilates","Centro","+5548992190024","https://wa.me/5548992190024","5","8","Nota alta + poucas avaliações - credibilidade","Oi, Eleve Fisioterapia e Pilates! O perfil de vocês em Centro acumula nota máxima, mas são poucas avaliações pra transformar isso em confiança na busca. Um site profissional transforma essa reputação em cliente novo e mostra o trabalho de vocês. Topa ver um modelo?"
"Implant Med Odontologia Estética e Saúde Integrada.","","+5548999377966","https://wa.me/5548999377966","5","8","Nota alta + poucas avaliações - credibilidade","Olá! Como vai? O perfil de vocês acumula nota máxima, mas são poucas avaliações pra transformar isso em confiança na busca. Um site profissional transforma essa reputação em cliente novo e mostra o trabalho de vocês. Topa ver um modelo?"
"PANOBIANCO ACADEMIA - ARARANGUÁ","Nova Divinéia","+5548988664138","https://wa.me/5548988664138","5","8","Nota alta + poucas avaliações - credibilidade","Oi! Tava procurando lojas por aqui e encontrei vocês. O perfil de vocês em Nova Divinéia acumula nota máxima, mas são poucas avaliações pra transformar isso em confiança na busca. Um site profissional transforma essa reputação em cliente novo e mostra o trabalho de vocês. Topa ver um modelo?"
"Clínica de Estética Dra.Daiane Stein","Santa Cruz do Timbó","+5542999739308","https://wa.me/5542999739308","5","7","Nota alta + poucas avaliações - credibilidade","Oi! nota máxima em Santa Cruz do Timbó é um belo cartão de visita — só falta gente pra confirmar isso publicamente no Google. Um site profissional transforma essa reputação em cliente novo e mostra o trabalho de vocês. Topa ver um modelo?"
"DANI BECKER ESTÉTICA AVANÇADA E SAÚDE","Centro","+5547999895250","https://wa.me/5547999895250","5","7","Nota alta + poucas avaliações - credibilidade","Oi, tudo bem? nota máxima em Centro é um belo cartão de visita — só falta gente pra confirmar isso publicamente no Google. Um site profissional transforma essa reputação em cliente novo e mostra o trabalho de vocês. Topa ver um modelo?"
"Barbearia Man's Hall","Centro","+5547991170014","https://wa.me/5547991170014","5","7","Nota alta + poucas avaliações - credibilidade","Oi, Barbearia Man's Hall! nota máxima em Centro é um belo cartão de visita — só falta gente pra confirmar isso publicamente no Google. Um site profissional transforma essa reputação em cliente novo e mostra o trabalho de vocês. Topa ver um modelo?"
"Villa Vesta Mega Hair e Espaço de Beleza","Vila Argentina","+5547992812860","https://wa.me/5547992812860","5","7","Nota alta + poucas avaliações - credibilidade","Oi! Vi a nota máxima em Vila Argentina no perfil de vocês, mas com tão poucas avaliações que ela ainda nem aparece direito no Google. E é exatamente aí que um site simples entra: mostra o trabalho e segura quem pesquisa. Posso te mostrar um exemplo?"
"Dra. Thaliane Pieczarcka - Fisioterapia e Pilates","Centro","+5547992172554","https://wa.me/5547992172554","5","7","Nota alta + poucas avaliações - credibilidade","Oi! Tava procurando lojas por aqui e encontrei vocês. nota máxima em Centro é um belo cartão de visita — só falta gente pra confirmar isso publicamente no Google. Um site profissional transforma essa reputação em cliente novo e mostra o trabalho de vocês. Topa ver um modelo?"
"Thainá Zellner - Fisioterapeuta em Santa Terezinha SC e região","Rio da Anta","+5547996303862","https://wa.me/5547996303862","5","7","Nota alta + poucas avaliações - credibilidade","Oi! Vi a loja de vocês aqui em Rio da Anta com nota máxima — só que ainda com poucas avaliações, uma pena, porque essa nota merecia aparecer mais. E é exatamente aí que um site simples entra: mostra o trabalho e segura quem pesquisa. Posso te mostrar um exemplo?"
"Pa-Kua Boa Vista","Alto das Palmeiras","+5547999212737","https://wa.me/5547999212737","5","7","Nota alta + poucas avaliações - credibilidade","Oi, tudo bem? Vi a loja de vocês aqui em Alto das Palmeiras com nota máxima — só que ainda com poucas avaliações, uma pena, porque essa nota merecia aparecer mais. E é exatamente aí que um site simples entra: mostra o trabalho e segura quem pesquisa. Posso te mostrar um exemplo?"
"Gabriele Fiamoncini Arquitetura, Interiores e Paisagismo","Papanduva","+5547991154557","https://wa.me/5547991154557","5","7","Nota alta + poucas avaliações - credibilidade","Oi, Gabriele Fiamoncini Arquitetura, Interiores e Paisagismo! Vi a loja de vocês aqui em Papanduva com nota máxima — só que ainda com poucas avaliações, uma pena, porque essa nota merecia aparecer mais. E é exatamente aí que um site simples entra: mostra o trabalho e segura quem pesquisa. Posso te mostrar um exemplo?"
"Ana Paula Rodrigues Tattoo e Micro","São Cristóvão","+5547992657322","https://wa.me/5547992657322","5","7","Nota alta + poucas avaliações - credibilidade","Olá! Como vai? Vi a loja de vocês aqui em São Cristóvão com nota máxima — só que ainda com poucas avaliações, uma pena, porque essa nota merecia aparecer mais. E é exatamente aí que um site simples entra: mostra o trabalho e segura quem pesquisa. Posso te mostrar um exemplo?"
"Renata Bosquetti Fotografia","Centro","+5547999334717","https://wa.me/5547999334717","5","7","Nota alta + poucas avaliações - credibilidade","Oi, tudo bem? O perfil de vocês em Centro acumula nota máxima, mas são poucas avaliações pra transformar isso em confiança na busca. E é exatamente aí que um site simples entra: mostra o trabalho e segura quem pesquisa. Posso te mostrar um exemplo?"
"Lilian Wendt Fotografia","Centro","+5547989084687","https://wa.me/5547989084687","5","7","Nota alta + poucas avaliações - credibilidade","Oi! Achei o perfil de vocês em Centro com nota máxima — parabéns! Uma nota que a maioria das lojas da região não tem. E é exatamente aí que um site simples entra: mostra o trabalho e segura quem pesquisa. Posso te mostrar um exemplo?"
"Barbara Moraes Fotografias","Sossego","+5547996671859","https://wa.me/5547996671859","5","7","Nota alta + poucas avaliações - credibilidade","Oi, tudo bem? Achei o perfil de vocês em Sossego com nota máxima — parabéns! Uma nota que a maioria das lojas da região não tem. E é exatamente aí que um site simples entra: mostra o trabalho e segura quem pesquisa. Posso te mostrar um exemplo?"
"Rancho da Vó Pizzaria Forno a Lenha","Centro","+5547991975374","https://wa.me/5547991975374","5","7","Nota alta + poucas avaliações - credibilidade","Oi, Rancho da Vó Pizzaria Forno a Lenha! Achei o perfil de vocês em Centro com nota máxima — parabéns! Uma nota que a maioria das lojas da região não tem. E é exatamente aí que um site simples entra: mostra o trabalho e segura quem pesquisa. Posso te mostrar um exemplo?"
"Clínica e Estética Santè","Jardim das Avenidas","+5548991823448","https://wa.me/5548991823448","5","7","Nota alta + poucas avaliações - credibilidade","Olá! Como vai? Achei o perfil de vocês em Jardim das Avenidas com nota máxima — parabéns! Uma nota que a maioria das lojas da região não tem. E é exatamente aí que um site simples entra: mostra o trabalho e segura quem pesquisa. Posso te mostrar um exemplo?"
"Fonte RB- Clínica de Estética","Centro","+5548988077599","https://wa.me/5548988077599","5","7","Nota alta + poucas avaliações - credibilidade","Oi! Tava procurando lojas por aqui e encontrei vocês. Achei o perfil de vocês em Centro com nota máxima — parabéns! Uma nota que a maioria das lojas da região não tem. E é exatamente aí que um site simples entra: mostra o trabalho e segura quem pesquisa. Posso te mostrar um exemplo?"
"Iriany Bossy Centro de Estética e Saúde","Centro","+554736225089","https://wa.me/554736225089","5","6","Nota alta + poucas avaliações - credibilidade","Oi! A loja de vocês que trabalha com clínica de fisioterapia em Centro tem nota máxima no Google, mas poucas avaliações pra comprovar. E é exatamente aí que um site simples entra: mostra o trabalho e segura quem pesquisa. Posso te mostrar um exemplo?"
"Boss Face Estética Avançada","Papanduva","+5547999555872","https://wa.me/5547999555872","5","6","Nota alta + poucas avaliações - credibilidade","Olá! Como vai? nota máxima em Papanduva é um belo cartão de visita — só falta gente pra confirmar isso publicamente no Google. E é exatamente aí que um site simples entra: mostra o trabalho e segura quem pesquisa. Posso te mostrar um exemplo?"
"Dra. Heloisa Soares","Centro","+5547997349703","https://wa.me/5547997349703","5","6","Nota alta + poucas avaliações - credibilidade","Oi, Dra. Heloisa Soares! A loja de vocês que trabalha com clínica especializada em Centro tem nota máxima no Google, mas poucas avaliações pra comprovar. E é exatamente aí que um site simples entra: mostra o trabalho e segura quem pesquisa. Posso te mostrar um exemplo?"
"Sissa Salão de Beleza","Alto Paraguaçu","+5547999215921","https://wa.me/5547999215921","5","6","Nota alta + poucas avaliações - credibilidade","Olá! Como vai? A loja de vocês em Alto Paraguaçu tem nota máxima no Google, mas poucas avaliações pra comprovar. E é exatamente aí que um site simples entra: mostra o trabalho e segura quem pesquisa. Posso te mostrar um exemplo?"
"Clínica Psicológica Consciência","Centro II","+5547991389897","https://wa.me/5547991389897","5","6","Nota alta + poucas avaliações - credibilidade","Oi! Tava procurando lojas por aqui e encontrei vocês. A loja de vocês que trabalha com psicólogo em Centro II tem nota máxima no Google, mas poucas avaliações pra comprovar. E é exatamente aí que um site simples entra: mostra o trabalho e segura quem pesquisa. Posso te mostrar um exemplo?"
"Purpet","Alto das Palmeiras","+5547997059102","https://wa.me/5547997059102","5","6","Nota alta + poucas avaliações - credibilidade","Oi! Vocês têm nota máxima em Alto das Palmeiras, mas quase nenhuma avaliação pra corroborar. E é exatamente aí que um site simples entra: mostra o trabalho e segura quem pesquisa. Posso te mostrar um exemplo?"
"Délcio Santos fotografia","João Paulo II","+5547988332277","https://wa.me/5547988332277","5","6","Nota alta + poucas avaliações - credibilidade","Olá! Como vai? Vi a loja de vocês aqui em João Paulo II com nota máxima — só que ainda com poucas avaliações, uma pena, porque essa nota merecia aparecer mais. Com um site, essa nota vira argumento de venda. Quer ver como aplicaria?"
"La Chapa Hamburgueria","Centro 1","+5547984631203","https://wa.me/5547984631203","5","6","Nota alta + poucas avaliações - credibilidade","Oi, La Chapa Hamburgueria! Vocês têm nota máxima em Centro 1, mas quase nenhuma avaliação pra corroborar. E é exatamente aí que um site simples entra: mostra o trabalho e segura quem pesquisa. Posso te mostrar um exemplo?"
"Trailer da Japa","Centro","+5547991560363","https://wa.me/5547991560363","5","6","Nota alta + poucas avaliações - credibilidade","Olá! Como vai? Vocês têm nota máxima em Centro, mas quase nenhuma avaliação pra corroborar. E é exatamente aí que um site simples entra: mostra o trabalho e segura quem pesquisa. Posso te mostrar um exemplo?"
"BIG MANIA","CENTRO","+5542999232876","https://wa.me/5542999232876","5","6","Nota alta + poucas avaliações - credibilidade","Oi! Tava procurando lojas por aqui e encontrei vocês. Vocês têm nota máxima em CENTRO, mas quase nenhuma avaliação pra corroborar. E é exatamente aí que um site simples entra: mostra o trabalho e segura quem pesquisa. Posso te mostrar um exemplo?"
"Big Tasty Burger","Santa Rosa","+5542991419415","https://wa.me/5542991419415","5","6","Nota alta + poucas avaliações - credibilidade","Oi! O Google mostra a loja de vocês em Santa Rosa com nota máxima, mas são poucas avaliações — e quem ainda não conhece procura prova antes de chamar. E é exatamente aí que um site simples entra: mostra o trabalho e segura quem pesquisa. Posso te mostrar um exemplo?"
"Conveniência e pousada do TUKA","208","+5547992717941","https://wa.me/5547992717941","5","6","Nota alta + poucas avaliações - credibilidade","Oi, tudo bem? O Google mostra a loja de vocês em 208 com nota máxima, mas são poucas avaliações — e quem ainda não conhece procura prova antes de chamar. E é exatamente aí que um site simples entra: mostra o trabalho e segura quem pesquisa. Posso te mostrar um exemplo?"
"Clinica Thaís Stahnke","Centro","+5548999546421","https://wa.me/5548999546421","5","6","Nota alta + poucas avaliações - credibilidade","Oi, Clinica Thaís Stahnke! O Google mostra a loja de vocês em Centro com nota máxima, mas são poucas avaliações — e quem ainda não conhece procura prova antes de chamar. E é exatamente aí que um site simples entra: mostra o trabalho e segura quem pesquisa. Posso te mostrar um exemplo?"
"Vida Plena Escola de Pilates","Zona Velha","+5548998571777","https://wa.me/5548998571777","5","6","Nota alta + poucas avaliações - credibilidade","Oi, Vida Plena Escola de Pilates! nota máxima em Zona Velha é um belo cartão de visita — só falta gente pra confirmar isso publicamente no Google. Com um site, essa nota vira argumento de venda. Quer ver como aplicaria?"
"Estética Princess","Centro","+5542988041003","https://wa.me/5542988041003","5","5","Nota alta + poucas avaliações - credibilidade","Oi! Tava procurando lojas por aqui e encontrei vocês. O Google mostra a loja de vocês em Centro com nota máxima, mas são poucas avaliações — e quem ainda não conhece procura prova antes de chamar. E é exatamente aí que um site simples entra: mostra o trabalho e segura quem pesquisa. Posso te mostrar um exemplo?"
"Dr. Luiz Augusto Ribas - ODONTOLOGIA ESTÉTICA","centro","+5547992760458","https://wa.me/5547992760458","5","5","Nota alta + poucas avaliações - credibilidade","Oi! A nota máxima em centro não bate com o número de avaliações — merecia aparecer mais pra quem pesquisa. E é exatamente aí que um site simples entra: mostra o trabalho e segura quem pesquisa. Posso te mostrar um exemplo?"
"Antonie's Barbearia","Centro","+5549991469927","https://wa.me/5549991469927","5","5","Nota alta + poucas avaliações - credibilidade","Oi, tudo bem? A nota máxima em Centro não bate com o número de avaliações — merecia aparecer mais pra quem pesquisa. E é exatamente aí que um site simples entra: mostra o trabalho e segura quem pesquisa. Posso te mostrar um exemplo?"
"Barbearia Davi","Centro","+5547991809094","https://wa.me/5547991809094","5","5","Nota alta + poucas avaliações - credibilidade","Oi, Barbearia Davi! A nota máxima em Centro não bate com o número de avaliações — merecia aparecer mais pra quem pesquisa. E é exatamente aí que um site simples entra: mostra o trabalho e segura quem pesquisa. Posso te mostrar um exemplo?"
"Salão de Beleza Beauty Company","Campo d'agua Verde","+5547991968689","https://wa.me/5547991968689","5","5","Nota alta + poucas avaliações - credibilidade","Olá! Como vai? A nota máxima em Campo d'agua Verde não bate com o número de avaliações — merecia aparecer mais pra quem pesquisa. E é exatamente aí que um site simples entra: mostra o trabalho e segura quem pesquisa. Posso te mostrar um exemplo?"
"FisioForm Studio de Pilates","Centro","+5547992504072","https://wa.me/5547992504072","5","5","Nota alta + poucas avaliações - credibilidade","Oi! Tava procurando lojas por aqui e encontrei vocês. A nota máxima em Centro não bate com o número de avaliações — merecia aparecer mais pra quem pesquisa. E é exatamente aí que um site simples entra: mostra o trabalho e segura quem pesquisa. Posso te mostrar um exemplo?"
"Clinica CIOM","Centro I Baixada","+554736425010","https://wa.me/554736425010","5","5","Nota alta + poucas avaliações - credibilidade","Oi, tudo bem? O perfil de vocês em Centro I Baixada acumula nota máxima, mas são poucas avaliações pra transformar isso em confiança na busca. Uma página de apresentação simples mudaria isso em poucos dias. Quer ver um exemplo do que eu faria?"
"Victor Oliveira - Advocacia & Assessoria Jurídica","Nossa Senhora Aparecida","+5547999672416","https://wa.me/5547999672416","5","5","Nota alta + poucas avaliações - credibilidade","Oi, tudo bem? Encontrei o perfil de vocês em Nossa Senhora Aparecida com nota máxima, mas com tão poucas avaliações que a nota acaba não pesando na escolha. E é exatamente aí que um site simples entra: mostra o trabalho e segura quem pesquisa. Posso te mostrar um exemplo?"
"Advocacia Thiago Moreira","Centro II Alto de Mafra","+554736423726","https://wa.me/554736423726","5","5","Nota alta + poucas avaliações - credibilidade","Oi, Advocacia Thiago Moreira! Encontrei o perfil de vocês em Centro II Alto de Mafra com nota máxima, mas com tão poucas avaliações que a nota acaba não pesando na escolha. E é exatamente aí que um site simples entra: mostra o trabalho e segura quem pesquisa. Posso te mostrar um exemplo?"
"Rubiane Cherobin Arquitetura","Centro I Baixada","+554736453900","https://wa.me/554736453900","5","5","Nota alta + poucas avaliações - credibilidade","Olá! Como vai? Encontrei o perfil de vocês em Centro I Baixada com nota máxima, mas com tão poucas avaliações que a nota acaba não pesando na escolha. E é exatamente aí que um site simples entra: mostra o trabalho e segura quem pesquisa. Posso te mostrar um exemplo?"
"Fernanda Pacheco Arquitetura","Industrial Sul","+5547999325880","https://wa.me/5547999325880","5","5","Nota alta + poucas avaliações - credibilidade","Oi! Tava procurando lojas por aqui e encontrei vocês. Encontrei o perfil de vocês em Industrial Sul com nota máxima, mas com tão poucas avaliações que a nota acaba não pesando na escolha. E é exatamente aí que um site simples entra: mostra o trabalho e segura quem pesquisa. Posso te mostrar um exemplo?"
"Schroeder Engenharia e Arquitetura - Osni José Schroeder- Marlete Schroeder","Centro","+5547984373490","https://wa.me/5547984373490","5","5","Nota alta + poucas avaliações - credibilidade","Oi, Schroeder Engenharia e Arquitetura - Osni José Schroeder- Marlete Schroeder! O Google mostra a loja de vocês em Centro com nota máxima, mas são poucas avaliações — e quem ainda não conhece procura prova antes de chamar. Com um site, essa nota vira argumento de venda. Quer ver como aplicaria?"
"Psicóloga Aline Gurzinski","Canoinhas","+5547996290285","https://wa.me/5547996290285","5","5","Nota alta + poucas avaliações - credibilidade","Oi, tudo bem? Vi a nota máxima em Canoinhas no perfil de vocês, mas com tão poucas avaliações que ela ainda nem aparece direito no Google. E é exatamente aí que um site simples entra: mostra o trabalho e segura quem pesquisa. Posso te mostrar um exemplo?"
"Agropecuária Agromar pet","Alto das Palmeiras","+5547988863338","https://wa.me/5547988863338","5","5","Nota alta + poucas avaliações - credibilidade","Oi, Agropecuária Agromar pet! Vi a nota máxima em Alto das Palmeiras no perfil de vocês, mas com tão poucas avaliações que ela ainda nem aparece direito no Google. E é exatamente aí que um site simples entra: mostra o trabalho e segura quem pesquisa. Posso te mostrar um exemplo?"
"Plenituddi - Centro Integrado de Saúde","Centro","+5547996586559","https://wa.me/5547996586559","5","5","Nota alta + poucas avaliações - credibilidade","Olá! Como vai? Vi a nota máxima em Centro no perfil de vocês, mas com tão poucas avaliações que ela ainda nem aparece direito no Google. E é exatamente aí que um site simples entra: mostra o trabalho e segura quem pesquisa. Posso te mostrar um exemplo?"
"Psicóloga Aline Thais","Centro","+5547991413485","https://wa.me/5547991413485","5","5","Nota alta + poucas avaliações - credibilidade","Oi! Tava procurando lojas por aqui e encontrei vocês. Vi a nota máxima em Centro no perfil de vocês, mas com tão poucas avaliações que ela ainda nem aparece direito no Google. E é exatamente aí que um site simples entra: mostra o trabalho e segura quem pesquisa. Posso te mostrar um exemplo?"
"Psicóloga Greici C. M. de Assis","Ceramarte","+5547992933383","https://wa.me/5547992933383","5","5","Nota alta + poucas avaliações - credibilidade","Oi! O perfil de vocês em Ceramarte acumula nota máxima, mas são poucas avaliações pra transformar isso em confiança na busca. E é exatamente aí que um site simples entra: mostra o trabalho e segura quem pesquisa. Posso te mostrar um exemplo?"
"Consultório de Psicologia","Centro","+5547999037000","https://wa.me/5547999037000","5","5","Nota alta + poucas avaliações - credibilidade","Olá! Como vai? A nota máxima em Centro não bate com o número de avaliações — merecia aparecer mais pra quem pesquisa. Com um site, essa nota vira argumento de venda. Quer ver como aplicaria?"
"Andrielly Fotografia","","+5549999766119","https://wa.me/5549999766119","5","5","Nota alta + poucas avaliações - credibilidade","Oi, tudo bem? Vocês têm nota máxima, mas quase nenhuma avaliação pra corroborar. Uma página de apresentação simples mudaria isso em poucos dias. Quer ver um exemplo do que eu faria?"
"Psicóloga Jéssica Silva","Sossego","+5547996068572","https://wa.me/5547996068572","5","5","Nota alta + poucas avaliações - credibilidade","Olá! Como vai? O perfil de vocês em Sossego acumula nota máxima, mas são poucas avaliações pra transformar isso em confiança na busca. E é exatamente aí que um site simples entra: mostra o trabalho e segura quem pesquisa. Posso te mostrar um exemplo?"
"Agatha Restaurante","São Cristovão","+5547997587467","https://wa.me/5547997587467","5","5","Nota alta + poucas avaliações - credibilidade","Oi! Tava procurando lojas por aqui e encontrei vocês. O perfil de vocês em São Cristovão acumula nota máxima, mas são poucas avaliações pra transformar isso em confiança na busca. E é exatamente aí que um site simples entra: mostra o trabalho e segura quem pesquisa. Posso te mostrar um exemplo?"
"Hamburgueria Água verde","bayel","+5547996041276","https://wa.me/5547996041276","5","5","Nota alta + poucas avaliações - credibilidade","Oi! nota máxima em bayel é um belo cartão de visita — só falta gente pra confirmar isso publicamente no Google. E é exatamente aí que um site simples entra: mostra o trabalho e segura quem pesquisa. Posso te mostrar um exemplo?"
"Fogazzaria E Pizzaria Paulistana","Bom Jesus","+5548988508161","https://wa.me/5548988508161","5","5","Nota alta + poucas avaliações - credibilidade","Oi, tudo bem? nota máxima em Bom Jesus é um belo cartão de visita — só falta gente pra confirmar isso publicamente no Google. E é exatamente aí que um site simples entra: mostra o trabalho e segura quem pesquisa. Posso te mostrar um exemplo?"
"Espaço Vitaliza","","+5548999114813","https://wa.me/5548999114813","5","5","Nota alta + poucas avaliações - credibilidade","Oi, Espaço Vitaliza! nota máxima é um belo cartão de visita — só falta gente pra confirmar isso publicamente no Google. E é exatamente aí que um site simples entra: mostra o trabalho e segura quem pesquisa. Posso te mostrar um exemplo?"
"Clínica de Fisioterapia Dra. Maiara Rodrigues","Zanette","+5548996300992","https://wa.me/5548996300992","5","5","Nota alta + poucas avaliações - credibilidade","Oi! Vi a nota máxima em Zanette no perfil de vocês, mas com tão poucas avaliações que ela ainda nem aparece direito no Google. Com um site, essa nota vira argumento de venda. Quer ver como aplicaria?"
"Centro De Especialidades Odontológicas – Ceo","Centro","+554839031909","https://wa.me/554839031909","5","5","Nota alta + poucas avaliações - credibilidade","Oi! Tava procurando lojas por aqui e encontrei vocês. nota máxima em Centro é um belo cartão de visita — só falta gente pra confirmar isso publicamente no Google. E é exatamente aí que um site simples entra: mostra o trabalho e segura quem pesquisa. Posso te mostrar um exemplo?"
"Cristiane Vicente","Presidente Vargas","+5548999190650","https://wa.me/5548999190650","5","5","Nota alta + poucas avaliações - credibilidade","Oi! Vi a loja de vocês aqui em Presidente Vargas com nota máxima — só que ainda com poucas avaliações, uma pena, porque essa nota merecia aparecer mais. Com um site, essa nota vira argumento de venda. Quer ver como aplicaria?"
"Salatiel Decoracoes de Festas","Santa Barbara","+5548999946081","https://wa.me/5548999946081","5","5","Nota alta + poucas avaliações - credibilidade","Oi, tudo bem? Vi a loja de vocês aqui em Santa Barbara com nota máxima — só que ainda com poucas avaliações, uma pena, porque essa nota merecia aparecer mais. Com um site, essa nota vira argumento de venda. Quer ver como aplicaria?"
"Salão de Beleza Vip Hair","Centro","+5547991262617","https://wa.me/5547991262617","5","4","Nota alta + poucas avaliações - credibilidade","Oi, Salão de Beleza Vip Hair! Vi a loja de vocês aqui em Centro com nota máxima — só que ainda com poucas avaliações, uma pena, porque essa nota merecia aparecer mais. Com um site, essa nota vira argumento de venda. Quer ver como aplicaria?"
"Estudio De Pilates Monica Taiza Fanderuff","Centro II Alto de Mafra","+5547991657553","https://wa.me/5547991657553","5","4","Nota alta + poucas avaliações - credibilidade","Oi! O perfil de vocês em Centro II Alto de Mafra acumula nota máxima, mas são poucas avaliações pra transformar isso em confiança na busca. Com um site, essa nota vira argumento de venda. Quer ver como aplicaria?"
"Dark Gym - Treinamento Personalizado","Papanduva","+5547989094180","https://wa.me/5547989094180","5","4","Nota alta + poucas avaliações - credibilidade","Oi! Tava procurando lojas por aqui e encontrei vocês. Vi a loja de vocês aqui em Papanduva com nota máxima — só que ainda com poucas avaliações, uma pena, porque essa nota merecia aparecer mais. Com um site, essa nota vira argumento de venda. Quer ver como aplicaria?"
"Academia Mad Fight Team","Três Barras","+5547997880107","https://wa.me/5547997880107","5","4","Nota alta + poucas avaliações - credibilidade","Oi, Academia Mad Fight Team! O perfil de vocês em Três Barras acumula nota máxima, mas são poucas avaliações pra transformar isso em confiança na busca. Com um site, essa nota vira argumento de venda. Quer ver como aplicaria?"
"KV Advocacia e Assessoria Jurídica","Vila Nova","+554730121334","https://wa.me/554730121334","5","4","Nota alta + poucas avaliações - credibilidade","Oi, tudo bem? Achei o perfil de vocês em Vila Nova com nota máxima — parabéns! Uma nota que a maioria das lojas da região não tem. Com um site, essa nota vira argumento de venda. Quer ver como aplicaria?"
"CLINICA RAMASCHE","Centro","+554736226246","https://wa.me/554736226246","5","4","Nota alta + poucas avaliações - credibilidade","Oi, CLINICA RAMASCHE! Achei o perfil de vocês em Centro com nota máxima — parabéns! Uma nota que a maioria das lojas da região não tem. Com um site, essa nota vira argumento de venda. Quer ver como aplicaria?"
"Buffet Festas e Eventos Honesko","Cidade Nova","+5542991321242","https://wa.me/5542991321242","5","4","Nota alta + poucas avaliações - credibilidade","Olá! Como vai? Achei o perfil de vocês em Cidade Nova com nota máxima — parabéns! Uma nota que a maioria das lojas da região não tem. Com um site, essa nota vira argumento de venda. Quer ver como aplicaria?"
"Nátali Wanesky","Centro","+5547999030762","https://wa.me/5547999030762","5","4","Nota alta + poucas avaliações - credibilidade","Oi! Tava procurando lojas por aqui e encontrei vocês. Achei o perfil de vocês em Centro com nota máxima — parabéns! Uma nota que a maioria das lojas da região não tem. Com um site, essa nota vira argumento de venda. Quer ver como aplicaria?"
"Patas e Pelos","Cidade Nova","+5542999221094","https://wa.me/5542999221094","5","4","Nota alta + poucas avaliações - credibilidade","Oi! Tava procurando lojas por aqui e encontrei vocês. Encontrei o perfil de vocês em Cidade Nova com nota máxima, mas com tão poucas avaliações que a nota acaba não pesando na escolha. Uma página de apresentação simples mudaria isso em poucos dias. Quer ver um exemplo do que eu faria?"
"Nut Studio Tattoo","Vila Nova","+5547997599841","https://wa.me/5547997599841","5","4","Nota alta + poucas avaliações - credibilidade","Oi, tudo bem? A loja de vocês que trabalha com estúdio de tatuagem em Vila Nova tem nota máxima no Google, mas poucas avaliações pra comprovar. Com um site, essa nota vira argumento de venda. Quer ver como aplicaria?"
"Tiago Biliski Fotografo","Estrada geral Interior","+5547991070766","https://wa.me/5547991070766","5","4","Nota alta + poucas avaliações - credibilidade","Oi, Tiago Biliski Fotografo! A loja de vocês que trabalha com fotógrafo em Estrada geral Interior tem nota máxima no Google, mas poucas avaliações pra comprovar. Com um site, essa nota vira argumento de venda. Quer ver como aplicaria?"
"Ruan Pedro Fotografia","Vila Nova","+5547991102132","https://wa.me/5547991102132","5","4","Nota alta + poucas avaliações - credibilidade","Olá! Como vai? A loja de vocês que trabalha com fotógrafo em Vila Nova tem nota máxima no Google, mas poucas avaliações pra comprovar. Com um site, essa nota vira argumento de venda. Quer ver como aplicaria?"
"Pousada kabannas","Forquilha","+5547992926849","https://wa.me/5547992926849","5","4","Nota alta + poucas avaliações - credibilidade","Oi! Tava procurando lojas por aqui e encontrei vocês. A loja de vocês em Forquilha tem nota máxima no Google, mas poucas avaliações pra comprovar. Com um site, essa nota vira argumento de venda. Quer ver como aplicaria?"
"Pizza Cone RioMafra","Vila Nova","+5547999451710","https://wa.me/5547999451710","5","4","Nota alta + poucas avaliações - credibilidade","Oi! Vocês têm nota máxima em Vila Nova, mas quase nenhuma avaliação pra corroborar. Com um site, essa nota vira argumento de venda. Quer ver como aplicaria?"
"Rei da Pizza Delivery","Papanduva","+5547992261322","https://wa.me/5547992261322","5","4","Nota alta + poucas avaliações - credibilidade","Oi, tudo bem? Vocês têm nota máxima em Papanduva, mas quase nenhuma avaliação pra corroborar. Com um site, essa nota vira argumento de venda. Quer ver como aplicaria?"
"Positive: Espaço Pilates","Centro","+5549999554465","https://wa.me/5549999554465","5","4","Nota alta + poucas avaliações - credibilidade","Olá! Como vai? A nota máxima em Centro não bate com o número de avaliações — merecia aparecer mais pra quem pesquisa. Posso te mandar um modelo de página pensado exatamente pra esse caso? É sem compromisso."
"Mix churros gourmet e pizzaria delivery","Vila Nova","+5547991520368","https://wa.me/5547991520368","5","4","Nota alta + poucas avaliações - credibilidade","Olá! Como vai? Vocês têm nota máxima em Vila Nova, mas quase nenhuma avaliação pra corroborar. Com um site, essa nota vira argumento de venda. Quer ver como aplicaria?"
"Clínica Realiza Odontologia integrada","Alto Feliz","+5548984653308","https://wa.me/5548984653308","5","4","Nota alta + poucas avaliações - credibilidade","Oi! Tava procurando lojas por aqui e encontrei vocês. Vocês têm nota máxima em Alto Feliz, mas quase nenhuma avaliação pra corroborar. Com um site, essa nota vira argumento de venda. Quer ver como aplicaria?"
"Oral Clínica Dental Araranguá","Centro","+554835222477","https://wa.me/554835222477","5","4","Nota alta + poucas avaliações - credibilidade","Oi! O Google mostra a loja de vocês em Centro com nota máxima, mas são poucas avaliações — e quem ainda não conhece procura prova antes de chamar. Com um site, essa nota vira argumento de venda. Quer ver como aplicaria?"
"SPALLA Pilates","Cidade Alta","+5548996072826","https://wa.me/5548996072826","5","4","Nota alta + poucas avaliações - credibilidade","Oi, tudo bem? O Google mostra a loja de vocês em Cidade Alta com nota máxima, mas são poucas avaliações — e quem ainda não conhece procura prova antes de chamar. Com um site, essa nota vira argumento de venda. Quer ver como aplicaria?"
"JM ESTÉTICA & BEM ESTAR","Monte Castelo","+5547991853804","https://wa.me/5547991853804","5","3","Nota alta + poucas avaliações - credibilidade","Oi! Tava procurando lojas por aqui e encontrei vocês. Achei o perfil de vocês em Monte Castelo com nota máxima — parabéns! Uma nota que a maioria das lojas da região não tem. Uma página de apresentação simples mudaria isso em poucos dias. Quer ver um exemplo do que eu faria?"
"Salão de beleza Espaço Ella's","Centro","+554736220530","https://wa.me/554736220530","5","3","Nota alta + poucas avaliações - credibilidade","Olá! Como vai? O Google mostra a loja de vocês em Centro com nota máxima, mas são poucas avaliações — e quem ainda não conhece procura prova antes de chamar. Com um site, essa nota vira argumento de venda. Quer ver como aplicaria?"
"Francy hair cosmeticos","Cruzeiro","+5547991403188","https://wa.me/5547991403188","5","3","Nota alta + poucas avaliações - credibilidade","Oi! Tava procurando lojas por aqui e encontrei vocês. O Google mostra a loja de vocês em Cruzeiro com nota máxima, mas são poucas avaliações — e quem ainda não conhece procura prova antes de chamar. Com um site, essa nota vira argumento de venda. Quer ver como aplicaria?"
"Academia de Karatê E Defesa Pessoal","Cruzeiro","+5547999435882","https://wa.me/5547999435882","5","3","Nota alta + poucas avaliações - credibilidade","Oi! A nota máxima em Cruzeiro não bate com o número de avaliações — merecia aparecer mais pra quem pesquisa. Com um site, essa nota vira argumento de venda. Quer ver como aplicaria?"
"Advocacia Dr. Paulo Emílio Winsche Borba","Centro","+5547984712119","https://wa.me/5547984712119","5","3","Nota alta + poucas avaliações - credibilidade","Oi, tudo bem? A nota máxima em Centro não bate com o número de avaliações — merecia aparecer mais pra quem pesquisa. Com um site, essa nota vira argumento de venda. Quer ver como aplicaria?"
"Escritório de Advocacia Jaqueline da Veiga","Bom Jesus","+5547989003368","https://wa.me/5547989003368","5","3","Nota alta + poucas avaliações - credibilidade","Oi, Escritório de Advocacia Jaqueline da Veiga! A nota máxima em Bom Jesus não bate com o número de avaliações — merecia aparecer mais pra quem pesquisa. Com um site, essa nota vira argumento de venda. Quer ver como aplicaria?"
"RM Advocacia e Consultoria Jurídica","Centro","+5542999219230","https://wa.me/5542999219230","5","3","Nota alta + poucas avaliações - credibilidade","Oi! Vocês têm nota máxima em Centro, mas quase nenhuma avaliação pra corroborar. Uma página de apresentação simples mudaria isso em poucos dias. Quer ver um exemplo do que eu faria?"
"Briana Florença Arquitetura","Centro","+5541992076141","https://wa.me/5541992076141","5","3","Nota alta + poucas avaliações - credibilidade","Olá! Como vai? Vi a loja de vocês aqui em Centro com nota máxima — só que ainda com poucas avaliações, uma pena, porque essa nota merecia aparecer mais. Posso te mandar um modelo de página pensado exatamente pra esse caso? É sem compromisso."
"Clínica INSPIRAR - Fisioterapia e especialidades","Centro","+5547997385603","https://wa.me/5547997385603","5","3","Nota alta + poucas avaliações - credibilidade","Oi! Encontrei o perfil de vocês em Centro com nota máxima, mas com tão poucas avaliações que a nota acaba não pesando na escolha. Com um site, essa nota vira argumento de venda. Quer ver como aplicaria?"
"Clínica Marko","Alto das Palmeiras","+5547996735177","https://wa.me/5547996735177","5","3","Nota alta + poucas avaliações - credibilidade","Oi, tudo bem? Encontrei o perfil de vocês em Alto das Palmeiras com nota máxima, mas com tão poucas avaliações que a nota acaba não pesando na escolha. Com um site, essa nota vira argumento de venda. Quer ver como aplicaria?"
"Patrícia Guebert","Centro","+5547996367612","https://wa.me/5547996367612","5","3","Nota alta + poucas avaliações - credibilidade","Oi, Patrícia Guebert! Encontrei o perfil de vocês em Centro com nota máxima, mas com tão poucas avaliações que a nota acaba não pesando na escolha. Com um site, essa nota vira argumento de venda. Quer ver como aplicaria?"
"Nutricionista Nelseli","Centro","+5547999251087","https://wa.me/5547999251087","5","3","Nota alta + poucas avaliações - credibilidade","Olá! Como vai? Encontrei o perfil de vocês em Centro com nota máxima, mas com tão poucas avaliações que a nota acaba não pesando na escolha. Com um site, essa nota vira argumento de venda. Quer ver como aplicaria?"
"Psicóloga Fernanda Bornhausen","Centro","+5547999016133","https://wa.me/5547999016133","5","3","Nota alta + poucas avaliações - credibilidade","Oi! Tava procurando lojas por aqui e encontrei vocês. Encontrei o perfil de vocês em Centro com nota máxima, mas com tão poucas avaliações que a nota acaba não pesando na escolha. Com um site, essa nota vira argumento de venda. Quer ver como aplicaria?"
"Camila Siqueira Psicóloga","Centro II Alto de Mafra","+5547989002619","https://wa.me/5547989002619","5","3","Nota alta + poucas avaliações - credibilidade","Oi, Camila Siqueira Psicóloga! O Google mostra a loja de vocês em Centro II Alto de Mafra com nota máxima, mas são poucas avaliações — e quem ainda não conhece procura prova antes de chamar. Uma página de apresentação simples mudaria isso em poucos dias. Quer ver um exemplo do que eu faria?"
"Juninho tattoo","São Cristóvão","+5547999370740","https://wa.me/5547999370740","5","3","Nota alta + poucas avaliações - credibilidade","Oi! A loja de vocês que trabalha com estúdio de tatuagem em São Cristóvão tem nota máxima no Google, mas poucas avaliações pra comprovar. Posso te mandar um modelo de página pensado exatamente pra esse caso? É sem compromisso."
"Django’s Tattoo","Campo d'Água Verde","+5547996689649","https://wa.me/5547996689649","5","3","Nota alta + poucas avaliações - credibilidade","Oi, Django’s Tattoo! Vi a nota máxima em Campo d'Água Verde no perfil de vocês, mas com tão poucas avaliações que ela ainda nem aparece direito no Google. Com um site, essa nota vira argumento de venda. Quer ver como aplicaria?"
"Paradinha 11","Centro I Baixada","+5547999198441","https://wa.me/5547999198441","5","3","Nota alta + poucas avaliações - credibilidade","Olá! Como vai? Vi a nota máxima em Centro I Baixada no perfil de vocês, mas com tão poucas avaliações que ela ainda nem aparece direito no Google. Com um site, essa nota vira argumento de venda. Quer ver como aplicaria?"
"Na Mana","centro","+5549999594752","https://wa.me/5549999594752","5","3","Nota alta + poucas avaliações - credibilidade","Oi! Tava procurando lojas por aqui e encontrei vocês. Vi a nota máxima em centro no perfil de vocês, mas com tão poucas avaliações que ela ainda nem aparece direito no Google. Com um site, essa nota vira argumento de venda. Quer ver como aplicaria?"
"Bueno’s Grill Restaurante","São Pedro","+5542984429824","https://wa.me/5542984429824","5","3","Nota alta + poucas avaliações - credibilidade","Oi, Bueno’s Grill Restaurante! A nota máxima em São Pedro não bate com o número de avaliações — merecia aparecer mais pra quem pesquisa. Uma página de apresentação simples mudaria isso em poucos dias. Quer ver um exemplo do que eu faria?"
"Legend's of Burguer","Santa Cruz do Timbó","+5542998484856","https://wa.me/5542998484856","5","3","Nota alta + poucas avaliações - credibilidade","Oi, tudo bem? O perfil de vocês em Santa Cruz do Timbó acumula nota máxima, mas são poucas avaliações pra transformar isso em confiança na busca. Com um site, essa nota vira argumento de venda. Quer ver como aplicaria?"
"Luiza Mondo - Exercícios Personalizados e Pilates","Alto Feliz","+5548991044309","https://wa.me/5548991044309","5","3","Nota alta + poucas avaliações - credibilidade","Oi! Tava procurando lojas por aqui e encontrei vocês. A nota máxima em Alto Feliz não bate com o número de avaliações — merecia aparecer mais pra quem pesquisa. Uma página de apresentação simples mudaria isso em poucos dias. Quer ver um exemplo do que eu faria?"
"Viva Dental Clínica Odontológica","Centro","+554834632956","https://wa.me/554834632956","5","3","Nota alta + poucas avaliações - credibilidade","Olá! Como vai? O perfil de vocês em Centro acumula nota máxima, mas são poucas avaliações pra transformar isso em confiança na busca. Com um site, essa nota vira argumento de venda. Quer ver como aplicaria?"
"Clínica Inma - Saúde e Estética","Centro","+554733070888","https://wa.me/554733070888","5","2","Nota alta + poucas avaliações - credibilidade","Oi! Tava procurando lojas por aqui e encontrei vocês. O perfil de vocês em Centro acumula nota máxima, mas são poucas avaliações pra transformar isso em confiança na busca. Com um site, essa nota vira argumento de venda. Quer ver como aplicaria?"
"Salão Clarice","Centro II Alto de Mafra","+554736450607","https://wa.me/554736450607","5","2","Nota alta + poucas avaliações - credibilidade","Oi! nota máxima em Centro II Alto de Mafra é um belo cartão de visita — só falta gente pra confirmar isso publicamente no Google. Com um site, essa nota vira argumento de venda. Quer ver como aplicaria?"
"Emilene Rodrigues Salão de Beleza","São Pedro","+5542999240993","https://wa.me/5542999240993","5","2","Nota alta + poucas avaliações - credibilidade","Oi, tudo bem? nota máxima em São Pedro é um belo cartão de visita — só falta gente pra confirmar isso publicamente no Google. Com um site, essa nota vira argumento de venda. Quer ver como aplicaria?"
"VLOZ Training & Recovery","Centro","+5547997158298","https://wa.me/5547997158298","5","2","Nota alta + poucas avaliações - credibilidade","Oi, tudo bem? O Google mostra a loja de vocês em Centro com nota máxima, mas são poucas avaliações — e quem ainda não conhece procura prova antes de chamar. Posso te mandar um modelo de página pensado exatamente pra esse caso? É sem compromisso."
"Studio Eleve Personal Trainer","Centro","+5547999241529","https://wa.me/5547999241529","5","2","Nota alta + poucas avaliações - credibilidade","Oi! Vi a nota máxima em Centro no perfil de vocês, mas com tão poucas avaliações que ela ainda nem aparece direito no Google. Uma página de apresentação simples mudaria isso em poucos dias. Quer ver um exemplo do que eu faria?"
"Czornei & Cunha Advocacia","Papanduva","+5547992489076","https://wa.me/5547992489076","5","2","Nota alta + poucas avaliações - credibilidade","Oi! Tava procurando lojas por aqui e encontrei vocês. nota máxima em Papanduva é um belo cartão de visita — só falta gente pra confirmar isso publicamente no Google. Com um site, essa nota vira argumento de venda. Quer ver como aplicaria?"
"Vicente De Paulo Bezerra Saliba","Centro I Baixada","+554736422918","https://wa.me/554736422918","5","2","Nota alta + poucas avaliações - credibilidade","Oi! Vi a loja de vocês aqui em Centro I Baixada com nota máxima — só que ainda com poucas avaliações, uma pena, porque essa nota merecia aparecer mais. Uma página de apresentação simples mudaria isso em poucos dias. Quer ver um exemplo do que eu faria?"
"ESCRITÓRIO ADVOCACIA PEREIRA MAFRA","CENTRO","+554736421896","https://wa.me/554736421896","5","2","Nota alta + poucas avaliações - credibilidade","Oi, tudo bem? Vi a loja de vocês aqui em CENTRO com nota máxima — só que ainda com poucas avaliações, uma pena, porque essa nota merecia aparecer mais. Uma página de apresentação simples mudaria isso em poucos dias. Quer ver um exemplo do que eu faria?"
"Amanda Neimann Advocacia","Vila Buenos Aires","+5547984648211","https://wa.me/5547984648211","5","2","Nota alta + poucas avaliações - credibilidade","Oi, Amanda Neimann Advocacia! Vi a loja de vocês aqui em Vila Buenos Aires com nota máxima — só que ainda com poucas avaliações, uma pena, porque essa nota merecia aparecer mais. Uma página de apresentação simples mudaria isso em poucos dias. Quer ver um exemplo do que eu faria?"
"Valerio Advocacia","Centro I Baixada","+554730121299","https://wa.me/554730121299","5","2","Nota alta + poucas avaliações - credibilidade","Olá! Como vai? Vi a loja de vocês aqui em Centro I Baixada com nota máxima — só que ainda com poucas avaliações, uma pena, porque essa nota merecia aparecer mais. Uma página de apresentação simples mudaria isso em poucos dias. Quer ver um exemplo do que eu faria?"
"Advocacia Toth","Centro","+554736551041","https://wa.me/554736551041","5","2","Nota alta + poucas avaliações - credibilidade","Oi! Vocês têm nota máxima em Centro, mas quase nenhuma avaliação pra corroborar. Com essa nota, um site simples vira a prova que falta. Quer ver um exemplo?"
"ESCRITÓRIO DE ADVOCACIA DRA. IONE MARGARETH UHLIG","Centro","+554736446714","https://wa.me/554736446714","5","2","Nota alta + poucas avaliações - credibilidade","Oi! Achei o perfil de vocês em Centro com nota máxima — parabéns! Uma nota que a maioria das lojas da região não tem. Uma página de apresentação simples mudaria isso em poucos dias. Quer ver um exemplo do que eu faria?"
"Eckel’s Cerimonial","Restinga","+5547997744494","https://wa.me/5547997744494","5","2","Nota alta + poucas avaliações - credibilidade","Oi, tudo bem? Achei o perfil de vocês em Restinga com nota máxima — parabéns! Uma nota que a maioria das lojas da região não tem. Uma página de apresentação simples mudaria isso em poucos dias. Quer ver um exemplo do que eu faria?"
"Exathum Arquitetura e Engenharia","Bela Vista","+5547996265070","https://wa.me/5547996265070","5","2","Nota alta + poucas avaliações - credibilidade","Oi, Exathum Arquitetura e Engenharia! Achei o perfil de vocês em Bela Vista com nota máxima — parabéns! Uma nota que a maioria das lojas da região não tem. Uma página de apresentação simples mudaria isso em poucos dias. Quer ver um exemplo do que eu faria?"
"Fisioterapeuta - Dra. Andressa Tureck","Quitandinha","+5547991517003","https://wa.me/5547991517003","5","2","Nota alta + poucas avaliações - credibilidade","Olá! Como vai? Achei o perfil de vocês em Quitandinha com nota máxima — parabéns! Uma nota que a maioria das lojas da região não tem. Uma página de apresentação simples mudaria isso em poucos dias. Quer ver um exemplo do que eu faria?"
"FisioVida","Centro","+554736532952","https://wa.me/554736532952","5","2","Nota alta + poucas avaliações - credibilidade","Oi, tudo bem? nota máxima em Centro é um belo cartão de visita — só falta gente pra confirmar isso publicamente no Google. Uma página de apresentação simples mudaria isso em poucos dias. Quer ver um exemplo do que eu faria?"
"Psicóloga Gislaine Hiera","Centro","+5547999661615","https://wa.me/5547999661615","5","2","Nota alta + poucas avaliações - credibilidade","Oi! A loja de vocês que trabalha com psicólogo em Centro tem nota máxima no Google, mas poucas avaliações pra comprovar. Uma página de apresentação simples mudaria isso em poucos dias. Quer ver um exemplo do que eu faria?"
"Rosa Pet - muito mais que tosa💜","Santa Rosa","+5542991193641","https://wa.me/5542991193641","5","2","Nota alta + poucas avaliações - credibilidade","Olá! Como vai? nota máxima em Santa Rosa é um belo cartão de visita — só falta gente pra confirmar isso publicamente no Google. Uma página de apresentação simples mudaria isso em poucos dias. Quer ver um exemplo do que eu faria?"
"Psicóloga Elisa Ramos","Centro","+5547991635201","https://wa.me/5547991635201","5","2","Nota alta + poucas avaliações - credibilidade","Oi, Psicóloga Elisa Ramos! A loja de vocês que trabalha com serviço de saúde mental em Centro tem nota máxima no Google, mas poucas avaliações pra comprovar. Uma página de apresentação simples mudaria isso em poucos dias. Quer ver um exemplo do que eu faria?"
"Psicóloga Larissa P. Galon","","+5547991268084","https://wa.me/5547991268084","5","2","Nota alta + poucas avaliações - credibilidade","Olá! Como vai? A loja de vocês que trabalha com psicólogo tem nota máxima no Google, mas poucas avaliações pra comprovar. Uma página de apresentação simples mudaria isso em poucos dias. Quer ver um exemplo do que eu faria?"
"A.Mell","Centro","+5547999802375","https://wa.me/5547999802375","5","2","Nota alta + poucas avaliações - credibilidade","Oi! Tava procurando lojas por aqui e encontrei vocês. A loja de vocês que trabalha com estúdio fotográfico em Centro tem nota máxima no Google, mas poucas avaliações pra comprovar. Uma página de apresentação simples mudaria isso em poucos dias. Quer ver um exemplo do que eu faria?"
"Wolgrafi Comunicação Visual Ltda Me","São Rafael","+554736446542","https://wa.me/554736446542","5","2","Nota alta + poucas avaliações - credibilidade","Oi, Wolgrafi Comunicação Visual Ltda Me! Vi a loja de vocês aqui em São Rafael com nota máxima — só que ainda com poucas avaliações, uma pena, porque essa nota merecia aparecer mais. Posso te mandar um modelo de página pensado exatamente pra esse caso? É sem compromisso."
"Kitchenette Econômica Mafra","Restinga","+5547988742456","https://wa.me/5547988742456","5","2","Nota alta + poucas avaliações - credibilidade","Oi! O perfil de vocês em Restinga acumula nota máxima, mas são poucas avaliações pra transformar isso em confiança na busca. Posso te mandar um modelo de página pensado exatamente pra esse caso? É sem compromisso."
"Majestoso Burguer","São Pedro","+5542999795102","https://wa.me/5542999795102","5","2","Nota alta + poucas avaliações - credibilidade","Oi, Majestoso Burguer! Vocês têm nota máxima em São Pedro, mas quase nenhuma avaliação pra corroborar. Uma página de apresentação simples mudaria isso em poucos dias. Quer ver um exemplo do que eu faria?"
"Chef Jef & Boliche","Centro","+5547988909097","https://wa.me/5547988909097","5","2","Nota alta + poucas avaliações - credibilidade","Olá! Como vai? Vocês têm nota máxima em Centro, mas quase nenhuma avaliação pra corroborar. Uma página de apresentação simples mudaria isso em poucos dias. Quer ver um exemplo do que eu faria?"
"Pizzas F&C Calmon SC","Centro","+5549998324898","https://wa.me/5549998324898","5","2","Nota alta + poucas avaliações - credibilidade","Oi! Tava procurando lojas por aqui e encontrei vocês. Vocês têm nota máxima em Centro, mas quase nenhuma avaliação pra corroborar. Uma página de apresentação simples mudaria isso em poucos dias. Quer ver um exemplo do que eu faria?"
"Slim Estética","Centro","+5548999756713","https://wa.me/5548999756713","5","2","Nota alta + poucas avaliações - credibilidade","Oi! O Google mostra a loja de vocês em Centro com nota máxima, mas são poucas avaliações — e quem ainda não conhece procura prova antes de chamar. Uma página de apresentação simples mudaria isso em poucos dias. Quer ver um exemplo do que eu faria?"
"Estúdio de Pilates Arte e Equilíbrio","Cidade Alta","+5548996413421","https://wa.me/5548996413421","5","2","Nota alta + poucas avaliações - credibilidade","Oi, tudo bem? O Google mostra a loja de vocês em Cidade Alta com nota máxima, mas são poucas avaliações — e quem ainda não conhece procura prova antes de chamar. Uma página de apresentação simples mudaria isso em poucos dias. Quer ver um exemplo do que eu faria?"
"ESPAÇO CORPO E ARTE - RPG E PILATES - Lair Helena Labes","Jardim das Avenidas","+5548999736337","https://wa.me/5548999736337","5","2","Nota alta + poucas avaliações - credibilidade","Oi! Tava procurando lojas por aqui e encontrei vocês. Achei o perfil de vocês em Jardim das Avenidas com nota máxima — parabéns! Uma nota que a maioria das lojas da região não tem. Posso te mandar um modelo de página pensado exatamente pra esse caso? É sem compromisso."
"ZANETTE REFEIÇÕES","Cidade Alta","+554835240009","https://wa.me/554835240009","5","2","Nota alta + poucas avaliações - credibilidade","Oi, ZANETTE REFEIÇÕES! nota máxima em Cidade Alta é um belo cartão de visita — só falta gente pra confirmar isso publicamente no Google. Posso te mandar um modelo de página pensado exatamente pra esse caso? É sem compromisso."
"Espaço Pilates","Centro","+5548999384341","https://wa.me/5548999384341","5","2","Nota alta + poucas avaliações - credibilidade","Oi! Tava procurando lojas por aqui e encontrei vocês. O Google mostra a loja de vocês em Centro com nota máxima, mas são poucas avaliações — e quem ainda não conhece procura prova antes de chamar. Uma página de apresentação simples mudaria isso em poucos dias. Quer ver um exemplo do que eu faria?"
"Barbearia 34","Itaiópolis","+5547996221032","https://wa.me/5547996221032","5","1","Nota alta + poucas avaliações - credibilidade","Oi! A nota máxima em Itaiópolis não bate com o número de avaliações — merecia aparecer mais pra quem pesquisa. Uma página de apresentação simples mudaria isso em poucos dias. Quer ver um exemplo do que eu faria?"
"Barbearia De Lima","Centro I Baixada","+5547988068291","https://wa.me/5547988068291","5","1","Nota alta + poucas avaliações - credibilidade","Oi, tudo bem? A nota máxima em Centro I Baixada não bate com o número de avaliações — merecia aparecer mais pra quem pesquisa. Uma página de apresentação simples mudaria isso em poucos dias. Quer ver um exemplo do que eu faria?"
"Barbearia 95","Cidade Nova","+5542991568208","https://wa.me/5542991568208","5","1","Nota alta + poucas avaliações - credibilidade","Oi! Tava procurando lojas por aqui e encontrei vocês. A loja de vocês em Cidade Nova tem nota máxima no Google, mas poucas avaliações pra comprovar. Posso te mandar um modelo de página pensado exatamente pra esse caso? É sem compromisso."
"Salão Das Gurias Beauty","centro","+5547992784899","https://wa.me/5547992784899","5","1","Nota alta + poucas avaliações - credibilidade","Olá! Como vai? A nota máxima em centro não bate com o número de avaliações — merecia aparecer mais pra quem pesquisa. Uma página de apresentação simples mudaria isso em poucos dias. Quer ver um exemplo do que eu faria?"
"Bela Chik salão de beleza","Jardim América","+5547984335964","https://wa.me/5547984335964","5","1","Nota alta + poucas avaliações - credibilidade","Oi, tudo bem? Vocês têm nota máxima em Jardim América, mas quase nenhuma avaliação pra corroborar. Posso te mandar um modelo de página pensado exatamente pra esse caso? É sem compromisso."
"Studio Andressa Corpo Em Movimento","Vila Nova","+5547984470694","https://wa.me/5547984470694","5","1","Nota alta + poucas avaliações - credibilidade","Oi, tudo bem? O perfil de vocês em Vila Nova acumula nota máxima, mas são poucas avaliações pra transformar isso em confiança na busca. Com essa nota, um site simples vira a prova que falta. Quer ver um exemplo?"
"Espaço Salute","João Paulo II","+5547999225339","https://wa.me/5547999225339","5","1","Nota alta + poucas avaliações - credibilidade","Oi, tudo bem? Encontrei o perfil de vocês em João Paulo II com nota máxima, mas com tão poucas avaliações que a nota acaba não pesando na escolha. Uma página de apresentação simples mudaria isso em poucos dias. Quer ver um exemplo do que eu faria?"
"André Cabeleireiro Unissex","Jardim do Moinho","+554736436489","https://wa.me/554736436489","5","1","Nota alta + poucas avaliações - credibilidade","Oi, André Cabeleireiro Unissex! Encontrei o perfil de vocês em Jardim do Moinho com nota máxima, mas com tão poucas avaliações que a nota acaba não pesando na escolha. Uma página de apresentação simples mudaria isso em poucos dias. Quer ver um exemplo do que eu faria?"
"Salão de Beleza Cabelos ao Vento","Vista Alegre","+5547988479587","https://wa.me/5547988479587","5","1","Nota alta + poucas avaliações - credibilidade","Olá! Como vai? Encontrei o perfil de vocês em Vista Alegre com nota máxima, mas com tão poucas avaliações que a nota acaba não pesando na escolha. Uma página de apresentação simples mudaria isso em poucos dias. Quer ver um exemplo do que eu faria?"
"Cris Salão de Beleza","Ceramarte","+5547999816567","https://wa.me/5547999816567","5","1","Nota alta + poucas avaliações - credibilidade","Olá! Como vai? Achei o perfil de vocês em Ceramarte com nota máxima — parabéns! Uma nota que a maioria das lojas da região não tem. Com essa nota, um site simples vira a prova que falta. Quer ver um exemplo?"
"Salão de Beleza-Jully Gonçalves Studio De Beleza","Alto das Palmeiras","+5547996119084","https://wa.me/5547996119084","5","1","Nota alta + poucas avaliações - credibilidade","Oi, Salão de Beleza-Jully Gonçalves Studio De Beleza! O Google mostra a loja de vocês em Alto das Palmeiras com nota máxima, mas são poucas avaliações — e quem ainda não conhece procura prova antes de chamar. Posso te mandar um modelo de página pensado exatamente pra esse caso? É sem compromisso."
"Polo De Academia Da Saúde","Centro","+554736521487","https://wa.me/554736521487","5","1","Nota alta + poucas avaliações - credibilidade","Oi, tudo bem? Vi a nota máxima em Centro no perfil de vocês, mas com tão poucas avaliações que ela ainda nem aparece direito no Google. Uma página de apresentação simples mudaria isso em poucos dias. Quer ver um exemplo do que eu faria?"
"Consultório médico Dr Isac Carvinho","Centro","+5547991981960","https://wa.me/5547991981960","5","1","Nota alta + poucas avaliações - credibilidade","Oi, Consultório médico Dr Isac Carvinho! Vi a nota máxima em Centro no perfil de vocês, mas com tão poucas avaliações que ela ainda nem aparece direito no Google. Uma página de apresentação simples mudaria isso em poucos dias. Quer ver um exemplo do que eu faria?"
"CONSULTÓRIO DR FARLEY JULIANO","Centro","+5547988091649","https://wa.me/5547988091649","5","1","Nota alta + poucas avaliações - credibilidade","Olá! Como vai? Vi a nota máxima em Centro no perfil de vocês, mas com tão poucas avaliações que ela ainda nem aparece direito no Google. Uma página de apresentação simples mudaria isso em poucos dias. Quer ver um exemplo do que eu faria?"
"Antônio Vasco Magalhães Teles e Tercia Consuelo de Oliveira Teles","Centro","+554736280376","https://wa.me/554736280376","5","1","Nota alta + poucas avaliações - credibilidade","Oi! Tava procurando lojas por aqui e encontrei vocês. Vi a nota máxima em Centro no perfil de vocês, mas com tão poucas avaliações que ela ainda nem aparece direito no Google. Uma página de apresentação simples mudaria isso em poucos dias. Quer ver um exemplo do que eu faria?"
"Consultório de Fisioterapia Dra. Bruna Camily Kostecki","Mafra","+5547997952800","https://wa.me/5547997952800","5","1","Nota alta + poucas avaliações - credibilidade","Oi! O perfil de vocês em Mafra acumula nota máxima, mas são poucas avaliações pra transformar isso em confiança na busca. Uma página de apresentação simples mudaria isso em poucos dias. Quer ver um exemplo do que eu faria?"
"ADVOCACIA Poliane Kachoroski Lisboa","São Cristóvão","+5547992268852","https://wa.me/5547992268852","5","1","Nota alta + poucas avaliações - credibilidade","Oi, ADVOCACIA Poliane Kachoroski Lisboa! Vi a loja de vocês aqui em São Cristóvão com nota máxima — só que ainda com poucas avaliações, uma pena, porque essa nota merecia aparecer mais. Um site profissional ajuda bastante nisso, reforçando a credibilidade pra quem tá pesquisando. Posso te mostrar como ficaria?"
"Escritório de Advocacia - Bráulio Moreira, Ana Carolina Moreira e Altamir Muzulão","Bom Jesus","+554736423188","https://wa.me/554736423188","5","1","Nota alta + poucas avaliações - credibilidade","Oi, tudo bem? Vocês têm nota máxima em Bom Jesus, mas quase nenhuma avaliação pra corroborar. Com essa nota, um site simples vira a prova que falta. Quer ver um exemplo?"
"Advocacia JLPereira","","+5547996533004","https://wa.me/5547996533004","5","1","Nota alta + poucas avaliações - credibilidade","Olá! Como vai? O perfil de vocês acumula nota máxima, mas são poucas avaliações pra transformar isso em confiança na busca. Uma página de apresentação simples mudaria isso em poucos dias. Quer ver um exemplo do que eu faria?"
"Karine Liebl- Arquitetura e Interiores","Centro","+554736423038","https://wa.me/554736423038","5","1","Nota alta + poucas avaliações - credibilidade","Oi! Tava procurando lojas por aqui e encontrei vocês. O perfil de vocês em Centro acumula nota máxima, mas são poucas avaliações pra transformar isso em confiança na busca. Uma página de apresentação simples mudaria isso em poucos dias. Quer ver um exemplo do que eu faria?"
"2KC Engenharia e Arquitetura","Centro","+554733056679","https://wa.me/554733056679","5","1","Nota alta + poucas avaliações - credibilidade","Oi! nota máxima em Centro é um belo cartão de visita — só falta gente pra confirmar isso publicamente no Google. Uma página de apresentação simples mudaria isso em poucos dias. Quer ver um exemplo do que eu faria?"
"Gabriele Olivetti Arquitetura e Design de Interiores","","+5542998164234","https://wa.me/5542998164234","5","1","Nota alta + poucas avaliações - credibilidade","Olá! Como vai? Encontrei o perfil de vocês com nota máxima, mas com tão poucas avaliações que a nota acaba não pesando na escolha. Posso te mandar um modelo de página pensado exatamente pra esse caso? É sem compromisso."
"Studio Casa","Centro","+5547984126166","https://wa.me/5547984126166","5","1","Nota alta + poucas avaliações - credibilidade","Oi, Studio Casa! nota máxima em Centro é um belo cartão de visita — só falta gente pra confirmar isso publicamente no Google. Uma página de apresentação simples mudaria isso em poucos dias. Quer ver um exemplo do que eu faria?"
"Fisioterapeuta Pélvica - Dra. Moara Elsenbach","Centro","+5547991878238","https://wa.me/5547991878238","5","1","Nota alta + poucas avaliações - credibilidade","Oi! Vi a nota máxima em Centro no perfil de vocês, mas com tão poucas avaliações que ela ainda nem aparece direito no Google. Posso te mandar um modelo de página pensado exatamente pra esse caso? É sem compromisso."
"Pet&Gatô Estética Animal","Lucena","+5547997717648","https://wa.me/5547997717648","5","1","Nota alta + poucas avaliações - credibilidade","Oi! Tava procurando lojas por aqui e encontrei vocês. nota máxima em Lucena é um belo cartão de visita — só falta gente pra confirmar isso publicamente no Google. Uma página de apresentação simples mudaria isso em poucos dias. Quer ver um exemplo do que eu faria?"
"Luziele Budant - Nutricionista Infantil","Centro","+5547999429649","https://wa.me/5547999429649","5","1","Nota alta + poucas avaliações - credibilidade","Oi! Vi a loja de vocês aqui em Centro com nota máxima — só que ainda com poucas avaliações, uma pena, porque essa nota merecia aparecer mais. Posso te mandar um modelo de página pensado exatamente pra esse caso? É sem compromisso."
"New Design Indústria de Móveis","Espigão do Bugre","+554736430124","https://wa.me/554736430124","5","1","Nota alta + poucas avaliações - credibilidade","Oi, tudo bem? Vi a loja de vocês aqui em Espigão do Bugre com nota máxima — só que ainda com poucas avaliações, uma pena, porque essa nota merecia aparecer mais. Posso te mandar um modelo de página pensado exatamente pra esse caso? É sem compromisso."
"Letícia Hacke","Centro","+5547984801517","https://wa.me/5547984801517","5","1","Nota alta + poucas avaliações - credibilidade","Oi! Tava procurando lojas por aqui e encontrei vocês. Vi a nota máxima em Centro no perfil de vocês, mas com tão poucas avaliações que ela ainda nem aparece direito no Google. Posso te mandar um modelo de página pensado exatamente pra esse caso? É sem compromisso."
"Fisioclire - Clínica de Fisioterapia e Reabilitação","Centro","+554732040628","https://wa.me/554732040628","5","1","Nota alta + poucas avaliações - credibilidade","Oi, Fisioclire - Clínica de Fisioterapia e Reabilitação! A nota máxima em Centro não bate com o número de avaliações — merecia aparecer mais pra quem pesquisa. Com essa nota, um site simples vira a prova que falta. Quer ver um exemplo?"
"Alinhare - Pilates e Fisioterapia","Centro","+554736240554","https://wa.me/554736240554","5","1","Nota alta + poucas avaliações - credibilidade","Oi! Tava procurando lojas por aqui e encontrei vocês. Vi a loja de vocês aqui em Centro com nota máxima — só que ainda com poucas avaliações, uma pena, porque essa nota merecia aparecer mais. Posso te mandar um modelo de página pensado exatamente pra esse caso? É sem compromisso."
"Mariângela Marien Mussi","Centro","+554736220077","https://wa.me/554736220077","5","1","Nota alta + poucas avaliações - credibilidade","Oi, Mariângela Marien Mussi! O perfil de vocês em Centro acumula nota máxima, mas são poucas avaliações pra transformar isso em confiança na busca. Posso te mandar um modelo de página pensado exatamente pra esse caso? É sem compromisso."
"Psicóloga Amanda Nepomuceno","Boa Vista","+5547992737454","https://wa.me/5547992737454","5","1","Nota alta + poucas avaliações - credibilidade","Oi, tudo bem? Achei o perfil de vocês em Boa Vista com nota máxima — parabéns! Uma nota que a maioria das lojas da região não tem. Posso te mandar um modelo de página pensado exatamente pra esse caso? É sem compromisso."
"Psicóloga Veridiana Dranka Prust","Sossego","+5547996760275","https://wa.me/5547996760275","5","1","Nota alta + poucas avaliações - credibilidade","Oi, Psicóloga Veridiana Dranka Prust! Achei o perfil de vocês em Sossego com nota máxima — parabéns! Uma nota que a maioria das lojas da região não tem. Posso te mandar um modelo de página pensado exatamente pra esse caso? É sem compromisso."
"Clínica Psicológica Henning & CAC Alto de Mafra. Psicóloga Margarete Henning","Centro II Alto de Mafra","+554730585336","https://wa.me/554730585336","5","1","Nota alta + poucas avaliações - credibilidade","Olá! Como vai? Achei o perfil de vocês em Centro II Alto de Mafra com nota máxima — parabéns! Uma nota que a maioria das lojas da região não tem. Posso te mandar um modelo de página pensado exatamente pra esse caso? É sem compromisso."
"Clínica Evoluir Saúde e bem estar","Centro","+554736283738","https://wa.me/554736283738","5","1","Nota alta + poucas avaliações - credibilidade","Oi, tudo bem? nota máxima em Centro é um belo cartão de visita — só falta gente pra confirmar isso publicamente no Google. Posso te mandar um modelo de página pensado exatamente pra esse caso? É sem compromisso."
"Marmitaria Descomplica Fit","Centro","+5542988451497","https://wa.me/5542988451497","5","1","Nota alta + poucas avaliações - credibilidade","Oi! Tava procurando lojas por aqui e encontrei vocês. Encontrei o perfil de vocês em Centro com nota máxima, mas com tão poucas avaliações que a nota acaba não pesando na escolha. Com essa nota, um site simples vira a prova que falta. Quer ver um exemplo?"
"Guilherme Zellner Fisioterapeuta","","+5547991956218","https://wa.me/5547991956218","5","1","Nota alta + poucas avaliações - credibilidade","Oi, tudo bem? A loja de vocês tem nota máxima no Google, mas poucas avaliações pra comprovar. Posso te mandar um modelo de página pensado exatamente pra esse caso? É sem compromisso."
"Pedro Henrique Scholze - Corretor de Imóveis CRECI/SC 29640","Centro","+5547999554905","https://wa.me/5547999554905","5","1","Nota alta + poucas avaliações - credibilidade","Oi, Pedro Henrique Scholze - Corretor de Imóveis CRECI/SC 29640! A loja de vocês que trabalha com agente imobiliário em Centro tem nota máxima no Google, mas poucas avaliações pra comprovar. Posso te mandar um modelo de página pensado exatamente pra esse caso? É sem compromisso."
"Mairon TattooArt","Monte Castelo","+5547992684868","https://wa.me/5547992684868","5","1","Nota alta + poucas avaliações - credibilidade","Olá! Como vai? A loja de vocês que trabalha com estúdio de tatuagem em Monte Castelo tem nota máxima no Google, mas poucas avaliações pra comprovar. Posso te mandar um modelo de página pensado exatamente pra esse caso? É sem compromisso."
"ASTER CENTRO INTEGRADO DE PSICOLOGIA","Centro","+5542998439091","https://wa.me/5542998439091","5","1","Nota alta + poucas avaliações - credibilidade","Oi, tudo bem? Vi a loja de vocês aqui em Centro com nota máxima — só que ainda com poucas avaliações, uma pena, porque essa nota merecia aparecer mais. Com essa nota, um site simples vira a prova que falta. Quer ver um exemplo?"
"Foto StudioMais Fotografia","Centro I Baixada","+5547991413822","https://wa.me/5547991413822","5","1","Nota alta + poucas avaliações - credibilidade","Oi! Vocês têm nota máxima em Centro I Baixada, mas quase nenhuma avaliação pra corroborar. Posso te mandar um modelo de página pensado exatamente pra esse caso? É sem compromisso."
"Estúdio Arte","centro","+5547992090395","https://wa.me/5547992090395","5","1","Nota alta + poucas avaliações - credibilidade","Olá! Como vai? Vi a loja de vocês aqui em centro com nota máxima — só que ainda com poucas avaliações, uma pena, porque essa nota merecia aparecer mais. Com essa nota, um site simples vira a prova que falta. Quer ver um exemplo?"
"9 Burger Smash","Vila Nova","+5547996841836","https://wa.me/5547996841836","5","1","Nota alta + poucas avaliações - credibilidade","Olá! Como vai? A nota máxima em Vila Nova não bate com o número de avaliações — merecia aparecer mais pra quem pesquisa. Um site profissional ajuda bastante nisso, reforçando a credibilidade pra quem tá pesquisando. Posso te mostrar como ficaria?"
"Bistrô Restaurante","Centro","+5547991358002","https://wa.me/5547991358002","5","1","Nota alta + poucas avaliações - credibilidade","Olá! Como vai? Vocês têm nota máxima em Centro, mas quase nenhuma avaliação pra corroborar. Posso te mandar um modelo de página pensado exatamente pra esse caso? É sem compromisso."
"Scooby Lanches","São Cristóvão, Comercial","+5547989139877","https://wa.me/5547989139877","5","1","Nota alta + poucas avaliações - credibilidade","Oi! Tava procurando lojas por aqui e encontrei vocês. Vocês têm nota máxima em São Cristóvão, Comercial, mas quase nenhuma avaliação pra corroborar. Posso te mandar um modelo de página pensado exatamente pra esse caso? É sem compromisso."
"Adri Lanches","Vista Alegre","+5547991149258","https://wa.me/5547991149258","5","1","Nota alta + poucas avaliações - credibilidade","Oi! O Google mostra a loja de vocês em Vista Alegre com nota máxima, mas são poucas avaliações — e quem ainda não conhece procura prova antes de chamar. Posso te mandar um modelo de página pensado exatamente pra esse caso? É sem compromisso."
"Empório pizzaria","Santa Rosa","+5542998700972","https://wa.me/5542998700972","5","1","Nota alta + poucas avaliações - credibilidade","Oi! nota máxima em Santa Rosa é um belo cartão de visita — só falta gente pra confirmar isso publicamente no Google. Com essa nota, um site simples vira a prova que falta. Quer ver um exemplo?"
"Kaká Orige Estética Avançada","Urussanguinha","+5548996212116","https://wa.me/5548996212116","5","1","Nota alta + poucas avaliações - credibilidade","Oi! Tava procurando lojas por aqui e encontrei vocês. Achei o perfil de vocês em Urussanguinha com nota máxima — parabéns! Uma nota que a maioria das lojas da região não tem. Com essa nota, um site simples vira a prova que falta. Quer ver um exemplo?"
"SORELLE ESTÉTICA & SPA","Centro","+5548998264499","https://wa.me/5548998264499","5","1","Nota alta + poucas avaliações - credibilidade","Olá! Como vai? O Google mostra a loja de vocês em Centro com nota máxima, mas são poucas avaliações — e quem ainda não conhece procura prova antes de chamar. Posso te mandar um modelo de página pensado exatamente pra esse caso? É sem compromisso."
"Top.Fisio&Pilates","Centro","+5548996333002","https://wa.me/5548996333002","5","1","Nota alta + poucas avaliações - credibilidade","Oi! Tava procurando lojas por aqui e encontrei vocês. O Google mostra a loja de vocês em Centro com nota máxima, mas são poucas avaliações — e quem ainda não conhece procura prova antes de chamar. Posso te mandar um modelo de página pensado exatamente pra esse caso? É sem compromisso."
"IZZA Clínica","Centro","+5548996996370","https://wa.me/5548996996370","5","1","Nota alta + poucas avaliações - credibilidade","Oi! A nota máxima em Centro não bate com o número de avaliações — merecia aparecer mais pra quem pesquisa. Posso te mandar um modelo de página pensado exatamente pra esse caso? É sem compromisso."
"Soberano Eventos e Buffet","Sapiranga","+5548999677690","https://wa.me/5548999677690","5","1","Nota alta + poucas avaliações - credibilidade","Oi, tudo bem? A nota máxima em Sapiranga não bate com o número de avaliações — merecia aparecer mais pra quem pesquisa. Posso te mandar um modelo de página pensado exatamente pra esse caso? É sem compromisso."
"Consultório Odontológico Dra. Bruna Titoni Possamai","Centro","+5548996138529","https://wa.me/5548996138529","5","1","Nota alta + poucas avaliações - credibilidade","Oi, Consultório Odontológico Dra. Bruna Titoni Possamai! A nota máxima em Centro não bate com o número de avaliações — merecia aparecer mais pra quem pesquisa. Posso te mandar um modelo de página pensado exatamente pra esse caso? É sem compromisso."
"La Vita","São Luiz","+5548998370986","https://wa.me/5548998370986","5","1","Nota alta + poucas avaliações - credibilidade","Oi! Tava procurando lojas por aqui e encontrei vocês. Vi a nota máxima em São Luiz no perfil de vocês, mas com tão poucas avaliações que ela ainda nem aparece direito no Google. Um site profissional ajuda bastante nisso, reforçando a credibilidade pra quem tá pesquisando. Posso te mostrar como ficaria?"
"Baesso odontologia estética","Coloninha","+5548998531080","https://wa.me/5548998531080","5","1","Nota alta + poucas avaliações - credibilidade","Olá! Como vai? Vi a loja de vocês aqui em Coloninha com nota máxima — só que ainda com poucas avaliações, uma pena, porque essa nota merecia aparecer mais. Um site profissional ajuda bastante nisso, reforçando a credibilidade pra quem tá pesquisando. Posso te mostrar como ficaria?"
"Rhóis Centro De Eventos","","+5548984350869","https://wa.me/5548984350869","4.9","648","Muitas avaliações - automação/catálogo","Oi! 648 avaliações é muita gente atendida — tudo isso com nota 4.9. Com um site, esse trabalho passa a se vender sozinho: catálogo, contato e orçamento sem precisar de atendente. Consigo te mostrar um modelo?"
"Sport Fitness Academia","Centro","+5547996011590","https://wa.me/5547996011590","4.9","210","Muitas avaliações - automação/catálogo","Oi, Sport Fitness Academia! 210 avaliações é muita gente atendida — tudo isso com nota 4.9. Com um site, esse trabalho passa a se vender sozinho: catálogo, contato e orçamento sem precisar de atendente. Consigo te mostrar um modelo?"
"Academia Aquarium","Centro II Alto de Mafra","+5547996596657","https://wa.me/5547996596657","4.9","178","Muitas avaliações - automação/catálogo","Oi, pessoal da Academia Aquarium! 178 avaliações é muita gente atendida — tudo isso com nota 4.9. Com um site, esse trabalho passa a se vender sozinho: catálogo, contato e orçamento sem precisar de atendente. Consigo te mostrar um modelo?"
"Yellowfit Academia","Ouro Negro","+5548996585915","https://wa.me/5548996585915","4.9","127","Muitas avaliações - automação/catálogo","Olá, Yellowfit Academia! 127 avaliações é muita gente atendida — tudo isso com nota 4.9. Com um site, esse trabalho passa a se vender sozinho: catálogo, contato e orçamento sem precisar de atendente. Consigo te mostrar um modelo?"
"Academia Pura Energia","Centro","+5548996124767","https://wa.me/5548996124767","4.9","123","Muitas avaliações - automação/catálogo","Oi! Tudo certo? 123 avaliações é muita gente atendida — tudo isso com nota 4.9. Com um site, esse trabalho passa a se vender sozinho: catálogo, contato e orçamento sem precisar de atendente. Consigo te mostrar um modelo?"
"Labelly centro de Eventos","Coloninha","+5548999280688","https://wa.me/5548999280688","4.9","115","Muitas avaliações - automação/catálogo","Oi! Vi que vocês acumulam 115 avaliações em Coloninha com nota 4.9 — um dos perfis mais fortes que achei na região. Com um site, esse trabalho passa a se vender sozinho: catálogo, contato e orçamento sem precisar de atendente. Consigo te mostrar um modelo?"
"Pizzaria Maria Gabriela Canoinhas","Centro","+554734600307","https://wa.me/554734600307","4.9","104","Muitas avaliações - automação/catálogo","Olá, Pizzaria Maria Gabriela Canoinhas! 104 avaliações em Centro com nota 4.9 — a prova está nos números, falta só uma vitrine pra quem chega pelo Google. Um site transformaria esse movimento em venda até fora do horário. Posso te mandar um exemplo?"
"Academia Kings Gym","Centro I Baixada","+5547992518514","https://wa.me/5547992518514","4.9","88","Muitas avaliações - automação/catálogo","Oi, pessoal da Academia Kings Gym! Vi que vocês acumulam 88 avaliações em Centro I Baixada com nota 4.9 — um dos perfis mais fortes que achei na região. Com um site, esse trabalho passa a se vender sozinho: catálogo, contato e orçamento sem precisar de atendente. Consigo te mostrar um modelo?"
"Heróis Burger","João Paulo II","+5547997853490","https://wa.me/5547997853490","4.9","87","Muitas avaliações - automação/catálogo","Olá, Heróis Burger! Vi que vocês acumulam 87 avaliações em João Paulo II com nota 4.9 — um dos perfis mais fortes que achei na região. Com um site, esse trabalho passa a se vender sozinho: catálogo, contato e orçamento sem precisar de atendente. Consigo te mostrar um modelo?"
"KENNEDY Barbearia - Emerson Brexi","Santa Rosa","+5542998243150","https://wa.me/5542998243150","4.9","86","Muitas avaliações - automação/catálogo","Oi! Tudo certo? Vi que vocês acumulam 86 avaliações em Santa Rosa com nota 4.9 — um dos perfis mais fortes que achei na região. Com um site, esse trabalho passa a se vender sozinho: catálogo, contato e orçamento sem precisar de atendente. Consigo te mostrar um modelo?"
"Pantheon Academia","Centro","+554736226855","https://wa.me/554736226855","4.9","78","Muitas avaliações - automação/catálogo","Oi! 78 avaliações com nota 4.9 não é sorte — é trabalho bem feito. Com um site, esse trabalho passa a se vender sozinho: catálogo, contato e orçamento sem precisar de atendente. Consigo te mostrar um modelo?"
"Barbearia Vilson","Centro","+5547991540717","https://wa.me/5547991540717","4.9","70","Muitas avaliações - automação/catálogo","Oi, Barbearia Vilson! 70 avaliações com nota 4.9 não é sorte — é trabalho bem feito. Com um site, esse trabalho passa a se vender sozinho: catálogo, contato e orçamento sem precisar de atendente. Consigo te mostrar um modelo?"
"CASA DA GUITA","Pinheirinho","+5547999741296","https://wa.me/5547999741296","4.9","54","Muitas avaliações - automação/catálogo","Oi, pessoal da CASA DA GUITA! 54 avaliações com nota 4.9 não é sorte — é trabalho bem feito. Com um site, esse trabalho passa a se vender sozinho: catálogo, contato e orçamento sem precisar de atendente. Consigo te mostrar um modelo?"
"Foto Studio Moisés","Centro","+554736228781","https://wa.me/554736228781","4.9","48","Presença digital básica - concorrência","Oi, Foto Studio Moisés! A Foto Studio Moisés em Centro tem nota 4.9, mas sem site, sem catálogo e sem página própria, quem pesquisa nem sabe o que vocês fazem. E acaba fechando com quem aparece melhor. Uma página simples muda esse jogo. Topa ver como ficaria?"
"Pri Schalenberger Estética & Beleza","Centro","+5548998504225","https://wa.me/5548998504225","4.9","48","Presença digital básica - concorrência","Olá! Vi a loja de vocês em Centro com nota 4.9 no Google, mas quase sem informações pra quem pesquisa. Um site simples custa pouco e pesa muito na hora do cliente escolher. Posso te enviar um exemplo?"
"Clínica Biavatti Rio Negrinho - Botox, Preenchimento, Estética e Bioestimulador de Colágeno","Centro","+554732040496","https://wa.me/554732040496","4.9","43","Presença digital básica - concorrência","Oi! Te achei pesquisando lojas na região. Encontrei a loja de vocês em Centro no Google, mas o perfil tem pouquíssima informação. Um site resolveria isso em poucos dias. Quer ver um modelo?"
"Barber House","Restinga","+5547984693575","https://wa.me/5547984693575","4.9","41","Presença digital básica - concorrência","Oi! A loja de vocês em Restinga aparece no Google com nota 4.9, mas quem clica não encontra site nem catálogo. Uma página simples conserta isso e ainda ajuda o Google a te achar. Quer ver o que eu faria?"
"Academia Drop Training","Jardim Brasília","+5542998040191","https://wa.me/5542998040191","4.9","41","Presença digital básica - concorrência","Oi, tudo bem? Encontrei a loja de vocês em Jardim Brasília — nota 4.9 no Google, mas o perfil não ajuda quem pesquisa. Posso te mostrar, em dois minutos, como ficaria a página de vocês. Sem compromisso, quer ver?"
"Clínica Virtuosa Araranguá","Centro","+5548996411129","https://wa.me/5548996411129","4.9","41","Presença digital básica - concorrência","Oi, Clínica Virtuosa Araranguá! Pesquisei vocês em Centro e a única coisa que achei foi o Google com nota 4.9 — site e catálogo não existem. Uma página simples resolveria isso rápido — e custa menos do que vocês imaginam. Topa dar uma olhada num exemplo?"
"Estância Miratami","Rio Preto do Sul","+5547999860711","https://wa.me/5547999860711","4.9","39","Presença digital básica - concorrência","Olá! O perfil de vocês em Rio Preto do Sul no Google tem nota 4.9, mas não leva ninguém a lugar nenhum — sem site, sem catálogo, sem WhatsApp visível. Posso montar um modelo gratuito pra vocês verem como ficaria. Interessado?"
"ACADEMIA SETE","Centro","+5547999811227","https://wa.me/5547999811227","4.9","38","Presença digital básica - concorrência","Oi! Te achei pesquisando lojas na região. Vocês aparecem em Centro com nota 4.9, mas quem pesquisa só encontra o perfil do Google — e nada além disso. Um site simples resolve isso rapidinho e evita perder cliente pra concorrência. Posso te mostrar um exemplo?"
"Odonto Excellence Maracajá","Vila Beatriz","+554834200817","https://wa.me/554834200817","4.9","38","Presença digital básica - concorrência","Oi! A Odonto Excellence Maracajá em Vila Beatriz tem nota 4.9, mas sem site, sem catálogo e sem página própria, quem pesquisa nem sabe o que vocês fazem. Enquanto isso, quem pesquisa acaba indo pra concorrência. Um site simples resolve isso. Quer ver uma demonstração?"
"Seu Boneti Barbearia","Industrial I","+5547996910861","https://wa.me/5547996910861","4.9","36","Presença digital básica - concorrência","Oi, tudo bem? Vi a loja de vocês em Industrial I com nota 4.9 no Google, mas quase sem informações pra quem pesquisa. E acaba fechando com quem aparece melhor. Uma página simples muda esse jogo. Topa ver como ficaria?"
"Barbearia Barba Brava","Industrial I","+5547996583144","https://wa.me/5547996583144","4.9","36","Presença digital básica - concorrência","Oi, Barbearia Barba Brava! Encontrei a loja de vocês em Industrial I no Google, mas o perfil tem pouquíssima informação. Um site simples custa pouco e pesa muito na hora do cliente escolher. Posso te enviar um exemplo?"
"CLINICA CORPO E MENTE ESTÉTICA E BEM ESTAR","Cruzeiro","+5547992210052","https://wa.me/5547992210052","4.9","30","Presença digital básica - concorrência","Olá! A loja de vocês em Cruzeiro aparece no Google com nota 4.9, mas quem clica não encontra site nem catálogo. Um site resolveria isso em poucos dias. Quer ver um modelo?"
"Salão de Beleza Visual","Centro","+554736522485","https://wa.me/554736522485","4.9","26","Presença digital básica - concorrência","Oi! Te achei pesquisando lojas na região. Encontrei a loja de vocês em Centro — nota 4.9 no Google, mas o perfil não ajuda quem pesquisa. Uma página simples conserta isso e ainda ajuda o Google a te achar. Quer ver o que eu faria?"
"Academia de Ginástica Dança Corpo e Movimento","Centro","+554736223403","https://wa.me/554736223403","4.9","22","Presença digital básica - concorrência","Oi! Pesquisei vocês em Centro e a única coisa que achei foi o Google com nota 4.9 — site e catálogo não existem. Posso te mostrar, em dois minutos, como ficaria a página de vocês. Sem compromisso, quer ver?"
"Pousada Petry","Alto das Palmeiras","+554736287007","https://wa.me/554736287007","4.9","22","Presença digital básica - concorrência","Oi, tudo bem? O perfil de vocês em Alto das Palmeiras no Google tem nota 4.9, mas não leva ninguém a lugar nenhum — sem site, sem catálogo, sem WhatsApp visível. Uma página simples resolveria isso rápido — e custa menos do que vocês imaginam. Topa dar uma olhada num exemplo?"
"Beleza Única","Jardim América","+554736450157","https://wa.me/554736450157","4.9","21","Presença digital básica - concorrência","Oi, Beleza Única! Vocês aparecem em Jardim América com nota 4.9, mas quem pesquisa só encontra o perfil do Google — e nada além disso. Posso montar um modelo gratuito pra vocês verem como ficaria. Interessado?"
"Barbearia Bacana","Papanduva","+5547991949794","https://wa.me/5547991949794","4.9","20","Presença digital básica - concorrência","Olá! A Barbearia Bacana em Papanduva tem nota 4.9, mas sem site, sem catálogo e sem página própria, quem pesquisa nem sabe o que vocês fazem. Um site simples resolve isso rapidinho e evita perder cliente pra concorrência. Posso te mostrar um exemplo?"
"Festaki","Centro","+5547988764952","https://wa.me/5547988764952","4.9","20","Presença digital básica - concorrência","Oi! Te achei pesquisando lojas na região. Vi a loja de vocês em Centro com nota 4.9 no Google, mas quase sem informações pra quem pesquisa. Enquanto isso, quem pesquisa acaba indo pra concorrência. Um site simples resolve isso. Quer ver uma demonstração?"
"Clínica Veterinária Wendt","Centro","+554736221986","https://wa.me/554736221986","4.9","18","Nota alta + poucas avaliações - credibilidade","Olá! Como vai? nota 4.9 em Centro é um belo cartão de visita — só falta gente pra confirmar isso publicamente no Google. Com essa nota, um site simples vira a prova que falta. Quer ver um exemplo?"
"Espaço Djessi Studio de Beleza","Alto da Tijuca","+5547996657422","https://wa.me/5547996657422","4.9","17","Nota alta + poucas avaliações - credibilidade","Oi, Espaço Djessi Studio de Beleza! A loja de vocês que trabalha com salão de beleza em Alto da Tijuca tem nota 4.9 no Google, mas poucas avaliações pra comprovar. Com essa nota, um site simples vira a prova que falta. Quer ver um exemplo?"
"Refúgio Veterinária","Centro","+5547999064101","https://wa.me/5547999064101","4.9","17","Nota alta + poucas avaliações - credibilidade","Olá! Como vai? A loja de vocês que trabalha com veterinário em Centro tem nota 4.9 no Google, mas poucas avaliações pra comprovar. Com essa nota, um site simples vira a prova que falta. Quer ver um exemplo?"
"Recanto Rio dos Pardos","Santa Cruz do Timbó","+5542999896953","https://wa.me/5542999896953","4.9","17","Nota alta + poucas avaliações - credibilidade","Oi! Tava procurando lojas por aqui e encontrei vocês. A loja de vocês que trabalha com pousada em Santa Cruz do Timbó tem nota 4.9 no Google, mas poucas avaliações pra comprovar. Com essa nota, um site simples vira a prova que falta. Quer ver um exemplo?"
"Salão Terceira Beleza","Centro","+5547992590031","https://wa.me/5547992590031","4.9","16","Nota alta + poucas avaliações - credibilidade","Oi, tudo bem? A nota 4.9 em Centro não bate com o número de avaliações — merecia aparecer mais pra quem pesquisa. Um site profissional puxaria mais gente que pesquisa uma loja confiável na região — a nota de vocês fala por si só. Quer ver um exemplo rápido?"
"Viver Bella","Nossa senhora aparecida","+5547992587009","https://wa.me/5547992587009","4.9","15","Nota alta + poucas avaliações - credibilidade","Oi! O perfil de vocês em Nossa senhora aparecida acumula nota 4.9, mas são poucas avaliações pra transformar isso em confiança na busca. Um site profissional ajuda bastante nisso, reforçando a credibilidade pra quem tá pesquisando. Posso te mostrar como ficaria?"
"Clínica Biavatti Mafra - Botox, Preenchimento, Estética e Bioestimulador de Colágeno","Vila Buenos Aires","+554130221005","https://wa.me/554130221005","4.9","13","Nota alta + poucas avaliações - credibilidade","Oi, Clínica Biavatti Mafra - Botox, Preenchimento, Estética e Bioestimulador de Colágeno! Vocês têm nota 4.9 em Vila Buenos Aires, mas quase nenhuma avaliação pra corroborar. Com essa nota, um site simples vira a prova que falta. Quer ver um exemplo?"
"Reco Eventos","Centro","+5547999192895","https://wa.me/5547999192895","4.9","13","Nota alta + poucas avaliações - credibilidade","Olá! Como vai? Vocês têm nota 4.9 em Centro, mas quase nenhuma avaliação pra corroborar. Com essa nota, um site simples vira a prova que falta. Quer ver um exemplo?"
"Clínica Veterinária e Pet Shop Anima Vida","Km02","+5547996850124","https://wa.me/5547996850124","4.9","13","Nota alta + poucas avaliações - credibilidade","Oi! Tava procurando lojas por aqui e encontrei vocês. Vocês têm nota 4.9 em Km02, mas quase nenhuma avaliação pra corroborar. Com essa nota, um site simples vira a prova que falta. Quer ver um exemplo?"
"ITA RESTAURANTE","Centro","+554734071488","https://wa.me/554734071488","4.9","12","Nota alta + poucas avaliações - credibilidade","Oi! O Google mostra a loja de vocês em Centro com nota 4.9, mas são poucas avaliações — e quem ainda não conhece procura prova antes de chamar. Com essa nota, um site simples vira a prova que falta. Quer ver um exemplo?"
"Clínica Yan Biomedicina Estética e Nutrição","Centro","+554736448800","https://wa.me/554736448800","4.9","11","Nota alta + poucas avaliações - credibilidade","Oi, tudo bem? O Google mostra a loja de vocês em Centro com nota 4.9, mas são poucas avaliações — e quem ainda não conhece procura prova antes de chamar. Com essa nota, um site simples vira a prova que falta. Quer ver um exemplo?"
"Restaurante Vale do Contestado","","+5549933816985","https://wa.me/5549933816985","4.9","11","Nota alta + poucas avaliações - credibilidade","Oi, Restaurante Vale do Contestado! O Google mostra a loja de vocês com nota 4.9, mas são poucas avaliações — e quem ainda não conhece procura prova antes de chamar. Com essa nota, um site simples vira a prova que falta. Quer ver um exemplo?"
"Carol Mendes studio de tatuagem","","+5547992737638","https://wa.me/5547992737638","4.9","10","Nota alta + poucas avaliações - credibilidade","Oi! A loja de vocês que trabalha com estúdio de tatuagem tem nota 4.9 no Google, mas poucas avaliações pra comprovar. Um site profissional ajuda bastante nisso, reforçando a credibilidade pra quem tá pesquisando. Posso te mostrar como ficaria?"
"Clínica Nipoclin","Centro I Baixada","+554736423968","https://wa.me/554736423968","4.9","8","Nota alta + poucas avaliações - credibilidade","Oi! Tava procurando lojas por aqui e encontrei vocês. O Google mostra a loja de vocês em Centro I Baixada com nota 4.9, mas são poucas avaliações — e quem ainda não conhece procura prova antes de chamar. Com essa nota, um site simples vira a prova que falta. Quer ver um exemplo?"
"Studio A Personal Wellness","Centro","+5547999262012","https://wa.me/5547999262012","4.9","8","Nota alta + poucas avaliações - credibilidade","Oi! A nota 4.9 em Centro não bate com o número de avaliações — merecia aparecer mais pra quem pesquisa. Com essa nota, um site simples vira a prova que falta. Quer ver um exemplo?"
"Engenho Velho/Salão De Eventos","Monte Castelo","+5547992066214","https://wa.me/5547992066214","4.9","8","Nota alta + poucas avaliações - credibilidade","Oi, tudo bem? A nota 4.9 em Monte Castelo não bate com o número de avaliações — merecia aparecer mais pra quem pesquisa. Com essa nota, um site simples vira a prova que falta. Quer ver um exemplo?"
"VFC - Vellasques, Ferreira & Casagrande Advocacia e Consultoria Jurídica","Centro","+554736444492","https://wa.me/554736444492","4.9","8","Nota alta + poucas avaliações - credibilidade","Oi! Tava procurando lojas por aqui e encontrei vocês. A loja de vocês que trabalha com serviços jurídicos em Centro tem nota 4.9 no Google, mas poucas avaliações pra comprovar. Um site profissional ajuda bastante nisso, reforçando a credibilidade pra quem tá pesquisando. Posso te mostrar como ficaria?"
"Futebol Society Bardella","São Pedro","+554235221047","https://wa.me/554235221047","4.8","318","Muitas avaliações - automação/catálogo","Olá, Futebol Society Bardella! 318 avaliações com nota 4.8 no Google é prova de atendimento consistente — parabéns! Com esse volume, um site com catálogo e agendamento online tiraria peso do WhatsApp e organizaria melhor o fluxo. Topa dar uma olhada num exemplo?"
"Clínica Veterinária Tureck - Agropecuária Tureck","Centro","+554736442311","https://wa.me/554736442311","4.8","260","Muitas avaliações - automação/catálogo","Oi! Tudo certo? 260 avaliações com nota 4.8 no Google é prova de atendimento consistente — parabéns! Com esse volume, um site com catálogo e agendamento online tiraria peso do WhatsApp e organizaria melhor o fluxo. Topa dar uma olhada num exemplo?"
"Salão VIP - Reinaldo Bockor","Centro","+5547996709320","https://wa.me/5547996709320","4.8","195","Muitas avaliações - automação/catálogo","Oi! 195 avaliações é muita gente atendida — tudo isso com nota 4.8. Com esse volume, um site com catálogo e agendamento online tiraria peso do WhatsApp e organizaria melhor o fluxo. Topa dar uma olhada num exemplo?"
"Cia do Exercício","Centro","+5548991747513","https://wa.me/5548991747513","4.8","182","Muitas avaliações - automação/catálogo","Olá, Cia do Exercício! 182 avaliações com nota 4.8 não é sorte — é trabalho bem feito. Um catálogo online deixaria parte do atendimento automática, sem perder qualidade, e abriria espaço pra crescer em horários que hoje ficam parados. Posso te mostrar como funcionaria?"
"Agropet Marcelo","Centro","+554736522666","https://wa.me/554736522666","4.8","164","Muitas avaliações - automação/catálogo","Oi! Tudo certo? 164 avaliações com nota 4.8 não é sorte — é trabalho bem feito. Um catálogo online deixaria parte do atendimento automática, sem perder qualidade, e abriria espaço pra crescer em horários que hoje ficam parados. Posso te mostrar como funcionaria?"
"Restaurante do Julinho","Iraputã","+5547984748639","https://wa.me/5547984748639","4.8","153","Muitas avaliações - automação/catálogo","Oi! 153 avaliações em Iraputã com nota 4.8 — a prova está nos números, falta só uma vitrine pra quem chega pelo Google. Um catálogo online deixaria parte do atendimento automática, sem perder qualidade, e abriria espaço pra crescer em horários que hoje ficam parados. Posso te mostrar como funcionaria?"
"Espaço 320","Centro","+5547992420320","https://wa.me/5547992420320","4.8","152","Muitas avaliações - automação/catálogo","Oi, Espaço 320! 152 avaliações em Centro com nota 4.8 — a prova está nos números, falta só uma vitrine pra quem chega pelo Google. Um catálogo online deixaria parte do atendimento automática, sem perder qualidade, e abriria espaço pra crescer em horários que hoje ficam parados. Posso te mostrar como funcionaria?"
"Fazenda Lagos - Rio Negrinho - SC","Rio dos Bugres","+5547999860006","https://wa.me/5547999860006","4.8","144","Muitas avaliações - automação/catálogo","Oi, pessoal da Fazenda Lagos - Rio Negrinho - SC! 144 avaliações em Rio dos Bugres com nota 4.8 — a prova está nos números, falta só uma vitrine pra quem chega pelo Google. Um catálogo online deixaria parte do atendimento automática, sem perder qualidade, e abriria espaço pra crescer em horários que hoje ficam parados. Posso te mostrar como funcionaria?"
"Zeus Academia","Vila Nova","+5547984728066","https://wa.me/5547984728066","4.8","115","Muitas avaliações - automação/catálogo","Olá, Zeus Academia! 115 avaliações em Vila Nova com nota 4.8 — a prova está nos números, falta só uma vitrine pra quem chega pelo Google. Um catálogo online deixaria parte do atendimento automática, sem perder qualidade, e abriria espaço pra crescer em horários que hoje ficam parados. Posso te mostrar como funcionaria?"
"Academia Krieck","Centro","+5547991531239","https://wa.me/5547991531239","4.8","103","Muitas avaliações - automação/catálogo","Oi! Tudo certo? 103 avaliações em Centro com nota 4.8 — a prova está nos números, falta só uma vitrine pra quem chega pelo Google. Um catálogo online deixaria parte do atendimento automática, sem perder qualidade, e abriria espaço pra crescer em horários que hoje ficam parados. Posso te mostrar como funcionaria?"
"Centro De Eventos Darolt","Morro Estevão","+5548998064211","https://wa.me/5548998064211","4.8","76","Muitas avaliações - automação/catálogo","Oi! 76 avaliações com nota 4.8 no Google é prova de atendimento consistente — parabéns! Um site à altura disso captaria cliente direto do Google, sem depender só de indicação. Quer ver uma demonstração?"
"Butiá Ecoturismo","Vila de Volta Grande","+5547999797652","https://wa.me/5547999797652","4.8","74","Muitas avaliações - automação/catálogo","Oi, Butiá Ecoturismo! 74 avaliações com nota 4.8 no Google é prova de atendimento consistente — parabéns! Um site à altura disso captaria cliente direto do Google, sem depender só de indicação. Quer ver uma demonstração?"
"Maninho Pizzas e Porções","","+5547999621013","https://wa.me/5547999621013","4.8","68","Muitas avaliações - automação/catálogo","Oi, pessoal da Maninho Pizzas e Porções! 68 avaliações com nota 4.8 no Google é prova de atendimento consistente — parabéns! Um site à altura disso captaria cliente direto do Google, sem depender só de indicação. Quer ver uma demonstração?"
"Studio Cabeleireiros","Centro","+554736441693","https://wa.me/554736441693","4.8","60","Muitas avaliações - automação/catálogo","Olá, Studio Cabeleireiros! 60 avaliações com nota 4.8 no Google é prova de atendimento consistente — parabéns! Um site à altura disso captaria cliente direto do Google, sem depender só de indicação. Quer ver uma demonstração?"
"Lanchonete e Restaurante da Vo Leoni","Três Barras","+554736280850","https://wa.me/554736280850","4.8","57","Muitas avaliações - automação/catálogo","Oi! Tudo certo? 57 avaliações com nota 4.8 no Google é prova de atendimento consistente — parabéns! Um site à altura disso captaria cliente direto do Google, sem depender só de indicação. Quer ver uma demonstração?"
"Amor Saúde Araranguá","Mato Alto","+5548999305188","https://wa.me/5548999305188","4.8","56","Muitas avaliações - automação/catálogo","Oi, Amor Saúde Araranguá! 56 avaliações com nota 4.8 não é sorte — é trabalho bem feito. Um catálogo online deixaria parte do atendimento automática, sem perder qualidade, e abriria espaço pra crescer em horários que hoje ficam parados. Posso te mostrar como funcionaria?"
"Tempero da Terra Restaurante e Lancheria","Vila Nova","+5547991599284","https://wa.me/5547991599284","4.8","55","Muitas avaliações - automação/catálogo","Oi, Tempero da Terra Restaurante e Lancheria! 55 avaliações é muita gente atendida — tudo isso com nota 4.8. Um site à altura disso captaria cliente direto do Google, sem depender só de indicação. Quer ver uma demonstração?"
"BROTHER'S BARBEARIA","Centro","+5547997658034","https://wa.me/5547997658034","4.8","53","Muitas avaliações - automação/catálogo","Oi! 53 avaliações em Centro com nota 4.8 — a prova está nos números, falta só uma vitrine pra quem chega pelo Google. Com esse volume, um site com catálogo e agendamento online tiraria peso do WhatsApp e organizaria melhor o fluxo. Topa dar uma olhada num exemplo?"
"Veridiana Mendes Lazzari Zaine","Centro II Alto de Mafra","+554736425387","https://wa.me/554736425387","4.8","49","Presença digital básica - concorrência","Oi, tudo bem? A Veridiana Mendes Lazzari Zaine em Centro II Alto de Mafra tem nota 4.8, mas sem site, sem catálogo e sem página própria, quem pesquisa nem sabe o que vocês fazem. Um site simples resolve isso rapidinho e evita perder cliente pra concorrência. Posso te mostrar um exemplo?"
"Sítio Santa Bárbara - Rio dos Pardos","Pinheiros","+5547999328234","https://wa.me/5547999328234","4.8","49","Presença digital básica - concorrência","Oi, Sítio Santa Bárbara - Rio dos Pardos! A Sítio Santa Bárbara - Rio dos Pardos em Pinheiros tem nota 4.8, mas sem site, sem catálogo e sem página própria, quem pesquisa nem sabe o que vocês fazem. Um site simples resolve isso rapidinho e evita perder cliente pra concorrência. Posso te mostrar um exemplo?"
"Varanda Burger 'n Meat","Irineópolis","+5547996365181","https://wa.me/5547996365181","4.8","49","Presença digital básica - concorrência","Oi, Varanda Burger 'n Meat! Vocês aparecem em Irineópolis com nota 4.8, mas quem pesquisa só encontra o perfil do Google — e nada além disso. E acaba fechando com quem aparece melhor. Uma página simples muda esse jogo. Topa ver como ficaria?"
"Barbearia Ebenézer","Centro I Baixada","+5547988044967","https://wa.me/5547988044967","4.8","44","Presença digital básica - concorrência","Oi! Te achei pesquisando lojas na região. A Barbearia Ebenézer em Centro I Baixada tem nota 4.8, mas sem site, sem catálogo e sem página própria, quem pesquisa nem sabe o que vocês fazem. Um site simples resolve isso rapidinho e evita perder cliente pra concorrência. Posso te mostrar um exemplo?"
"Barbearia Kuss","Restinga","+5547984067225","https://wa.me/5547984067225","4.8","43","Presença digital básica - concorrência","Oi! Vi a loja de vocês em Restinga com nota 4.8 no Google, mas quase sem informações pra quem pesquisa. Enquanto isso, quem pesquisa acaba indo pra concorrência. Um site simples resolve isso. Quer ver uma demonstração?"
"Topy Color","Centro","+554736222528","https://wa.me/554736222528","4.8","40","Presença digital básica - concorrência","Olá! A Topy Color em Centro tem nota 4.8, mas sem site, sem catálogo e sem página própria, quem pesquisa nem sabe o que vocês fazem. Enquanto isso, quem pesquisa acaba indo pra concorrência. Um site simples resolve isso. Quer ver uma demonstração?"
"RESTAURANTE ALAMOS","Vila Formosa","+5547999760378","https://wa.me/5547999760378","4.8","37","Presença digital básica - concorrência","Oi, RESTAURANTE ALAMOS! Vi a loja de vocês em Vila Formosa com nota 4.8 no Google, mas quase sem informações pra quem pesquisa. Enquanto isso, quem pesquisa acaba indo pra concorrência. Um site simples resolve isso. Quer ver uma demonstração?"
"Odontoexcellence Itaiópolis","Centro","+5547991663860","https://wa.me/5547991663860","4.8","31","Presença digital básica - concorrência","Olá! Vi a loja de vocês em Centro com nota 4.8 no Google, mas quase sem informações pra quem pesquisa. Enquanto isso, quem pesquisa acaba indo pra concorrência. Um site simples resolve isso. Quer ver uma demonstração?"
"POUSADA Casa da Vó Quina","Três Barras","+5547996463833","https://wa.me/5547996463833","4.8","29","Presença digital básica - concorrência","Olá! A POUSADA Casa da Vó Quina em Três Barras tem nota 4.8, mas sem site, sem catálogo e sem página própria, quem pesquisa nem sabe o que vocês fazem. E acaba fechando com quem aparece melhor. Uma página simples muda esse jogo. Topa ver como ficaria?"
"Pousada Herança do meu pai","Santa Cruz do Timbó","+5542991246239","https://wa.me/5542991246239","4.8","29","Presença digital básica - concorrência","Oi! Encontrei a loja de vocês em Santa Cruz do Timbó no Google, mas o perfil tem pouquíssima informação. Enquanto isso, quem pesquisa acaba indo pra concorrência. Um site simples resolve isso. Quer ver uma demonstração?"
"Foto Flash","Centro II Alto de Mafra","+554736422366","https://wa.me/554736422366","4.8","28","Presença digital básica - concorrência","Oi, tudo bem? Encontrei a loja de vocês em Centro II Alto de Mafra no Google, mas o perfil tem pouquíssima informação. Enquanto isso, quem pesquisa acaba indo pra concorrência. Um site simples resolve isso. Quer ver uma demonstração?"
"Radosh Festas","Ceramarte","+5547992930435","https://wa.me/5547992930435","4.8","27","Presença digital básica - concorrência","Oi, Radosh Festas! Encontrei a loja de vocês em Ceramarte no Google, mas o perfil tem pouquíssima informação. Enquanto isso, quem pesquisa acaba indo pra concorrência. Um site simples resolve isso. Quer ver uma demonstração?"
"La Bella Clínica de Estética","Centro","+554736424001","https://wa.me/554736424001","4.8","24","Presença digital básica - concorrência","Olá! Encontrei a loja de vocês em Centro no Google, mas o perfil tem pouquíssima informação. Enquanto isso, quem pesquisa acaba indo pra concorrência. Um site simples resolve isso. Quer ver uma demonstração?"
"Pizza na Pedra Itaiópolis","Atrás da rodoviária","+5547997615963","https://wa.me/5547997615963","4.8","23","Presença digital básica - concorrência","Oi! Te achei pesquisando lojas na região. Encontrei a loja de vocês em Atrás da rodoviária no Google, mas o perfil tem pouquíssima informação. Enquanto isso, quem pesquisa acaba indo pra concorrência. Um site simples resolve isso. Quer ver uma demonstração?"
"Odontocompany Araranguá","Centro","+554831981428","https://wa.me/554831981428","4.8","21","Presença digital básica - concorrência","Oi! A loja de vocês em Centro aparece no Google com nota 4.8, mas quem clica não encontra site nem catálogo. Enquanto isso, quem pesquisa acaba indo pra concorrência. Um site simples resolve isso. Quer ver uma demonstração?"
"Clínica Wechinewsky Odontologia","Centro","+554736421160","https://wa.me/554736421160","4.8","20","Presença digital básica - concorrência","Oi, tudo bem? A loja de vocês em Centro aparece no Google com nota 4.8, mas quem clica não encontra site nem catálogo. Enquanto isso, quem pesquisa acaba indo pra concorrência. Um site simples resolve isso. Quer ver uma demonstração?"
"Restaurante e Lanchonete Gosto Bom","Centro","+5547997144951","https://wa.me/5547997144951","4.8","19","Nota alta + poucas avaliações - credibilidade","Oi, Restaurante e Lanchonete Gosto Bom! A loja de vocês em Centro tem nota 4.8 no Google, mas poucas avaliações pra comprovar. Um site profissional ajuda bastante nisso, reforçando a credibilidade pra quem tá pesquisando. Posso te mostrar como ficaria?"
"Willi Reiche Pet Shop","Centro","+5542999751384","https://wa.me/5542999751384","4.8","18","Nota alta + poucas avaliações - credibilidade","Olá! Como vai? A loja de vocês em Centro tem nota 4.8 no Google, mas poucas avaliações pra comprovar. Um site profissional ajuda bastante nisso, reforçando a credibilidade pra quem tá pesquisando. Posso te mostrar como ficaria?"
"Walderis Noivas & Eventos","São Pedro","+554235223324","https://wa.me/554235223324","4.8","17","Nota alta + poucas avaliações - credibilidade","Oi, tudo bem? Vi a loja de vocês aqui em São Pedro com nota 4.8 — só que ainda com poucas avaliações, uma pena, porque essa nota merecia aparecer mais. Um site profissional puxaria mais gente que pesquisa uma loja confiável na região — a nota de vocês fala por si só. Quer ver um exemplo rápido?"
"Arena Fitness","Centro","+5548996520216","https://wa.me/5548996520216","4.8","17","Nota alta + poucas avaliações - credibilidade","Oi! Vocês têm nota 4.8 em Centro, mas quase nenhuma avaliação pra corroborar. Um site profissional ajuda bastante nisso, reforçando a credibilidade pra quem tá pesquisando. Posso te mostrar como ficaria?"
"Academia Pit Bull Fit","São Pedro","+5542999864920","https://wa.me/5542999864920","4.8","12","Nota alta + poucas avaliações - credibilidade","Oi, tudo bem? Vocês têm nota 4.8 em São Pedro, mas quase nenhuma avaliação pra corroborar. Um site profissional ajuda bastante nisso, reforçando a credibilidade pra quem tá pesquisando. Posso te mostrar como ficaria?"
"Roseli Greffin Advocacia","São Cristóvão","+554736532928","https://wa.me/554736532928","4.8","12","Nota alta + poucas avaliações - credibilidade","Oi, tudo bem? O perfil de vocês em São Cristóvão acumula nota 4.8, mas são poucas avaliações pra transformar isso em confiança na busca. Um site profissional puxaria mais gente que pesquisa uma loja confiável na região — a nota de vocês fala por si só. Quer ver um exemplo rápido?"
"Márcio Magnabosco da Silva - Sociedade de Advocacia","Centro I Baixada","+554736426094","https://wa.me/554736426094","4.8","12","Nota alta + poucas avaliações - credibilidade","Olá! Como vai? Vocês têm nota 4.8 em Centro I Baixada, mas quase nenhuma avaliação pra corroborar. Um site profissional ajuda bastante nisso, reforçando a credibilidade pra quem tá pesquisando. Posso te mostrar como ficaria?"
"Restaurante da Família","Campo d'Água Verde","+554736272112","https://wa.me/554736272112","4.8","12","Nota alta + poucas avaliações - credibilidade","Oi! Tava procurando lojas por aqui e encontrei vocês. Vocês têm nota 4.8 em Campo d'Água Verde, mas quase nenhuma avaliação pra corroborar. Um site profissional ajuda bastante nisso, reforçando a credibilidade pra quem tá pesquisando. Posso te mostrar como ficaria?"
"Burguer Lanches Artesanais","Papanduva","+5547996808765","https://wa.me/5547996808765","4.8","11","Nota alta + poucas avaliações - credibilidade","Oi! O Google mostra a loja de vocês em Papanduva com nota 4.8, mas são poucas avaliações — e quem ainda não conhece procura prova antes de chamar. Um site profissional ajuda bastante nisso, reforçando a credibilidade pra quem tá pesquisando. Posso te mostrar como ficaria?"
"BARBEARIA DO FIO","Monte Castelo","+5547991450506","https://wa.me/5547991450506","4.8","10","Nota alta + poucas avaliações - credibilidade","Oi, tudo bem? O Google mostra a loja de vocês em Monte Castelo com nota 4.8, mas são poucas avaliações — e quem ainda não conhece procura prova antes de chamar. Um site profissional ajuda bastante nisso, reforçando a credibilidade pra quem tá pesquisando. Posso te mostrar como ficaria?"
"Kwitschal Sociedade Individual de Advocacia","Centro I","+554736420025","https://wa.me/554736420025","4.8","6","Nota alta + poucas avaliações - credibilidade","Oi, Kwitschal Sociedade Individual de Advocacia! O Google mostra a loja de vocês em Centro I com nota 4.8, mas são poucas avaliações — e quem ainda não conhece procura prova antes de chamar. Um site profissional ajuda bastante nisso, reforçando a credibilidade pra quem tá pesquisando. Posso te mostrar como ficaria?"
"Leandro Pereira Fotoart","Vila Clementina","+5547999316184","https://wa.me/5547999316184","4.8","6","Nota alta + poucas avaliações - credibilidade","Olá! Como vai? O Google mostra a loja de vocês em Vila Clementina com nota 4.8, mas são poucas avaliações — e quem ainda não conhece procura prova antes de chamar. Um site profissional ajuda bastante nisso, reforçando a credibilidade pra quem tá pesquisando. Posso te mostrar como ficaria?"
"Steak Burguer","São Cristovão","+5547991324569","https://wa.me/5547991324569","4.8","6","Nota alta + poucas avaliações - credibilidade","Oi! Tava procurando lojas por aqui e encontrei vocês. O Google mostra a loja de vocês em São Cristovão com nota 4.8, mas são poucas avaliações — e quem ainda não conhece procura prova antes de chamar. Um site profissional ajuda bastante nisso, reforçando a credibilidade pra quem tá pesquisando. Posso te mostrar como ficaria?"
"Pousada refugio verde itaiopolis","Itaiópolis","+5547997030977","https://wa.me/5547997030977","4.8","6","Nota alta + poucas avaliações - credibilidade","Oi! A nota 4.8 em Itaiópolis não bate com o número de avaliações — merecia aparecer mais pra quem pesquisa. Um site profissional ajuda bastante nisso, reforçando a credibilidade pra quem tá pesquisando. Posso te mostrar como ficaria?"
"Mimos Pet","Centro","+5547991824268","https://wa.me/5547991824268","4.8","5","Nota alta + poucas avaliações - credibilidade","Oi, tudo bem? A nota 4.8 em Centro não bate com o número de avaliações — merecia aparecer mais pra quem pesquisa. Um site profissional ajuda bastante nisso, reforçando a credibilidade pra quem tá pesquisando. Posso te mostrar como ficaria?"
"Lincolor Studio Ltda","Centro II","+554736421901","https://wa.me/554736421901","4.8","5","Nota alta + poucas avaliações - credibilidade","Oi, Lincolor Studio Ltda! A nota 4.8 em Centro II não bate com o número de avaliações — merecia aparecer mais pra quem pesquisa. Um site profissional ajuda bastante nisso, reforçando a credibilidade pra quem tá pesquisando. Posso te mostrar como ficaria?"
"Restaurante Bambú","Papanduva","+5547991380124","https://wa.me/5547991380124","4.8","5","Nota alta + poucas avaliações - credibilidade","Oi! Vocês têm nota 4.8 em Papanduva, mas quase nenhuma avaliação pra corroborar. Um site profissional puxaria mais gente que pesquisa uma loja confiável na região — a nota de vocês fala por si só. Quer ver um exemplo rápido?"
"Band Restaurante e Lanchonete","Centro","+554736216023","https://wa.me/554736216023","4.8","5","Nota alta + poucas avaliações - credibilidade","Oi, tudo bem? Vocês têm nota 4.8 em Centro, mas quase nenhuma avaliação pra corroborar. Um site profissional puxaria mais gente que pesquisa uma loja confiável na região — a nota de vocês fala por si só. Quer ver um exemplo rápido?"
"Pizzaria Don Juan","Jardim Esperança","+5547999740636","https://wa.me/5547999740636","4.8","5","Nota alta + poucas avaliações - credibilidade","Oi! Encontrei o perfil de vocês em Jardim Esperança com nota 4.8, mas com tão poucas avaliações que a nota acaba não pesando na escolha. Um site profissional ajuda bastante nisso, reforçando a credibilidade pra quem tá pesquisando. Posso te mostrar como ficaria?"
"Centro de Beleza Estilo Feminino","Vila Nova","+554736448377","https://wa.me/554736448377","4.8","4","Nota alta + poucas avaliações - credibilidade","Oi, tudo bem? Encontrei o perfil de vocês em Vila Nova com nota 4.8, mas com tão poucas avaliações que a nota acaba não pesando na escolha. Um site profissional ajuda bastante nisso, reforçando a credibilidade pra quem tá pesquisando. Posso te mostrar como ficaria?"
"Dallas Burguer Bar","Vila Nova","+5547991249464","https://wa.me/5547991249464","4.7","716","Muitas avaliações - automação/catálogo","Oi, pessoal da Dallas Burguer Bar! 716 avaliações é muita gente atendida — tudo isso com nota 4.7. Um site à altura disso captaria cliente direto do Google, sem depender só de indicação. Quer ver uma demonstração?"
"Restaurante Mirante Grill","Centro","+554235245061","https://wa.me/554235245061","4.7","532","Muitas avaliações - automação/catálogo","Olá, Restaurante Mirante Grill! 532 avaliações é muita gente atendida — tudo isso com nota 4.7. Um site à altura disso captaria cliente direto do Google, sem depender só de indicação. Quer ver uma demonstração?"
"RESTAURANTE CAÇAROLA -ROD. BR 116 KM 17","Mafra","+5547996396529","https://wa.me/5547996396529","4.7","465","Muitas avaliações - automação/catálogo","Oi! Tudo certo? 465 avaliações é muita gente atendida — tudo isso com nota 4.7. Um site à altura disso captaria cliente direto do Google, sem depender só de indicação. Quer ver uma demonstração?"
"OdontoCompany Mafra","Centro","+554730585738","https://wa.me/554730585738","4.7","338","Muitas avaliações - automação/catálogo","Oi! Vi que vocês acumulam 338 avaliações em Centro com nota 4.7 — um dos perfis mais fortes que achei na região. Um site à altura disso captaria cliente direto do Google, sem depender só de indicação. Quer ver uma demonstração?"
"Dido Burguer","Bela Vista","+5547992760069","https://wa.me/5547992760069","4.7","313","Muitas avaliações - automação/catálogo","Oi, Dido Burguer! Vi que vocês acumulam 313 avaliações em Bela Vista com nota 4.7 — um dos perfis mais fortes que achei na região. Um site à altura disso captaria cliente direto do Google, sem depender só de indicação. Quer ver uma demonstração?"
"Restaurante Ceu e Sabor","Vila Nova","+5547991933360","https://wa.me/5547991933360","4.7","298","Muitas avaliações - automação/catálogo","Oi, pessoal da Restaurante Ceu e Sabor! Vi que vocês acumulam 298 avaliações em Vila Nova com nota 4.7 — um dos perfis mais fortes que achei na região. Um site à altura disso captaria cliente direto do Google, sem depender só de indicação. Quer ver uma demonstração?"
"London Club","Centro I Baixada","+5547992765353","https://wa.me/5547992765353","4.7","291","Muitas avaliações - automação/catálogo","Olá, London Club! Vi que vocês acumulam 291 avaliações em Centro I Baixada com nota 4.7 — um dos perfis mais fortes que achei na região. Um site à altura disso captaria cliente direto do Google, sem depender só de indicação. Quer ver uma demonstração?"
"Restaurante Parada do Gaucho","São Pascoal","+5547999819741","https://wa.me/5547999819741","4.7","277","Muitas avaliações - automação/catálogo","Oi! Tudo certo? Vi que vocês acumulam 277 avaliações em São Pascoal com nota 4.7 — um dos perfis mais fortes que achei na região. Um site à altura disso captaria cliente direto do Google, sem depender só de indicação. Quer ver uma demonstração?"
"Neca Promoções e Eventos","Alto Paraguaçu","+554736522534","https://wa.me/554736522534","4.7","184","Muitas avaliações - automação/catálogo","Oi! 184 avaliações com nota 4.7 não é sorte — é trabalho bem feito. Um site à altura disso captaria cliente direto do Google, sem depender só de indicação. Quer ver uma demonstração?"
"Agroveterinária São João","Centro II Alto de Mafra","+5547988326674","https://wa.me/5547988326674","4.7","169","Muitas avaliações - automação/catálogo","Oi, Agroveterinária São João! 169 avaliações com nota 4.7 não é sorte — é trabalho bem feito. Um site à altura disso captaria cliente direto do Google, sem depender só de indicação. Quer ver uma demonstração?"
"Restaurante 10","Campo d'Água Verde","+554734600360","https://wa.me/554734600360","4.7","162","Muitas avaliações - automação/catálogo","Oi, pessoal da Restaurante 10! 162 avaliações com nota 4.7 não é sorte — é trabalho bem feito. Um site à altura disso captaria cliente direto do Google, sem depender só de indicação. Quer ver uma demonstração?"
"Estação da pizza","Ceramarte","+554736440206","https://wa.me/554736440206","4.7","145","Muitas avaliações - automação/catálogo","Olá, Estação da pizza! 145 avaliações com nota 4.7 não é sorte — é trabalho bem feito. Um site à altura disso captaria cliente direto do Google, sem depender só de indicação. Quer ver uma demonstração?"
"O Casarao Restaurante e Hamburgueria","Centro","+5547992699366","https://wa.me/5547992699366","4.7","130","Muitas avaliações - automação/catálogo","Oi! Tudo certo? 130 avaliações com nota 4.7 não é sorte — é trabalho bem feito. Um site à altura disso captaria cliente direto do Google, sem depender só de indicação. Quer ver uma demonstração?"
"Jubilula Buffet","Nova Divinéia","+5548996305512","https://wa.me/5548996305512","4.7","108","Muitas avaliações - automação/catálogo","Oi! 108 avaliações em Nova Divinéia com nota 4.7 — a prova está nos números, falta só uma vitrine pra quem chega pelo Google. Um site à altura disso captaria cliente direto do Google, sem depender só de indicação. Quer ver uma demonstração?"
"Cani & Gatti","Sossego","+554736220091","https://wa.me/554736220091","4.7","107","Muitas avaliações - automação/catálogo","Oi, Cani & Gatti! 107 avaliações em Sossego com nota 4.7 — a prova está nos números, falta só uma vitrine pra quem chega pelo Google. Um site à altura disso captaria cliente direto do Google, sem depender só de indicação. Quer ver uma demonstração?"
"Barbearia Girardi","Jardim América","+5547999768544","https://wa.me/5547999768544","4.7","101","Muitas avaliações - automação/catálogo","Oi, pessoal da Barbearia Girardi! 101 avaliações em Jardim América com nota 4.7 — a prova está nos números, falta só uma vitrine pra quem chega pelo Google. Um site à altura disso captaria cliente direto do Google, sem depender só de indicação. Quer ver uma demonstração?"
"Joy Festas Mafra","Centro I Baixada","+5547992480373","https://wa.me/5547992480373","4.7","87","Muitas avaliações - automação/catálogo","Olá, Joy Festas Mafra! 87 avaliações em Centro I Baixada com nota 4.7 — a prova está nos números, falta só uma vitrine pra quem chega pelo Google. Um site à altura disso captaria cliente direto do Google, sem depender só de indicação. Quer ver uma demonstração?"
"Ludus Academia","São Luiz","+5548999343398","https://wa.me/5548999343398","4.7","86","Muitas avaliações - automação/catálogo","Oi! Tudo certo? 86 avaliações em São Luiz com nota 4.7 — a prova está nos números, falta só uma vitrine pra quem chega pelo Google. Um site à altura disso captaria cliente direto do Google, sem depender só de indicação. Quer ver uma demonstração?"
"Restaurante, café e pousada CLARA","Moema","+5547984363385","https://wa.me/5547984363385","4.7","69","Muitas avaliações - automação/catálogo","Oi! 69 avaliações com nota 4.7 no Google é prova de atendimento consistente — parabéns! Com um site, esse trabalho passa a se vender sozinho: catálogo, contato e orçamento sem precisar de atendente. Consigo te mostrar um modelo?"
"Academia Superação","Cidade Nova","+5542999226222","https://wa.me/5542999226222","4.7","67","Muitas avaliações - automação/catálogo","Oi, Academia Superação! 67 avaliações com nota 4.7 no Google é prova de atendimento consistente — parabéns! Com um site, esse trabalho passa a se vender sozinho: catálogo, contato e orçamento sem precisar de atendente. Consigo te mostrar um modelo?"
"Center Collor","Centro","+554736427534","https://wa.me/554736427534","4.7","64","Muitas avaliações - automação/catálogo","Oi, pessoal da Center Collor! 64 avaliações com nota 4.7 no Google é prova de atendimento consistente — parabéns! Com um site, esse trabalho passa a se vender sozinho: catálogo, contato e orçamento sem precisar de atendente. Consigo te mostrar um modelo?"
"Barrigao Restaurante E Pizzaria","Centro","+554736440680","https://wa.me/554736440680","4.7","56","Muitas avaliações - automação/catálogo","Olá, Barrigao Restaurante E Pizzaria! 56 avaliações com nota 4.7 no Google é prova de atendimento consistente — parabéns! Com um site, esse trabalho passa a se vender sozinho: catálogo, contato e orçamento sem precisar de atendente. Consigo te mostrar um modelo?"
"Bio Fitness Experience Academia","Araranguá","+5548992103762","https://wa.me/5548992103762","4.7","53","Muitas avaliações - automação/catálogo","Oi! Tudo certo? 53 avaliações com nota 4.7 no Google é prova de atendimento consistente — parabéns! Com um site, esse trabalho passa a se vender sozinho: catálogo, contato e orçamento sem precisar de atendente. Consigo te mostrar um modelo?"
"Clínica Veterinária Bicho Mimado","","+5549999972291","https://wa.me/5549999972291","4.7","51","Muitas avaliações - automação/catálogo","Olá, Clínica Veterinária Bicho Mimado! 51 avaliações com nota 4.7 no Google é prova de atendimento consistente — parabéns! Um site transformaria esse movimento em venda até fora do horário. Posso te mandar um exemplo?"
"Restaurante Tia Beti","Marcílio Dias","+554736272229","https://wa.me/554736272229","4.7","48","Presença digital básica - concorrência","Oi! Vi a loja de vocês em Marcílio Dias com nota 4.7 no Google, mas quase sem informações pra quem pesquisa. Uma página simples resolveria isso rápido — e custa menos do que vocês imaginam. Topa dar uma olhada num exemplo?"
"Foto Venturi","Papanduva","+554736532490","https://wa.me/554736532490","4.7","40","Presença digital básica - concorrência","Oi, tudo bem? Encontrei a loja de vocês em Papanduva no Google, mas o perfil tem pouquíssima informação. Posso montar um modelo gratuito pra vocês verem como ficaria. Interessado?"
"9 Burger","Espigão do Bugre","+5547999179217","https://wa.me/5547999179217","4.7","37","Presença digital básica - concorrência","Oi, 9 Burger! A loja de vocês em Espigão do Bugre aparece no Google com nota 4.7, mas quem clica não encontra site nem catálogo. Um site simples resolve isso rapidinho e evita perder cliente pra concorrência. Posso te mostrar um exemplo?"
"Barbearia Galvão","Centro III Monte Alegre","+5547999292533","https://wa.me/5547999292533","4.7","35","Presença digital básica - concorrência","Olá! Encontrei a loja de vocês em Centro III Monte Alegre — nota 4.7 no Google, mas o perfil não ajuda quem pesquisa. Enquanto isso, quem pesquisa acaba indo pra concorrência. Um site simples resolve isso. Quer ver uma demonstração?"
"Pousada Morro Alto","Distrito de","+5542999900916","https://wa.me/5542999900916","4.7","34","Presença digital básica - concorrência","Oi! Te achei pesquisando lojas na região. Pesquisei vocês em Distrito de e a única coisa que achei foi o Google com nota 4.7 — site e catálogo não existem. E acaba fechando com quem aparece melhor. Uma página simples muda esse jogo. Topa ver como ficaria?"
"Vida Fit Academia","São Rafael","+5547996450837","https://wa.me/5547996450837","4.7","31","Presença digital básica - concorrência","Oi! O perfil de vocês em São Rafael no Google tem nota 4.7, mas não leva ninguém a lugar nenhum — sem site, sem catálogo, sem WhatsApp visível. Um site simples custa pouco e pesa muito na hora do cliente escolher. Posso te enviar um exemplo?"
"Barbearia Junior","","+5547996287247","https://wa.me/5547996287247","4.7","30","Presença digital básica - concorrência","Oi, tudo bem? Vocês aparecem com nota 4.7, mas quem pesquisa só encontra o perfil do Google — e nada além disso. Um site resolveria isso em poucos dias. Quer ver um modelo?"
"HOTEL ESTANCIA ITAPERUNA","Alto Cedros","+5547991505294","https://wa.me/5547991505294","4.7","30","Presença digital básica - concorrência","Oi, HOTEL ESTANCIA ITAPERUNA! A HOTEL ESTANCIA ITAPERUNA em Alto Cedros tem nota 4.7, mas sem site, sem catálogo e sem página própria, quem pesquisa nem sabe o que vocês fazem. Uma página simples conserta isso e ainda ajuda o Google a te achar. Quer ver o que eu faria?"
"Mundo Bicho Agro Shop","Centro","+554736226011","https://wa.me/554736226011","4.7","23","Presença digital básica - concorrência","Olá! Vi a loja de vocês em Centro com nota 4.7 no Google, mas quase sem informações pra quem pesquisa. Posso te mostrar, em dois minutos, como ficaria a página de vocês. Sem compromisso, quer ver?"
"Sport_fitness","Bella Torres","+5548996739173","https://wa.me/5548996739173","4.7","23","Presença digital básica - concorrência","Oi! Te achei pesquisando lojas na região. Encontrei a loja de vocês em Bella Torres no Google, mas o perfil tem pouquíssima informação. Uma página simples resolveria isso rápido — e custa menos do que vocês imaginam. Topa dar uma olhada num exemplo?"
"Barbearia Don Juan","São Pedro","+5542988726046","https://wa.me/5542988726046","4.7","21","Presença digital básica - concorrência","Oi! A loja de vocês em São Pedro aparece no Google com nota 4.7, mas quem clica não encontra site nem catálogo. Posso montar um modelo gratuito pra vocês verem como ficaria. Interessado?"
"Lá Brasa Restaurante e pizzaria","Centro","+5542988099409","https://wa.me/5542988099409","4.7","20","Presença digital básica - concorrência","Oi, tudo bem? Encontrei a loja de vocês em Centro — nota 4.7 no Google, mas o perfil não ajuda quem pesquisa. Um site simples resolve isso rapidinho e evita perder cliente pra concorrência. Posso te mostrar um exemplo?"
"Salão Espelho Mágico","São Cristóvão","+5547988371491","https://wa.me/5547988371491","4.7","18","Nota alta + poucas avaliações - credibilidade","Olá! Como vai? Vocês têm nota 4.7 em São Cristóvão, mas quase nenhuma avaliação pra corroborar. Um site profissional puxaria mais gente que pesquisa uma loja confiável na região — a nota de vocês fala por si só. Quer ver um exemplo rápido?"
"Agropecuária Campo e Lavoura","Centro I Baixada","+5547999481037","https://wa.me/5547999481037","4.7","17","Nota alta + poucas avaliações - credibilidade","Oi! Tava procurando lojas por aqui e encontrei vocês. Vocês têm nota 4.7 em Centro I Baixada, mas quase nenhuma avaliação pra corroborar. Um site profissional puxaria mais gente que pesquisa uma loja confiável na região — a nota de vocês fala por si só. Quer ver um exemplo rápido?"
"Foto Real","São Pedro","+554235223303","https://wa.me/554235223303","4.7","17","Nota alta + poucas avaliações - credibilidade","Oi! O Google mostra a loja de vocês em São Pedro com nota 4.7, mas são poucas avaliações — e quem ainda não conhece procura prova antes de chamar. Um site profissional puxaria mais gente que pesquisa uma loja confiável na região — a nota de vocês fala por si só. Quer ver um exemplo rápido?"
"Ka'Smash Burguer","Campo da Água Verde","+5547996790155","https://wa.me/5547996790155","4.7","15","Nota alta + poucas avaliações - credibilidade","Oi, tudo bem? O Google mostra a loja de vocês em Campo da Água Verde com nota 4.7, mas são poucas avaliações — e quem ainda não conhece procura prova antes de chamar. Um site profissional puxaria mais gente que pesquisa uma loja confiável na região — a nota de vocês fala por si só. Quer ver um exemplo rápido?"
"Barbearia Garage","Centro II Alto de Mafra","+5547997759032","https://wa.me/5547997759032","4.7","12","Nota alta + poucas avaliações - credibilidade","Oi, Barbearia Garage! O Google mostra a loja de vocês em Centro II Alto de Mafra com nota 4.7, mas são poucas avaliações — e quem ainda não conhece procura prova antes de chamar. Um site profissional puxaria mais gente que pesquisa uma loja confiável na região — a nota de vocês fala por si só. Quer ver um exemplo rápido?"
"Koschinski Advocacia","Vila Buenos Aires","+554736420585","https://wa.me/554736420585","4.7","10","Nota alta + poucas avaliações - credibilidade","Oi! A loja de vocês que trabalha com escritório de advocacia em Vila Buenos Aires tem nota 4.7 no Google, mas poucas avaliações pra comprovar. Um site profissional transforma essa reputação em cliente novo e mostra o trabalho de vocês. Topa ver um modelo?"
"Marlon Simões - Corretor de Imóveis","Centro","+554736224747","https://wa.me/554736224747","4.7","10","Nota alta + poucas avaliações - credibilidade","Oi! Tava procurando lojas por aqui e encontrei vocês. O Google mostra a loja de vocês em Centro com nota 4.7, mas são poucas avaliações — e quem ainda não conhece procura prova antes de chamar. Um site profissional puxaria mais gente que pesquisa uma loja confiável na região — a nota de vocês fala por si só. Quer ver um exemplo rápido?"
"Centro Clínico São Lucas","Centro","+554835240585","https://wa.me/554835240585","4.7","9","Nota alta + poucas avaliações - credibilidade","Oi! A nota 4.7 em Centro não bate com o número de avaliações — merecia aparecer mais pra quem pesquisa. Um site profissional puxaria mais gente que pesquisa uma loja confiável na região — a nota de vocês fala por si só. Quer ver um exemplo rápido?"
"Barbearia Mateus Padilha","Centro","+5547996367613","https://wa.me/5547996367613","4.7","7","Nota alta + poucas avaliações - credibilidade","Olá! Como vai? A loja de vocês em Centro tem nota 4.7 no Google, mas poucas avaliações pra comprovar. Um site profissional transforma essa reputação em cliente novo e mostra o trabalho de vocês. Topa ver um modelo?"
"ADVOCACIA VON LINSINGEN","Centro","+554736421458","https://wa.me/554736421458","4.7","7","Nota alta + poucas avaliações - credibilidade","Oi, ADVOCACIA VON LINSINGEN! A nota 4.7 em Centro não bate com o número de avaliações — merecia aparecer mais pra quem pesquisa. Um site profissional puxaria mais gente que pesquisa uma loja confiável na região — a nota de vocês fala por si só. Quer ver um exemplo rápido?"
"Médico Veterinário - Silvestre José Nadrovski","Boa Vista","+5547999174445","https://wa.me/5547999174445","4.7","7","Nota alta + poucas avaliações - credibilidade","Olá! Como vai? A nota 4.7 em Boa Vista não bate com o número de avaliações — merecia aparecer mais pra quem pesquisa. Um site profissional puxaria mais gente que pesquisa uma loja confiável na região — a nota de vocês fala por si só. Quer ver um exemplo rápido?"
"Clínica Veterinária Quatro I","Centro","+5549999715887","https://wa.me/5549999715887","4.7","6","Nota alta + poucas avaliações - credibilidade","Oi! Tava procurando lojas por aqui e encontrei vocês. A nota 4.7 em Centro não bate com o número de avaliações — merecia aparecer mais pra quem pesquisa. Um site profissional puxaria mais gente que pesquisa uma loja confiável na região — a nota de vocês fala por si só. Quer ver um exemplo rápido?"
"Espaço Dellas Salao De Beleza","Santa Rosa","+5542998458055","https://wa.me/5542998458055","4.7","3","Nota alta + poucas avaliações - credibilidade","Oi! Vi a loja de vocês aqui em Santa Rosa com nota 4.7 — só que ainda com poucas avaliações, uma pena, porque essa nota merecia aparecer mais. Um site profissional puxaria mais gente que pesquisa uma loja confiável na região — a nota de vocês fala por si só. Quer ver um exemplo rápido?"
"Advocacia Dornelles Paz","Vila Buenos Aires","+554736421176","https://wa.me/554736421176","4.7","3","Nota alta + poucas avaliações - credibilidade","Oi, tudo bem? Encontrei o perfil de vocês em Vila Buenos Aires com nota 4.7, mas com tão poucas avaliações que a nota acaba não pesando na escolha. Um site profissional puxaria mais gente que pesquisa uma loja confiável na região — a nota de vocês fala por si só. Quer ver um exemplo rápido?"
"São Bento Agropet","São Pedro","+5542999631742","https://wa.me/5542999631742","4.7","3","Nota alta + poucas avaliações - credibilidade","Oi, São Bento Agropet! Encontrei o perfil de vocês em São Pedro com nota 4.7, mas com tão poucas avaliações que a nota acaba não pesando na escolha. Um site profissional puxaria mais gente que pesquisa uma loja confiável na região — a nota de vocês fala por si só. Quer ver um exemplo rápido?"
"Doces & Fricotes","Centro","+554736223225","https://wa.me/554736223225","4.6","2539","Muitas avaliações - automação/catálogo","Olá, Doces & Fricotes! 2539 avaliações é muita gente atendida — tudo isso com nota 4.6. Um site transformaria esse movimento em venda até fora do horário. Posso te mandar um exemplo?"
"Pizzaria La Formassa","Centro I Baixada","+554736428888","https://wa.me/554736428888","4.6","1977","Muitas avaliações - automação/catálogo","Oi! Tudo certo? 1977 avaliações é muita gente atendida — tudo isso com nota 4.6. Um site transformaria esse movimento em venda até fora do horário. Posso te mandar um exemplo?"
"Suchara","Piedade","+554736224467","https://wa.me/554736224467","4.6","508","Muitas avaliações - automação/catálogo","Oi! Vi que vocês acumulam 508 avaliações em Piedade com nota 4.6 — um dos perfis mais fortes que achei na região. Um site transformaria esse movimento em venda até fora do horário. Posso te mandar um exemplo?"
"Restaurante Barricão","Centro II Alto de Mafra","+554736422828","https://wa.me/554736422828","4.6","423","Muitas avaliações - automação/catálogo","Oi, Restaurante Barricão! Vi que vocês acumulam 423 avaliações em Centro II Alto de Mafra com nota 4.6 — um dos perfis mais fortes que achei na região. Um site transformaria esse movimento em venda até fora do horário. Posso te mandar um exemplo?"
"Agropecuária Mundo Animal","São Pedro","+554235236523","https://wa.me/554235236523","4.6","275","Muitas avaliações - automação/catálogo","Oi, pessoal da Agropecuária Mundo Animal! Vi que vocês acumulam 275 avaliações em São Pedro com nota 4.6 — um dos perfis mais fortes que achei na região. Um site transformaria esse movimento em venda até fora do horário. Posso te mandar um exemplo?"
"RESTAURANTE WILLNER","Centro","+554736426625","https://wa.me/554736426625","4.6","240","Muitas avaliações - automação/catálogo","Olá, RESTAURANTE WILLNER! Vi que vocês acumulam 240 avaliações em Centro com nota 4.6 — um dos perfis mais fortes que achei na região. Um site transformaria esse movimento em venda até fora do horário. Posso te mandar um exemplo?"
"New Formula Fitness Academia","Alto Feliz","+5548998309568","https://wa.me/5548998309568","4.6","68","Muitas avaliações - automação/catálogo","Oi! Tudo certo? Vi que vocês acumulam 68 avaliações em Alto Feliz com nota 4.6 — um dos perfis mais fortes que achei na região. Um site transformaria esse movimento em venda até fora do horário. Posso te mandar um exemplo?"
"Arena Gastrobar","Bom Jesus","+5547997009567","https://wa.me/5547997009567","4.6","65","Muitas avaliações - automação/catálogo","Oi! 65 avaliações com nota 4.6 não é sorte — é trabalho bem feito. Um site transformaria esse movimento em venda até fora do horário. Posso te mandar um exemplo?"
"Realiza Imóveis","Centro","+554736227592","https://wa.me/554736227592","4.6","48","Presença digital básica - concorrência","Oi! Encontrei a loja de vocês que trabalha com imobiliária em Centro — nota 4.6 no Google, mas o perfil não ajuda quem pesquisa. Posso te mostrar, em dois minutos, como ficaria a página de vocês. Sem compromisso, quer ver?"
"Clínica Odontológica Odonto Unic","Centro","+5548996924449","https://wa.me/5548996924449","4.6","41","Presença digital básica - concorrência","Oi, tudo bem? Pesquisei vocês em Centro e a única coisa que achei foi o Google com nota 4.6 — site e catálogo não existem. Uma página simples resolveria isso rápido — e custa menos do que vocês imaginam. Topa dar uma olhada num exemplo?"
"Petshop Estilo Animal","São Pedro","+554235234643","https://wa.me/554235234643","4.6","38","Presença digital básica - concorrência","Oi, Petshop Estilo Animal! O perfil de vocês em São Pedro no Google tem nota 4.6, mas não leva ninguém a lugar nenhum — sem site, sem catálogo, sem WhatsApp visível. Posso montar um modelo gratuito pra vocês verem como ficaria. Interessado?"
"Zella's Burguer e Choperia","Centro II","+554736427272","https://wa.me/554736427272","4.6","37","Presença digital básica - concorrência","Olá! Vocês aparecem em Centro II com nota 4.6, mas quem pesquisa só encontra o perfil do Google — e nada além disso. Um site simples resolve isso rapidinho e evita perder cliente pra concorrência. Posso te mostrar um exemplo?"
"Pousada Romélia","Jardim Menino Deus","+5547999880851","https://wa.me/5547999880851","4.6","33","Presença digital básica - concorrência","Oi! Te achei pesquisando lojas na região. A Pousada Romélia em Jardim Menino Deus tem nota 4.6, mas sem site, sem catálogo e sem página própria, quem pesquisa nem sabe o que vocês fazem. Enquanto isso, quem pesquisa acaba indo pra concorrência. Um site simples resolve isso. Quer ver uma demonstração?"
"Odonto Excellence - Balneário Rincão","Pedreiras","+5548999049472","https://wa.me/5548999049472","4.6","30","Presença digital básica - concorrência","Oi! Vi a loja de vocês em Pedreiras com nota 4.6 no Google, mas quase sem informações pra quem pesquisa. E acaba fechando com quem aparece melhor. Uma página simples muda esse jogo. Topa ver como ficaria?"
"Studio MZ Tattoo","Santa Rosa","+5542998050231","https://wa.me/5542998050231","4.6","28","Presença digital básica - concorrência","Oi, tudo bem? Encontrei a loja de vocês em Santa Rosa no Google, mas o perfil tem pouquíssima informação. Um site simples custa pouco e pesa muito na hora do cliente escolher. Posso te enviar um exemplo?"
"DHONY HAIR UNISSEX BARBEARIA","Vila Ivete","+5547999057912","https://wa.me/5547999057912","4.6","25","Presença digital básica - concorrência","Oi, DHONY HAIR UNISSEX BARBEARIA! A loja de vocês em Vila Ivete aparece no Google com nota 4.6, mas quem clica não encontra site nem catálogo. Um site resolveria isso em poucos dias. Quer ver um modelo?"
"Sítio das Nascentes SC","Campo Lençol","+5547991866716","https://wa.me/5547991866716","4.6","25","Presença digital básica - concorrência","Olá! Encontrei a loja de vocês que trabalha com local para eventos em Campo Lençol — nota 4.6 no Google, mas o perfil não ajuda quem pesquisa. Uma página simples conserta isso e ainda ajuda o Google a te achar. Quer ver o que eu faria?"
"Ferraresi Medicina & Odontologia","Centro","+554736222278","https://wa.me/554736222278","4.6","22","Presença digital básica - concorrência","Oi! Te achei pesquisando lojas na região. Pesquisei vocês em Centro e a única coisa que achei foi o Google com nota 4.6 — site e catálogo não existem. Posso te mostrar, em dois minutos, como ficaria a página de vocês. Sem compromisso, quer ver?"
"Adonai Restaurante","São Cristóvão","+5547996864155","https://wa.me/5547996864155","4.6","22","Presença digital básica - concorrência","Oi! O perfil de vocês em São Cristóvão no Google tem nota 4.6, mas não leva ninguém a lugar nenhum — sem site, sem catálogo, sem WhatsApp visível. Uma página simples resolveria isso rápido — e custa menos do que vocês imaginam. Topa dar uma olhada num exemplo?"
"Centro de Eventos Chalé","Vila Nova","+5547984725557","https://wa.me/5547984725557","4.6","21","Presença digital básica - concorrência","Oi, tudo bem? Vocês aparecem em Vila Nova com nota 4.6, mas quem pesquisa só encontra o perfil do Google — e nada além disso. Posso montar um modelo gratuito pra vocês verem como ficaria. Interessado?"
"Pizzaria Tão Tão","Vista Alegre","+5547991857748","https://wa.me/5547991857748","4.6","21","Presença digital básica - concorrência","Oi! Te achei pesquisando lojas na região. Encontrei a loja de vocês em Vista Alegre no Google, mas o perfil tem pouquíssima informação. E acaba fechando com quem aparece melhor. Uma página simples muda esse jogo. Topa ver como ficaria?"
"Pizzaria Zero Grau","São Pedro","+554235226412","https://wa.me/554235226412","4.6","21","Presença digital básica - concorrência","Oi! A loja de vocês em São Pedro aparece no Google com nota 4.6, mas quem clica não encontra site nem catálogo. Um site simples custa pouco e pesa muito na hora do cliente escolher. Posso te enviar um exemplo?"
"Be Happy Centro de Eventos","","+5548996882884","https://wa.me/5548996882884","4.6","21","Presença digital básica - concorrência","Oi, tudo bem? Encontrei a loja de vocês que trabalha com local para eventos — nota 4.6 no Google, mas o perfil não ajuda quem pesquisa. Um site resolveria isso em poucos dias. Quer ver um modelo?"
"Sítio do Magrão","Canoinhas","+5547984916505","https://wa.me/5547984916505","4.6","19","Nota alta + poucas avaliações - credibilidade","Oi, tudo bem? Achei o perfil de vocês em Canoinhas com nota 4.6 — parabéns! Uma nota que a maioria das lojas da região não tem. Um site profissional transforma essa reputação em cliente novo e mostra o trabalho de vocês. Topa ver um modelo?"
"Hertzing Fotografia Fotógrafo Mafra","Vila Formosa","+5547996181220","https://wa.me/5547996181220","4.6","18","Nota alta + poucas avaliações - credibilidade","Oi, Hertzing Fotografia Fotógrafo Mafra! Achei o perfil de vocês em Vila Formosa com nota 4.6 — parabéns! Uma nota que a maioria das lojas da região não tem. Um site profissional transforma essa reputação em cliente novo e mostra o trabalho de vocês. Topa ver um modelo?"
"Realce Cabeleireiros Unissex","Vila Nova","+5547984186398","https://wa.me/5547984186398","4.6","13","Nota alta + poucas avaliações - credibilidade","Olá! Como vai? Achei o perfil de vocês em Vila Nova com nota 4.6 — parabéns! Uma nota que a maioria das lojas da região não tem. Um site profissional transforma essa reputação em cliente novo e mostra o trabalho de vocês. Topa ver um modelo?"
"Harley Hamburgueria","Alegre","+5547992020062","https://wa.me/5547992020062","4.6","12","Nota alta + poucas avaliações - credibilidade","Oi! Tava procurando lojas por aqui e encontrei vocês. Achei o perfil de vocês em Alegre com nota 4.6 — parabéns! Uma nota que a maioria das lojas da região não tem. Um site profissional transforma essa reputação em cliente novo e mostra o trabalho de vocês. Topa ver um modelo?"
"Estação Saúde","Centro","+554736440634","https://wa.me/554736440634","4.6","11","Nota alta + poucas avaliações - credibilidade","Oi, Estação Saúde! Encontrei o perfil de vocês em Centro com nota 4.6, mas com tão poucas avaliações que a nota acaba não pesando na escolha. Posso te mandar um modelo de página pensado exatamente pra esse caso? É sem compromisso."
"Escritório Tokarski Advocacia","Centro","+5547996534281","https://wa.me/5547996534281","4.6","11","Nota alta + poucas avaliações - credibilidade","Oi, tudo bem? A loja de vocês que trabalha com serviços jurídicos em Centro tem nota 4.6 no Google, mas poucas avaliações pra comprovar. Um site profissional transforma essa reputação em cliente novo e mostra o trabalho de vocês. Topa ver um modelo?"
"Marechal Agropecuária","Centro I Baixada","+5547988605546","https://wa.me/5547988605546","4.6","9","Nota alta + poucas avaliações - credibilidade","Oi, Marechal Agropecuária! A loja de vocês que trabalha com pet shop em Centro I Baixada tem nota 4.6 no Google, mas poucas avaliações pra comprovar. Um site profissional transforma essa reputação em cliente novo e mostra o trabalho de vocês. Topa ver um modelo?"
"Advocacia Nolli","Vila Buenos Aires","+554736424787","https://wa.me/554736424787","4.6","7","Nota alta + poucas avaliações - credibilidade","Oi! Tava procurando lojas por aqui e encontrei vocês. Achei o perfil de vocês em Vila Buenos Aires com nota 4.6 — parabéns! Uma nota que a maioria das lojas da região não tem. Um site profissional ajuda bastante nisso, reforçando a credibilidade pra quem tá pesquisando. Posso te mostrar como ficaria?"
"Pizza House","Centro I Baixada","+554730123839","https://wa.me/554730123839","4.6","7","Nota alta + poucas avaliações - credibilidade","Oi! Tava procurando lojas por aqui e encontrei vocês. A loja de vocês que trabalha com delivery de pizza em Centro I Baixada tem nota 4.6 no Google, mas poucas avaliações pra comprovar. Um site profissional transforma essa reputação em cliente novo e mostra o trabalho de vocês. Topa ver um modelo?"
"Imagem Cabeleireiros","São Rafael","+554736447707","https://wa.me/554736447707","4.6","5","Nota alta + poucas avaliações - credibilidade","Oi! Vocês têm nota 4.6 em São Rafael, mas quase nenhuma avaliação pra corroborar. Um site profissional transforma essa reputação em cliente novo e mostra o trabalho de vocês. Topa ver um modelo?"
"Pousada São Cristóvão","São Cristóvão","+5547996935022","https://wa.me/5547996935022","4.6","5","Nota alta + poucas avaliações - credibilidade","Oi, tudo bem? Vocês têm nota 4.6 em São Cristóvão, mas quase nenhuma avaliação pra corroborar. Um site profissional transforma essa reputação em cliente novo e mostra o trabalho de vocês. Topa ver um modelo?"
"Degas Pizzaria e Restaurante","Centro","+5547991628400","https://wa.me/5547991628400","4.5","1208","Muitas avaliações - automação/catálogo","Oi! 1208 avaliações com nota 4.5 não é sorte — é trabalho bem feito. Um catálogo online deixaria parte do atendimento automática, sem perder qualidade, e abriria espaço pra crescer em horários que hoje ficam parados. Posso te mostrar como funcionaria?"
"Mama Mia","Centro","+554736225522","https://wa.me/554736225522","4.5","896","Muitas avaliações - automação/catálogo","Oi, pessoal da Mama Mia! 896 avaliações com nota 4.5 no Google é prova de atendimento consistente — parabéns! Um catálogo online deixaria parte do atendimento automática, sem perder qualidade, e abriria espaço pra crescer em horários que hoje ficam parados. Posso te mostrar como funcionaria?"
"O Fornão Restaurante e Pizzaria","Papanduva","+5547997959189","https://wa.me/5547997959189","4.5","675","Muitas avaliações - automação/catálogo","Olá, O Fornão Restaurante e Pizzaria! 675 avaliações com nota 4.5 não é sorte — é trabalho bem feito. Com um site, esse trabalho passa a se vender sozinho: catálogo, contato e orçamento sem precisar de atendente. Consigo te mostrar um modelo?"
"Loja Dab 10 e 12 +","Centro","+5547992295501","https://wa.me/5547992295501","4.5","666","Muitas avaliações - automação/catálogo","Oi! Tudo certo? 666 avaliações com nota 4.5 não é sorte — é trabalho bem feito. Com um site, esse trabalho passa a se vender sozinho: catálogo, contato e orçamento sem precisar de atendente. Consigo te mostrar um modelo?"
"Jak's Pizza Bar","Santa Rosa","+554235236042","https://wa.me/554235236042","4.5","263","Muitas avaliações - automação/catálogo","Oi, Jak's Pizza Bar! 263 avaliações em Santa Rosa com nota 4.5 — a prova está nos números, falta só uma vitrine pra quem chega pelo Google. Com esse volume, um site com catálogo e agendamento online tiraria peso do WhatsApp e organizaria melhor o fluxo. Topa dar uma olhada num exemplo?"
"Pizzaria e Marmitas Dom Philipe","Vila Buenos Aires","+554736423700","https://wa.me/554736423700","4.5","204","Muitas avaliações - automação/catálogo","Oi, pessoal da Pizzaria e Marmitas Dom Philipe! 204 avaliações em Vila Buenos Aires com nota 4.5 — a prova está nos números, falta só uma vitrine pra quem chega pelo Google. Com esse volume, um site com catálogo e agendamento online tiraria peso do WhatsApp e organizaria melhor o fluxo. Topa dar uma olhada num exemplo?"
"Hospital Veterinário RioMafra","Centro I Baixada","+554736436058","https://wa.me/554736436058","4.5","65","Muitas avaliações - automação/catálogo","Oi, pessoal da Hospital Veterinário RioMafra! 65 avaliações em Centro I Baixada com nota 4.5 — a prova está nos números, falta só uma vitrine pra quem chega pelo Google. Com um site, esse trabalho passa a se vender sozinho: catálogo, contato e orçamento sem precisar de atendente. Consigo te mostrar um modelo?"
"Lancaster Cabeleireiros","","+554736425068","https://wa.me/554736425068","4.5","35","Presença digital básica - concorrência","Olá! Pesquisei vocês e a única coisa que achei foi o Google com nota 4.5 — site e catálogo não existem. Um site simples custa pouco e pesa muito na hora do cliente escolher. Posso te enviar um exemplo?"
"Espaço Vitória Centro de Eventos","Bela Vista do Sul","+5547997370785","https://wa.me/5547997370785","4.5","24","Presença digital básica - concorrência","Oi! Te achei pesquisando lojas na região. O perfil de vocês em Bela Vista do Sul no Google tem nota 4.5, mas não leva ninguém a lugar nenhum — sem site, sem catálogo, sem WhatsApp visível. Um site resolveria isso em poucos dias. Quer ver um modelo?"
"Zoopet Pet Shop","Vila Nova","+554736231514","https://wa.me/554736231514","4.5","14","Nota alta + poucas avaliações - credibilidade","Oi! Vi a nota 4.5 em Vila Nova no perfil de vocês, mas com tão poucas avaliações que ela ainda nem aparece direito no Google. Com essa nota, um site simples vira a prova que falta. Quer ver um exemplo?"
"Restaurante e lanchonete Do Edy","Itaiópolis","+5547991052643","https://wa.me/5547991052643","4.5","11","Nota alta + poucas avaliações - credibilidade","Oi! Tava procurando lojas por aqui e encontrei vocês. nota 4.5 em Itaiópolis é um belo cartão de visita — só falta gente pra confirmar isso publicamente no Google. Posso te mandar um modelo de página pensado exatamente pra esse caso? É sem compromisso."
"Auroramora Fotografia","Vila Nova","+5547992886762","https://wa.me/5547992886762","4.5","8","Nota alta + poucas avaliações - credibilidade","Oi! Vi a loja de vocês aqui em Vila Nova com nota 4.5 — só que ainda com poucas avaliações, uma pena, porque essa nota merecia aparecer mais. Com essa nota, um site simples vira a prova que falta. Quer ver um exemplo?"
"Casa da pizza volta Grande Rio Negrinho SC","Volta grande","+5547996525587","https://wa.me/5547996525587","4.5","8","Nota alta + poucas avaliações - credibilidade","Olá! Como vai? Vi a nota 4.5 em Volta grande no perfil de vocês, mas com tão poucas avaliações que ela ainda nem aparece direito no Google. Com essa nota, um site simples vira a prova que falta. Quer ver um exemplo?"
"Lanches J&G","","+5549999421305","https://wa.me/5549999421305","4.5","8","Nota alta + poucas avaliações - credibilidade","Oi, Lanches J&G! Vi a loja de vocês aqui com nota 4.5 — só que ainda com poucas avaliações, uma pena, porque essa nota merecia aparecer mais. Com essa nota, um site simples vira a prova que falta. Quer ver um exemplo?"
"Studio de beleza espaço único","Santa Rosa","+5542988470273","https://wa.me/5542988470273","4.5","6","Nota alta + poucas avaliações - credibilidade","Oi! O perfil de vocês em Santa Rosa acumula nota 4.5, mas são poucas avaliações pra transformar isso em confiança na busca. Com essa nota, um site simples vira a prova que falta. Quer ver um exemplo?"
"Fabio Barbearia","Restinga","+5547988044028","https://wa.me/5547988044028","4.5","4","Nota alta + poucas avaliações - credibilidade","Oi, Fabio Barbearia! Vi a loja de vocês aqui em Restinga com nota 4.5 — só que ainda com poucas avaliações, uma pena, porque essa nota merecia aparecer mais. Um site profissional transforma essa reputação em cliente novo e mostra o trabalho de vocês. Topa ver um modelo?"
"New Barbearia","Centro II Alto de Mafra","+5547999083064","https://wa.me/5547999083064","4.5","4","Nota alta + poucas avaliações - credibilidade","Oi! Achei o perfil de vocês em Centro II Alto de Mafra com nota 4.5 — parabéns! Uma nota que a maioria das lojas da região não tem. Com essa nota, um site simples vira a prova que falta. Quer ver um exemplo?"
"Clínica Veterinária Agrorural","Centro","+5547991447552","https://wa.me/5547991447552","4.5","4","Nota alta + poucas avaliações - credibilidade","Oi, tudo bem? Achei o perfil de vocês em Centro com nota 4.5 — parabéns! Uma nota que a maioria das lojas da região não tem. Com essa nota, um site simples vira a prova que falta. Quer ver um exemplo?"
"Hotel Pedrossini","","+5549998279820","https://wa.me/5549998279820","4.5","4","Nota alta + poucas avaliações - credibilidade","Oi, Hotel Pedrossini! Achei o perfil de vocês com nota 4.5 — parabéns! Uma nota que a maioria das lojas da região não tem. Com essa nota, um site simples vira a prova que falta. Quer ver um exemplo?"
"FORLI ESTÉTICA E SAÚDE","Jardim do Moinho","+5547984027673","https://wa.me/5547984027673","4.5","2","Nota alta + poucas avaliações - credibilidade","Oi, FORLI ESTÉTICA E SAÚDE! Encontrei o perfil de vocês em Jardim do Moinho com nota 4.5, mas com tão poucas avaliações que a nota acaba não pesando na escolha. Um site profissional ajuda bastante nisso, reforçando a credibilidade pra quem tá pesquisando. Posso te mostrar como ficaria?"
"Salão da Ju","Industrial I","+5547991909063","https://wa.me/5547991909063","4.5","2","Nota alta + poucas avaliações - credibilidade","Oi, tudo bem? nota 4.5 em Industrial I é um belo cartão de visita — só falta gente pra confirmar isso publicamente no Google. Com essa nota, um site simples vira a prova que falta. Quer ver um exemplo?"
"Hamburgueria Rota 116","Centro","+5547999343490","https://wa.me/5547999343490","4.5","2","Nota alta + poucas avaliações - credibilidade","Oi! A loja de vocês que trabalha com lanchonete em Centro tem nota 4.5 no Google, mas poucas avaliações pra comprovar. Com essa nota, um site simples vira a prova que falta. Quer ver um exemplo?"
"Restaurante Portal Grill (Monumento Rota Biker 26)","Santa Rosa","+5542999510204","https://wa.me/5542999510204","4.4","1412","Muitas avaliações - automação/catálogo","Oi! Tudo certo? Vi que vocês acumulam 1412 avaliações em Santa Rosa com nota 4.4 — um dos perfis mais fortes que achei na região. Um catálogo online deixaria parte do atendimento automática, sem perder qualidade, e abriria espaço pra crescer em horários que hoje ficam parados. Posso te mostrar como funcionaria?"
"Churrascaria e Pizzaria Portal","Industrial II","+5547989004386","https://wa.me/5547989004386","4.4","1309","Muitas avaliações - automação/catálogo","Oi, Churrascaria e Pizzaria Portal! 1309 avaliações com nota 4.4 no Google é prova de atendimento consistente — parabéns! Um catálogo online deixaria parte do atendimento automática, sem perder qualidade, e abriria espaço pra crescer em horários que hoje ficam parados. Posso te mostrar como funcionaria?"
"Restaurante Fogão a Lenha","Bela Vista do Sul","+5547991305270","https://wa.me/5547991305270","4.4","1167","Muitas avaliações - automação/catálogo","Oi, Restaurante Fogão a Lenha! 1167 avaliações com nota 4.4 no Google é prova de atendimento consistente — parabéns! Um site transformaria esse movimento em venda até fora do horário. Posso te mandar um exemplo?"
"Bom Apetite churrascaria e pizzaria","Centro","+5547933814979","https://wa.me/5547933814979","4.4","236","Muitas avaliações - automação/catálogo","Oi, pessoal da Bom Apetite churrascaria e pizzaria! 236 avaliações com nota 4.4 não é sorte — é trabalho bem feito. Um catálogo online deixaria parte do atendimento automática, sem perder qualidade, e abriria espaço pra crescer em horários que hoje ficam parados. Posso te mostrar como funcionaria?"
"Hotel Rubi","Centro","+5547991236644","https://wa.me/5547991236644","4.4","209","Muitas avaliações - automação/catálogo","Oi, Hotel Rubi! 209 avaliações com nota 4.4 no Google é prova de atendimento consistente — parabéns! Com esse volume, um site com catálogo e agendamento online tiraria peso do WhatsApp e organizaria melhor o fluxo. Topa dar uma olhada num exemplo?"
"Hotel Pousada Rio Negrinho","Centro","+5547984945032","https://wa.me/5547984945032","4.4","206","Muitas avaliações - automação/catálogo","Olá, Hotel Pousada Rio Negrinho! 206 avaliações com nota 4.4 não é sorte — é trabalho bem feito. Um site transformaria esse movimento em venda até fora do horário. Posso te mandar um exemplo?"
"Empório Gourmet Restaurante","Centro II Alto de Mafra","+554736451585","https://wa.me/554736451585","4.4","52","Muitas avaliações - automação/catálogo","Oi! Tudo certo? 52 avaliações com nota 4.4 não é sorte — é trabalho bem feito. Um site transformaria esse movimento em venda até fora do horário. Posso te mandar um exemplo?"
"AGROCAMPO AGROPECUARIA","Centro","+554235225688","https://wa.me/554235225688","4.4","37","Presença digital básica - concorrência","Oi! A loja de vocês em Centro aparece no Google com nota 4.4, mas quem clica não encontra site nem catálogo. Uma página simples resolveria isso rápido — e custa menos do que vocês imaginam. Topa dar uma olhada num exemplo?"
"Dois Sócios Bar e Restaurante","São Pedro","+554736444130","https://wa.me/554736444130","4.4","30","Presença digital básica - concorrência","Oi, tudo bem? Encontrei a loja de vocês que trabalha com lanchonete em São Pedro — nota 4.4 no Google, mas o perfil não ajuda quem pesquisa. Posso montar um modelo gratuito pra vocês verem como ficaria. Interessado?"
"Israel Advocacia","Centro","+554736222268","https://wa.me/554736222268","4.4","29","Presença digital básica - concorrência","Oi, Israel Advocacia! Pesquisei vocês em Centro e a única coisa que achei foi o Google com nota 4.4 — site e catálogo não existem. Um site simples resolve isso rapidinho e evita perder cliente pra concorrência. Posso te mostrar um exemplo?"
"Veterinário 24 horas Mafra sc","Vila Buenos Aires","+5547984476602","https://wa.me/5547984476602","4.4","29","Presença digital básica - concorrência","Olá! O perfil de vocês em Vila Buenos Aires no Google tem nota 4.4, mas não leva ninguém a lugar nenhum — sem site, sem catálogo, sem WhatsApp visível. Enquanto isso, quem pesquisa acaba indo pra concorrência. Um site simples resolve isso. Quer ver uma demonstração?"
"Rita De Cassia Alves Sociedade Individual De Advocacia","Centro","+554736443760","https://wa.me/554736443760","4.4","13","Presença digital básica - concorrência","Oi! Te achei pesquisando lojas na região. Vocês aparecem em Centro com nota 4.4, mas quem pesquisa só encontra o perfil do Google — e nada além disso. E acaba fechando com quem aparece melhor. Uma página simples muda esse jogo. Topa ver como ficaria?"
"Kyrie Canoinhas Hotel","Centro","+5547991159251","https://wa.me/5547991159251","4.3","152","Muitas avaliações - automação/catálogo","Oi! 152 avaliações com nota 4.3 no Google é prova de atendimento consistente — parabéns! Com esse volume, um site com catálogo e agendamento online tiraria peso do WhatsApp e organizaria melhor o fluxo. Topa dar uma olhada num exemplo?"
"Pousada e Restaurante Serrana","Vila de Volta Grande","+5547997689959","https://wa.me/5547997689959","4.3","91","Muitas avaliações - automação/catálogo","Olá, Pousada e Restaurante Serrana! Vi que vocês acumulam 91 avaliações em Vila de Volta Grande com nota 4.3 — um dos perfis mais fortes que achei na região. Um catálogo online deixaria parte do atendimento automática, sem perder qualidade, e abriria espaço pra crescer em horários que hoje ficam parados. Posso te mostrar como funcionaria?"
"Restaurante Esquina do Sabor","Centro II Alto de Mafra","+5547996368216","https://wa.me/5547996368216","4.3","35","Presença digital básica - concorrência","Oi, Restaurante Esquina do Sabor! Encontrei a loja de vocês em Centro II Alto de Mafra no Google, mas o perfil tem pouquíssima informação. Uma página simples conserta isso e ainda ajuda o Google a te achar. Quer ver o que eu faria?"
"Disk Pizza Nunini","Cruzeiro","+554736444004","https://wa.me/554736444004","4.3","20","Presença digital básica - concorrência","Olá! A loja de vocês em Cruzeiro aparece no Google com nota 4.3, mas quem clica não encontra site nem catálogo. Posso te mostrar, em dois minutos, como ficaria a página de vocês. Sem compromisso, quer ver?"
"V12 Pizzaria","Centro","+554736223012","https://wa.me/554736223012","4.3","18","Presença digital básica - concorrência","Oi! Te achei pesquisando lojas na região. Encontrei a loja de vocês em Centro — nota 4.3 no Google, mas o perfil não ajuda quem pesquisa. Uma página simples resolveria isso rápido — e custa menos do que vocês imaginam. Topa dar uma olhada num exemplo?"
"Adriano, Gissele A","Centro","+554736446536","https://wa.me/554736446536","4.3","10","Presença digital básica - concorrência","Oi! Pesquisei vocês em Centro e a única coisa que achei foi o Google com nota 4.3 — site e catálogo não existem. Posso montar um modelo gratuito pra vocês verem como ficaria. Interessado?"
"BioMAX Academia","Vila Nova","+5547991713566","https://wa.me/5547991713566","4.3","7","Presença digital básica - concorrência","Oi, tudo bem? O perfil de vocês em Vila Nova no Google tem nota 4.3, mas não leva ninguém a lugar nenhum — sem site, sem catálogo, sem WhatsApp visível. Um site simples resolve isso rapidinho e evita perder cliente pra concorrência. Posso te mostrar um exemplo?"
"Amor de Bicho Pet Shop e Consultório Veterinário","Centro","+5542991153566","https://wa.me/5542991153566","4.3","7","Presença digital básica - concorrência","Oi, Amor de Bicho Pet Shop e Consultório Veterinário! Vocês aparecem em Centro com nota 4.3, mas quem pesquisa só encontra o perfil do Google — e nada além disso. Enquanto isso, quem pesquisa acaba indo pra concorrência. Um site simples resolve isso. Quer ver uma demonstração?"
"HARMONIE CLÍNICA DE ESTÉTICA PERSONALIZADA","Centro II Alto de Mafra","+5547992303738","https://wa.me/5547992303738","4.3","6","Presença digital básica - concorrência","Oi! Te achei pesquisando lojas na região. Vi a loja de vocês em Centro II Alto de Mafra com nota 4.3 no Google, mas quase sem informações pra quem pesquisa. Um site simples custa pouco e pesa muito na hora do cliente escolher. Posso te enviar um exemplo?"
"Salão Espaço Vip Cabeleireira","São Rafael","+554736445013","https://wa.me/554736445013","4.3","6","Presença digital básica - concorrência","Oi! Encontrei a loja de vocês em São Rafael no Google, mas o perfil tem pouquíssima informação. Um site resolveria isso em poucos dias. Quer ver um modelo?"
"Barbearia Robinho Barber Shop","Centro","+5547991626635","https://wa.me/5547991626635","4.3","4","Presença digital básica - concorrência","Oi, tudo bem? A loja de vocês em Centro aparece no Google com nota 4.3, mas quem clica não encontra site nem catálogo. Uma página simples conserta isso e ainda ajuda o Google a te achar. Quer ver o que eu faria?"
"Hotel Guarany","Centro","+554736228990","https://wa.me/554736228990","4.2","332","Muitas avaliações - automação/catálogo","Oi! Tudo certo? 332 avaliações em Centro com nota 4.2 — a prova está nos números, falta só uma vitrine pra quem chega pelo Google. Com um site, esse trabalho passa a se vender sozinho: catálogo, contato e orçamento sem precisar de atendente. Consigo te mostrar um modelo?"
"HOTEL STILUS Canoinhas SC. 24 h.","Água Verde","+5547996260725","https://wa.me/5547996260725","4.2","286","Muitas avaliações - automação/catálogo","Oi! 286 avaliações com nota 4.2 no Google é prova de atendimento consistente — parabéns! Um site transformaria esse movimento em venda até fora do horário. Posso te mandar um exemplo?"
"Kasarão","Centro","+554736220868","https://wa.me/554736220868","4.2","130","Muitas avaliações - automação/catálogo","Oi! Tudo certo? 130 avaliações em Centro com nota 4.2 — a prova está nos números, falta só uma vitrine pra quem chega pelo Google. Um site transformaria esse movimento em venda até fora do horário. Posso te mandar um exemplo?"
"Tropeiro Restaurante e Churrascaria","Boa Vista","+5542999636389","https://wa.me/5542999636389","4.2","89","Muitas avaliações - automação/catálogo","Oi, pessoal da Tropeiro Restaurante e Churrascaria! 89 avaliações com nota 4.2 no Google é prova de atendimento consistente — parabéns! Um site transformaria esse movimento em venda até fora do horário. Posso te mandar um exemplo?"
"Zito Restaurante","Irineópolis","+554733050390","https://wa.me/554733050390","4.2","39","Presença digital básica - concorrência","Oi! Vocês aparecem em Irineópolis com nota 4.2, mas quem pesquisa só encontra o perfil do Google — e nada além disso. Um site simples resolve isso rapidinho e evita perder cliente pra concorrência. Posso te mostrar um exemplo?"
"Restaurante do Ilustre","Centro","+554736227727","https://wa.me/554736227727","4.2","37","Presença digital básica - concorrência","Oi, tudo bem? A Restaurante do Ilustre em Centro tem nota 4.2, mas sem site, sem catálogo e sem página própria, quem pesquisa nem sabe o que vocês fazem. Enquanto isso, quem pesquisa acaba indo pra concorrência. Um site simples resolve isso. Quer ver uma demonstração?"
"Big pizza em metro filial","Centro","+554734600588","https://wa.me/554734600588","4.2","33","Presença digital básica - concorrência","Oi, Big pizza em metro filial! Vi a loja de vocês em Centro com nota 4.2 no Google, mas quase sem informações pra quem pesquisa. E acaba fechando com quem aparece melhor. Uma página simples muda esse jogo. Topa ver como ficaria?"
"PRONTO VET","Alto das Palmeiras","+5547997435705","https://wa.me/5547997435705","4.2","22","Presença digital básica - concorrência","Olá! Encontrei a loja de vocês em Alto das Palmeiras no Google, mas o perfil tem pouquíssima informação. Um site simples custa pouco e pesa muito na hora do cliente escolher. Posso te enviar um exemplo?"
"Elite Clinica Veterinária","São Cristóvão","+554736235165","https://wa.me/554736235165","4.2","18","Presença digital básica - concorrência","Oi! Te achei pesquisando lojas na região. A loja de vocês em São Cristóvão aparece no Google com nota 4.2, mas quem clica não encontra site nem catálogo. Um site resolveria isso em poucos dias. Quer ver um modelo?"
"Reis & Grossl Advogados Associados","Centro I Baixada","+5547988247383","https://wa.me/5547988247383","4.2","5","Presença digital básica - concorrência","Oi! Encontrei a loja de vocês que trabalha com serviços jurídicos em Centro I Baixada — nota 4.2 no Google, mas o perfil não ajuda quem pesquisa. Uma página simples conserta isso e ainda ajuda o Google a te achar. Quer ver o que eu faria?"
"Maitê Pet Spa","Centro","+5547991411415","https://wa.me/5547991411415","4.2","5","Presença digital básica - concorrência","Oi, tudo bem? Pesquisei vocês em Centro e a única coisa que achei foi o Google com nota 4.2 — site e catálogo não existem. Posso te mostrar, em dois minutos, como ficaria a página de vocês. Sem compromisso, quer ver?"
"Restaurante Norte Sul","industrial","+554736531788","https://wa.me/554736531788","4.1","1424","Muitas avaliações - automação/catálogo","Oi, Restaurante Norte Sul! 1424 avaliações em industrial com nota 4.1 — a prova está nos números, falta só uma vitrine pra quem chega pelo Google. Com um site, esse trabalho passa a se vender sozinho: catálogo, contato e orçamento sem precisar de atendente. Consigo te mostrar um modelo?"
"Romanella","Centro","+554734600340","https://wa.me/554734600340","4.1","787","Muitas avaliações - automação/catálogo","Oi! 787 avaliações em Centro com nota 4.1 — a prova está nos números, falta só uma vitrine pra quem chega pelo Google. Um site transformaria esse movimento em venda até fora do horário. Posso te mandar um exemplo?"
"Cães e Mimos Pet Shop","Vila Nova","+554736420351","https://wa.me/554736420351","4.1","13","Presença digital básica - concorrência","Oi, tudo bem? Encontrei a loja de vocês em Vila Nova no Google, mas o perfil tem pouquíssima informação. E acaba fechando com quem aparece melhor. Uma página simples muda esse jogo. Topa ver como ficaria?"
"Bem me Quero Studio de beleza","Jardim América","+5547988957040","https://wa.me/5547988957040","4.1","9","Presença digital básica - concorrência","Oi, Bem me Quero Studio de beleza! A loja de vocês em Jardim América aparece no Google com nota 4.1, mas quem clica não encontra site nem catálogo. Um site simples custa pouco e pesa muito na hora do cliente escolher. Posso te enviar um exemplo?"
"Restaurante Chodeli","Centro I Baixada","+554736420095","https://wa.me/554736420095","4.1","7","Presença digital básica - concorrência","Olá! Encontrei a loja de vocês em Centro I Baixada — nota 4.1 no Google, mas o perfil não ajuda quem pesquisa. Um site resolveria isso em poucos dias. Quer ver um modelo?"
"AGRIMENSURA E IMOBILIARIA VORI","Centro","+5547999335883","https://wa.me/5547999335883","4.1","7","Presença digital básica - concorrência","Oi! Te achei pesquisando lojas na região. Pesquisei vocês em Centro e a única coisa que achei foi o Google com nota 4.1 — site e catálogo não existem. Uma página simples conserta isso e ainda ajuda o Google a te achar. Quer ver o que eu faria?"
"Du Pizza","Centro","+5547999957559","https://wa.me/5547999957559","4.1","7","Presença digital básica - concorrência","Oi! O perfil de vocês em Centro no Google tem nota 4.1, mas não leva ninguém a lugar nenhum — sem site, sem catálogo, sem WhatsApp visível. Posso te mostrar, em dois minutos, como ficaria a página de vocês. Sem compromisso, quer ver?"
"Pousada e Camping Ilha do Sul","Vila de Volta Grande","+554736460114","https://wa.me/554736460114","4","103","Muitas avaliações - automação/catálogo","Oi! Tudo certo? 103 avaliações em Vila de Volta Grande com nota 4 — a prova está nos números, falta só uma vitrine pra quem chega pelo Google. Com esse volume, um site com catálogo e agendamento online tiraria peso do WhatsApp e organizaria melhor o fluxo. Topa dar uma olhada num exemplo?"
"Companhia da Pizza","Cruzeiro","+554736447750","https://wa.me/554736447750","4","68","Muitas avaliações - automação/catálogo","Oi! 68 avaliações é muita gente atendida — tudo isso com nota 4. Um catálogo online deixaria parte do atendimento automática, sem perder qualidade, e abriria espaço pra crescer em horários que hoje ficam parados. Posso te mostrar como funcionaria?"
"Bendita Brasa Hamburgueria é Espetaria","Vila Nova","+5547999547747","https://wa.me/5547999547747","4","21","Presença digital básica - concorrência","Oi, tudo bem? Vocês aparecem em Vila Nova com nota 4, mas quem pesquisa só encontra o perfil do Google — e nada além disso. Uma página simples resolveria isso rápido — e custa menos do que vocês imaginam. Topa dar uma olhada num exemplo?"
"CONSULTÓRIO ODONTOLÓGICO DRA FABIANA MENEGON","Jardim das Avenidas","+5548999336261","https://wa.me/5548999336261","4","8","Presença digital básica - concorrência","Oi, CONSULTÓRIO ODONTOLÓGICO DRA FABIANA MENEGON! A CONSULTÓRIO ODONTOLÓGICO DRA FABIANA MENEGON em Jardim das Avenidas tem nota 4, mas sem site, sem catálogo e sem página própria, quem pesquisa nem sabe o que vocês fazem. Posso montar um modelo gratuito pra vocês verem como ficaria. Interessado?"
"Med Pet Cães e Gatos","Irineópolis","+5547988169697","https://wa.me/5547988169697","4","4","Presença digital básica - concorrência","Olá! Vi a loja de vocês em Irineópolis com nota 4 no Google, mas quase sem informações pra quem pesquisa. Um site simples resolve isso rapidinho e evita perder cliente pra concorrência. Posso te mostrar um exemplo?"
"Imobiliaria Decasa","Centro","+554736221521","https://wa.me/554736221521","4","4","Presença digital básica - concorrência","Oi! A loja de vocês em Centro aparece no Google com nota 4, mas quem clica não encontra site nem catálogo. E acaba fechando com quem aparece melhor. Uma página simples muda esse jogo. Topa ver como ficaria?"
"Gringo Burguer","Rio Negrinho","+5547991922488","https://wa.me/5547991922488","4","4","Presença digital básica - concorrência","Oi, tudo bem? Encontrei a loja de vocês que trabalha com hamburgueria em Rio Negrinho — nota 4 no Google, mas o perfil não ajuda quem pesquisa. Um site simples custa pouco e pesa muito na hora do cliente escolher. Posso te enviar um exemplo?"
"Pilates Bruna Réus","Itapuã","+5548996180706","https://wa.me/5548996180706","4","3","Presença digital básica - concorrência","Oi, Pilates Bruna Réus! Pesquisei vocês em Itapuã e a única coisa que achei foi o Google com nota 4 — site e catálogo não existem. Um site resolveria isso em poucos dias. Quer ver um modelo?"
"Denise Salão de Beleza","Centro","+5547992041883","https://wa.me/5547992041883","4","2","Presença digital básica - concorrência","Olá! O perfil de vocês em Centro no Google tem nota 4, mas não leva ninguém a lugar nenhum — sem site, sem catálogo, sem WhatsApp visível. Uma página simples conserta isso e ainda ajuda o Google a te achar. Quer ver o que eu faria?"
"Zeus Pet Shop","Cidade Nova","+5542991483405","https://wa.me/5542991483405","4","2","Presença digital básica - concorrência","Oi! Te achei pesquisando lojas na região. Vocês aparecem em Cidade Nova com nota 4, mas quem pesquisa só encontra o perfil do Google — e nada além disso. Posso te mostrar, em dois minutos, como ficaria a página de vocês. Sem compromisso, quer ver?"
"Zipperer Advocacia","Centro","+554736443947","https://wa.me/554736443947","4","1","Presença digital básica - concorrência","Oi! A Zipperer Advocacia em Centro tem nota 4, mas sem site, sem catálogo e sem página própria, quem pesquisa nem sabe o que vocês fazem. Uma página simples resolveria isso rápido — e custa menos do que vocês imaginam. Topa dar uma olhada num exemplo?"
"DeSouza Advocacia","KM2","+554736230932","https://wa.me/554736230932","4","1","Presença digital básica - concorrência","Oi, tudo bem? Vi a loja de vocês em KM2 com nota 4 no Google, mas quase sem informações pra quem pesquisa. Posso montar um modelo gratuito pra vocês verem como ficaria. Interessado?"
"Rio Negro Hotel","Centro","+554736455019","https://wa.me/554736455019","3.9","303","Muitas avaliações - automação/catálogo","Oi, Rio Negro Hotel! Vi que vocês acumulam 303 avaliações em Centro com nota 3.9 — um dos perfis mais fortes que achei na região. Um catálogo online deixaria parte do atendimento automática, sem perder qualidade, e abriria espaço pra crescer em horários que hoje ficam parados. Posso te mostrar como funcionaria?"
"Lanchonete E Restaurante Art Grill","Papanduva","+554736531475","https://wa.me/554736531475","3.9","16","Presença digital básica - concorrência","Oi, Lanchonete E Restaurante Art Grill! Encontrei a loja de vocês em Papanduva no Google, mas o perfil tem pouquíssima informação. Um site simples resolve isso rapidinho e evita perder cliente pra concorrência. Posso te mostrar um exemplo?"
"Hotel Lageana","Três Barras","+554736230178","https://wa.me/554736230178","3.8","79","Muitas avaliações - automação/catálogo","Olá, Hotel Lageana! 79 avaliações em Três Barras com nota 3.8 — a prova está nos números, falta só uma vitrine pra quem chega pelo Google. Com um site, esse trabalho passa a se vender sozinho: catálogo, contato e orçamento sem precisar de atendente. Consigo te mostrar um modelo?"
"Lanchonete & Pizzaria do João Pirogueiro","Irineópolis","+5547991023032","https://wa.me/5547991023032","3.7","7","Presença digital básica - concorrência","Oi! Te achei pesquisando lojas na região. Encontrei a loja de vocês que trabalha com restaurante em Irineópolis — nota 3.7 no Google, mas o perfil não ajuda quem pesquisa. E acaba fechando com quem aparece melhor. Uma página simples muda esse jogo. Topa ver como ficaria?"
"Pizzaria do Negão","Santa Rosa","+554235245370","https://wa.me/554235245370","3.7","7","Presença digital básica - concorrência","Oi! Pesquisei vocês em Santa Rosa e a única coisa que achei foi o Google com nota 3.7 — site e catálogo não existem. Um site simples custa pouco e pesa muito na hora do cliente escolher. Posso te enviar um exemplo?"
"Cerimônialista Roseny Borges","Mina União","+5592992809609","https://wa.me/5592992809609","3.7","3","Presença digital básica - concorrência","Oi, tudo bem? O perfil de vocês em Mina União no Google tem nota 3.7, mas não leva ninguém a lugar nenhum — sem site, sem catálogo, sem WhatsApp visível. Um site resolveria isso em poucos dias. Quer ver um modelo?"
"Clínica Cepaas Araranguá","Centro","+554835220003","https://wa.me/554835220003","3.6","75","Muitas avaliações - automação/catálogo","Oi, Clínica Cepaas Araranguá! 75 avaliações em Centro com nota 3.6 — a prova está nos números, falta só uma vitrine pra quem chega pelo Google. Um site transformaria esse movimento em venda até fora do horário. Posso te mandar um exemplo?"
"Dr Fabiano André de Sá","Vila Nova","+554736442633","https://wa.me/554736442633","3.6","5","Presença digital básica - concorrência","Olá! A Dr Fabiano André de Sá em Vila Nova tem nota 3.6, mas sem site, sem catálogo e sem página própria, quem pesquisa nem sabe o que vocês fazem. Posso te mostrar, em dois minutos, como ficaria a página de vocês. Sem compromisso, quer ver?"
"Clínica Odontológica Sorriliz","Coloninha","+5548988223720","https://wa.me/5548988223720","3.5","6","Presença digital básica - concorrência","Oi! Te achei pesquisando lojas na região. Vi a loja de vocês em Coloninha com nota 3.5 no Google, mas quase sem informações pra quem pesquisa. Uma página simples resolveria isso rápido — e custa menos do que vocês imaginam. Topa dar uma olhada num exemplo?"
"Antônio César Nassif","Centro I Baixada","+554736422680","https://wa.me/554736422680","3.4","8","Presença digital básica - concorrência","Oi! Encontrei a loja de vocês em Centro I Baixada no Google, mas o perfil tem pouquíssima informação. Posso montar um modelo gratuito pra vocês verem como ficaria. Interessado?"
"Lemarri Studio De Beleza","Jardim América","+5547997805066","https://wa.me/5547997805066","3","2","Presença digital básica - concorrência","Oi, tudo bem? A loja de vocês em Jardim América aparece no Google com nota 3, mas quem clica não encontra site nem catálogo. Um site simples resolve isso rapidinho e evita perder cliente pra concorrência. Posso te mostrar um exemplo?"
"Odonto Excellence Forquilhinha SC","Centro","+554834633157","https://wa.me/554834633157","2.8","27","Presença digital básica - concorrência","Oi, Odonto Excellence Forquilhinha SC! Encontrei a loja de vocês que trabalha com dentista em Centro — nota 2.8 no Google, mas o perfil não ajuda quem pesquisa. Enquanto isso, quem pesquisa acaba indo pra concorrência. Um site simples resolve isso. Quer ver uma demonstração?"
"Escritório de Advocacia Tatiane Cristina Carvalho","Centro","+5547996380180","https://wa.me/5547996380180","2.5","2","Presença digital básica - concorrência","Olá! Pesquisei vocês em Centro e a única coisa que achei foi o Google com nota 2.5 — site e catálogo não existem. E acaba fechando com quem aparece melhor. Uma página simples muda esse jogo. Topa ver como ficaria?"
"Clinica Médica Dr. Ricardo Bassan Médico CRM 18400","Centro","+554235212240","https://wa.me/554235212240","2.1","7","Presença digital básica - concorrência","Oi! Te achei pesquisando lojas na região. O perfil de vocês em Centro no Google tem nota 2.1, mas não leva ninguém a lugar nenhum — sem site, sem catálogo, sem WhatsApp visível. Um site simples custa pouco e pesa muito na hora do cliente escolher. Posso te enviar um exemplo?"
"Scabury de Oliveira Advocacia","Centro","+554736446357","https://wa.me/554736446357","2","1","Presença digital básica - concorrência","Oi! Vocês aparecem em Centro com nota 2, mas quem pesquisa só encontra o perfil do Google — e nada além disso. Um site resolveria isso em poucos dias. Quer ver um modelo?"
"Allickatt pousada rural","Bela Vista","+5547997472557","https://wa.me/5547997472557","2","1","Presença digital básica - concorrência","Oi, tudo bem? A Allickatt pousada rural em Bela Vista tem nota 2, mas sem site, sem catálogo e sem página própria, quem pesquisa nem sabe o que vocês fazem. Uma página simples conserta isso e ainda ajuda o Google a te achar. Quer ver o que eu faria?"
"Di'Paullu's Cabeleireiros","Itaiópolis","+554736522451","https://wa.me/554736522451","1.5","2","Presença digital básica - concorrência","Oi, Di'Paullu's Cabeleireiros! Vi a loja de vocês em Itaiópolis com nota 1.5 no Google, mas quase sem informações pra quem pesquisa. Posso te mostrar, em dois minutos, como ficaria a página de vocês. Sem compromisso, quer ver?"
"Maia Festas","Centro","+5547988716799","https://wa.me/5547988716799","1","1","Presença digital básica - concorrência","Olá! Encontrei a loja de vocês em Centro no Google, mas o perfil tem pouquíssima informação. Uma página simples resolveria isso rápido — e custa menos do que vocês imaginam. Topa dar uma olhada num exemplo?"
"Santa Massa Pizzaria","Centro","+5547996322313","https://wa.me/5547996322313","1","1","Presença digital básica - concorrência","Oi! Te achei pesquisando lojas na região. A loja de vocês em Centro aparece no Google com nota 1, mas quem clica não encontra site nem catálogo. Posso montar um modelo gratuito pra vocês verem como ficaria. Interessado?"
"Centro de Terapias Integrativas e Estética Suelin Gruber","Cruzeiro","+5547999545714","https://wa.me/5547999545714","—","—","Presença digital básica - concorrência","Oi! Encontrei a loja de vocês que trabalha com terapeuta em Cruzeiro — no Google, mas o perfil não ajuda quem pesquisa. Um site simples resolve isso rapidinho e evita perder cliente pra concorrência. Posso te mostrar um exemplo?"
"Reabilitar Fisioterapia e Estética","Papanduva","+5547992884774","https://wa.me/5547992884774","—","—","Presença digital básica - concorrência","Oi, tudo bem? Pesquisei vocês em Papanduva e a única coisa que achei foi o Google — site e catálogo não existem. Enquanto isso, quem pesquisa acaba indo pra concorrência. Um site simples resolve isso. Quer ver uma demonstração?"
"Reabilitar Fisioterapia e Estética - Papanduva","Centro","+5547984845562","https://wa.me/5547984845562","—","—","Presença digital básica - concorrência","Oi, Reabilitar Fisioterapia e Estética - Papanduva! O perfil de vocês em Centro no Google tem, mas não leva ninguém a lugar nenhum — sem site, sem catálogo, sem WhatsApp visível. E acaba fechando com quem aparece melhor. Uma página simples muda esse jogo. Topa ver como ficaria?"
"Barbearia Guilherme","Centro","+5547989171471","https://wa.me/5547989171471","—","—","Presença digital básica - concorrência","Olá! Vocês aparecem em Centro, mas quem pesquisa só encontra o perfil do Google — e nada além disso. Um site simples custa pouco e pesa muito na hora do cliente escolher. Posso te enviar um exemplo?"
"Thami Marafigo Lash Designer","Bairro hospital","+5547992560684","https://wa.me/5547992560684","—","—","Presença digital básica - concorrência","Oi! Te achei pesquisando lojas na região. A Thami Marafigo Lash Designer em Bairro hospital tem, mas sem site, sem catálogo e sem página própria, quem pesquisa nem sabe o que vocês fazem. Um site resolveria isso em poucos dias. Quer ver um modelo?"
"Harmony Barbearia","Centro","+5547984987617","https://wa.me/5547984987617","—","—","Presença digital básica - concorrência","Oi! Vi a loja de vocês em Centro no Google, mas quase sem informações pra quem pesquisa. Uma página simples conserta isso e ainda ajuda o Google a te achar. Quer ver o que eu faria?"
"Ruher Barbearia","Rio Negrinho","+5547992612338","https://wa.me/5547992612338","—","—","Presença digital básica - concorrência","Oi, tudo bem? Encontrei a loja de vocês em Rio Negrinho no Google, mas o perfil tem pouquíssima informação. Posso te mostrar, em dois minutos, como ficaria a página de vocês. Sem compromisso, quer ver?"
"Studio Pilates Daiane Levandoski","Vila Nova","+5547999285519","https://wa.me/5547999285519","—","—","Presença digital básica - concorrência","Oi, Studio Pilates Daiane Levandoski! A loja de vocês em Vila Nova aparece no Google, mas quem clica não encontra site nem catálogo. Uma página simples resolveria isso rápido — e custa menos do que vocês imaginam. Topa dar uma olhada num exemplo?"
"LEBEN- Estúdio de Pilates e Fisioterapia","Santa Cruz do Timbó","+5542999894814","https://wa.me/5542999894814","—","—","Presença digital básica - concorrência","Olá! Encontrei a loja de vocês em Santa Cruz do Timbó — no Google, mas o perfil não ajuda quem pesquisa. Posso montar um modelo gratuito pra vocês verem como ficaria. Interessado?"
"Ana Carolina Studio de Beleza","","+5547997928343","https://wa.me/5547997928343","—","—","Presença digital básica - concorrência","Oi! Te achei pesquisando lojas na região. Pesquisei vocês e a única coisa que achei foi o Google — site e catálogo não existem. Um site simples resolve isso rapidinho e evita perder cliente pra concorrência. Posso te mostrar um exemplo?"
"Espaço Pilates Studio","Centro I Baixada","+5547988694252","https://wa.me/5547988694252","—","—","Presença digital básica - concorrência","Oi! O perfil de vocês em Centro I Baixada no Google tem, mas não leva ninguém a lugar nenhum — sem site, sem catálogo, sem WhatsApp visível. Enquanto isso, quem pesquisa acaba indo pra concorrência. Um site simples resolve isso. Quer ver uma demonstração?"
"Amicci Pilates","CENTRO","+5547988353992","https://wa.me/5547988353992","—","—","Presença digital básica - concorrência","Oi, tudo bem? Vocês aparecem em CENTRO, mas quem pesquisa só encontra o perfil do Google — e nada além disso. E acaba fechando com quem aparece melhor. Uma página simples muda esse jogo. Topa ver como ficaria?"
"La' Belli Salão de Beleza","Centro II Alto de Mafra","+5547984829954","https://wa.me/5547984829954","—","—","Presença digital básica - concorrência","Oi, La' Belli Salão de Beleza! A La' Belli Salão de Beleza em Centro II Alto de Mafra tem, mas sem site, sem catálogo e sem página própria, quem pesquisa nem sabe o que vocês fazem. Um site simples custa pouco e pesa muito na hora do cliente escolher. Posso te enviar um exemplo?"
"Salão de beleza Grazy","Centro","+5547992314799","https://wa.me/5547992314799","—","—","Presença digital básica - concorrência","Olá! Vi a loja de vocês em Centro no Google, mas quase sem informações pra quem pesquisa. Um site resolveria isso em poucos dias. Quer ver um modelo?"
"Maria's Studio de Beleza","Interior","+5547997817869","https://wa.me/5547997817869","—","—","Presença digital básica - concorrência","Oi! Te achei pesquisando lojas na região. Encontrei a loja de vocês em Interior no Google, mas o perfil tem pouquíssima informação. Uma página simples conserta isso e ainda ajuda o Google a te achar. Quer ver o que eu faria?"
"Studio Janaina Szostak - Musculação e Pilates","Centro","+5547997172486","https://wa.me/5547997172486","—","—","Presença digital básica - concorrência","Oi! A loja de vocês em Centro aparece no Google, mas quem clica não encontra site nem catálogo. Posso te mostrar, em dois minutos, como ficaria a página de vocês. Sem compromisso, quer ver?"
"Performance Active Ltda","Centro","+5547999065293","https://wa.me/5547999065293","—","—","Presença digital básica - concorrência","Oi, tudo bem? Encontrei a loja de vocês que trabalha com estúdio de pilates em Centro — no Google, mas o perfil não ajuda quem pesquisa. Uma página simples resolveria isso rápido — e custa menos do que vocês imaginam. Topa dar uma olhada num exemplo?"
"Studio Fitness Bk","","+5547996772914","https://wa.me/5547996772914","—","—","Presença digital básica - concorrência","Oi, Studio Fitness Bk! Pesquisei vocês e a única coisa que achei foi o Google — site e catálogo não existem. Posso montar um modelo gratuito pra vocês verem como ficaria. Interessado?"
"Japa Personal Trainer","Vila Nova","+5547997421934","https://wa.me/5547997421934","—","—","Presença digital básica - concorrência","Olá! O perfil de vocês em Vila Nova no Google tem, mas não leva ninguém a lugar nenhum — sem site, sem catálogo, sem WhatsApp visível. Um site simples resolve isso rapidinho e evita perder cliente pra concorrência. Posso te mostrar um exemplo?"
"Team Panda Boxe","Centro","+5547999742118","https://wa.me/5547999742118","—","—","Presença digital básica - concorrência","Oi! Te achei pesquisando lojas na região. Vocês aparecem em Centro, mas quem pesquisa só encontra o perfil do Google — e nada além disso. Enquanto isso, quem pesquisa acaba indo pra concorrência. Um site simples resolve isso. Quer ver uma demonstração?"
"Espaço Paulo Saores","Centro","+5547999966767","https://wa.me/5547999966767","—","—","Presença digital básica - concorrência","Oi! A Espaço Paulo Saores em Centro tem, mas sem site, sem catálogo e sem página própria, quem pesquisa nem sabe o que vocês fazem. E acaba fechando com quem aparece melhor. Uma página simples muda esse jogo. Topa ver como ficaria?"
"Eduardo F. Migliorini - Advocacia e Consultoria Jurídica","Mafra","+5547992429545","https://wa.me/5547992429545","—","—","Presença digital básica - concorrência","Oi, tudo bem? Vi a loja de vocês em Mafra no Google, mas quase sem informações pra quem pesquisa. Um site simples custa pouco e pesa muito na hora do cliente escolher. Posso te enviar um exemplo?"
"CAFA","Cidade Nova","+5547933815419","https://wa.me/5547933815419","—","—","Presença digital básica - concorrência","Oi, CAFA! Encontrei a loja de vocês em Cidade Nova no Google, mas o perfil tem pouquíssima informação. Um site resolveria isso em poucos dias. Quer ver um modelo?"
"SEPKA E FARIAS ADVOCACIA","Centro I Baixada","+5547997084319","https://wa.me/5547997084319","—","—","Presença digital básica - concorrência","Olá! A loja de vocês em Centro I Baixada aparece no Google, mas quem clica não encontra site nem catálogo. Uma página simples conserta isso e ainda ajuda o Google a te achar. Quer ver o que eu faria?"
"Só alegria festa infantis","Sossego","+554736221008","https://wa.me/554736221008","—","—","Presença digital básica - concorrência","Oi! Te achei pesquisando lojas na região. Encontrei a loja de vocês que trabalha com buffet infantil em Sossego — no Google, mas o perfil não ajuda quem pesquisa. Posso te mostrar, em dois minutos, como ficaria a página de vocês. Sem compromisso, quer ver?"
"Advocacia - Dra. Simone Ellwanger Gelbcke","Centro","+554736521117","https://wa.me/554736521117","—","—","Presença digital básica - concorrência","Oi! Pesquisei vocês em Centro e a única coisa que achei foi o Google — site e catálogo não existem. Uma página simples resolveria isso rápido — e custa menos do que vocês imaginam. Topa dar uma olhada num exemplo?"
"Witt Advocacia","Centro II Alto de Mafra","+554732719093","https://wa.me/554732719093","—","—","Presença digital básica - concorrência","Oi, tudo bem? O perfil de vocês em Centro II Alto de Mafra no Google tem, mas não leva ninguém a lugar nenhum — sem site, sem catálogo, sem WhatsApp visível. Posso montar um modelo gratuito pra vocês verem como ficaria. Interessado?"
"Bfc Advocacia","Centro I Baixada","+554736450922","https://wa.me/554736450922","—","—","Presença digital básica - concorrência","Oi, Bfc Advocacia! Vocês aparecem em Centro I Baixada, mas quem pesquisa só encontra o perfil do Google — e nada além disso. Um site simples resolve isso rapidinho e evita perder cliente pra concorrência. Posso te mostrar um exemplo?"
"Marcos Wolf Cerimonialista","Espigão do Bugre","+5547988812813","https://wa.me/5547988812813","—","—","Presença digital básica - concorrência","Oi! Te achei pesquisando lojas na região. Vi a loja de vocês em Espigão do Bugre no Google, mas quase sem informações pra quem pesquisa. E acaba fechando com quem aparece melhor. Uma página simples muda esse jogo. Topa ver como ficaria?"
"Flores & Krambeck Advocacia","Centro I Baixada","+5547991642900","https://wa.me/5547991642900","—","—","Presença digital básica - concorrência","Oi! Encontrei a loja de vocês em Centro I Baixada no Google, mas o perfil tem pouquíssima informação. Um site simples custa pouco e pesa muito na hora do cliente escolher. Posso te enviar um exemplo?"
"SL Advocacia Lourenço e Schmidt","Centro","+554736228672","https://wa.me/554736228672","—","—","Presença digital básica - concorrência","Oi, tudo bem? A loja de vocês em Centro aparece no Google, mas quem clica não encontra site nem catálogo. Um site resolveria isso em poucos dias. Quer ver um modelo?"
"Cerimoniais VioliLaCello","Bela Vista","+5547989154146","https://wa.me/5547989154146","—","—","Presença digital básica - concorrência","Oi, Cerimoniais VioliLaCello! Encontrei a loja de vocês em Bela Vista — no Google, mas o perfil não ajuda quem pesquisa. Uma página simples conserta isso e ainda ajuda o Google a te achar. Quer ver o que eu faria?"
"Fernanda Weldt - Arquitetura e Interiores","Centro","+5547999737682","https://wa.me/5547999737682","—","—","Presença digital básica - concorrência","Olá! Pesquisei vocês em Centro e a única coisa que achei foi o Google — site e catálogo não existem. Posso te mostrar, em dois minutos, como ficaria a página de vocês. Sem compromisso, quer ver?"
"Andre Schwartz ArQ studio","Centro II Alto de Mafra","+5547988386909","https://wa.me/5547988386909","—","—","Presença digital básica - concorrência","Oi! Te achei pesquisando lojas na região. O perfil de vocês em Centro II Alto de Mafra no Google tem, mas não leva ninguém a lugar nenhum — sem site, sem catálogo, sem WhatsApp visível. Uma página simples resolveria isso rápido — e custa menos do que vocês imaginam. Topa dar uma olhada num exemplo?"
"Leticia Becker Arquitetura","Jardim do Moinho","+5547988248844","https://wa.me/5547988248844","—","—","Presença digital básica - concorrência","Oi! Vocês aparecem em Jardim do Moinho, mas quem pesquisa só encontra o perfil do Google — e nada além disso. Posso montar um modelo gratuito pra vocês verem como ficaria. Interessado?"
"LaBelle Home Design","Centro","+5547992655016","https://wa.me/5547992655016","—","—","Presença digital básica - concorrência","Olá! Encontrei a loja de vocês em Centro no Google, mas o perfil tem pouquíssima informação. E acaba fechando com quem aparece melhor. Uma página simples muda esse jogo. Topa ver como ficaria?"
"Millennials Arquitetura","Centro","+5547988218919","https://wa.me/5547988218919","—","—","Presença digital básica - concorrência","Oi! Te achei pesquisando lojas na região. A loja de vocês em Centro aparece no Google, mas quem clica não encontra site nem catálogo. Um site simples custa pouco e pesa muito na hora do cliente escolher. Posso te enviar um exemplo?"
"Arqbella - Design e Decoração","Centro II Alto de Mafra","+5547996331399","https://wa.me/5547996331399","—","—","Presença digital básica - concorrência","Oi! Encontrei a loja de vocês que trabalha com serviço de design de projetos em Centro II Alto de Mafra — no Google, mas o perfil não ajuda quem pesquisa. Um site resolveria isso em poucos dias. Quer ver um modelo?"
"Neppel de Borba Arquitetura e Engenharia","Centro","+5547991756225","https://wa.me/5547991756225","—","—","Presença digital básica - concorrência","Oi, tudo bem? Pesquisei vocês em Centro e a única coisa que achei foi o Google — site e catálogo não existem. Uma página simples conserta isso e ainda ajuda o Google a te achar. Quer ver o que eu faria?"
"Juliellen Eloise Arquitetura e Interiores","","+5542998408993","https://wa.me/5542998408993","—","—","Presença digital básica - concorrência","Oi, Juliellen Eloise Arquitetura e Interiores! O perfil de vocês no Google tem, mas não leva ninguém a lugar nenhum — sem site, sem catálogo, sem WhatsApp visível. Posso te mostrar, em dois minutos, como ficaria a página de vocês. Sem compromisso, quer ver?"
"Green House Arquitetura","","+5547992174325","https://wa.me/5547992174325","—","—","Presença digital básica - concorrência","Olá! Vocês aparecem, mas quem pesquisa só encontra o perfil do Google — e nada além disso. Uma página simples resolveria isso rápido — e custa menos do que vocês imaginam. Topa dar uma olhada num exemplo?"
"Nutricionista Aline Azevedo","Centro","+5547999268218","https://wa.me/5547999268218","—","—","Presença digital básica - concorrência","Oi! Te achei pesquisando lojas na região. A Nutricionista Aline Azevedo em Centro tem, mas sem site, sem catálogo e sem página própria, quem pesquisa nem sabe o que vocês fazem. Posso montar um modelo gratuito pra vocês verem como ficaria. Interessado?"
"Fisioterapia Ortopédica Dra Marina Grossl","Centro","+5547999583626","https://wa.me/5547999583626","—","—","Presença digital básica - concorrência","Oi! Vi a loja de vocês em Centro no Google, mas quase sem informações pra quem pesquisa. Um site simples resolve isso rapidinho e evita perder cliente pra concorrência. Posso te mostrar um exemplo?"
"Juliane Sabatke Nutricionista","Centro","+5547999180388","https://wa.me/5547999180388","—","—","Presença digital básica - concorrência","Oi, Juliane Sabatke Nutricionista! A loja de vocês em Centro aparece no Google, mas quem clica não encontra site nem catálogo. E acaba fechando com quem aparece melhor. Uma página simples muda esse jogo. Topa ver como ficaria?"
"Dr. Vinicius EduardoBobrowicz - Fisioterapeuta","São Pedro","+5542999554953","https://wa.me/5542999554953","—","—","Presença digital básica - concorrência","Olá! Encontrei a loja de vocês que trabalha com serviço de assistência médica domiciliar em São Pedro — no Google, mas o perfil não ajuda quem pesquisa. Um site simples custa pouco e pesa muito na hora do cliente escolher. Posso te enviar um exemplo?"
"Ozzy Dog","Vila Ferroviaria","+5547991544918","https://wa.me/5547991544918","—","—","Presença digital básica - concorrência","Oi! Te achei pesquisando lojas na região. Pesquisei vocês em Vila Ferroviaria e a única coisa que achei foi o Google — site e catálogo não existem. Um site resolveria isso em poucos dias. Quer ver um modelo?"
"Nutricionista Thiago Hermann","Santa Rosa","+5542999973881","https://wa.me/5542999973881","—","—","Presença digital básica - concorrência","Oi! O perfil de vocês em Santa Rosa no Google tem, mas não leva ninguém a lugar nenhum — sem site, sem catálogo, sem WhatsApp visível. Uma página simples conserta isso e ainda ajuda o Google a te achar. Quer ver o que eu faria?"
"Fisio e Forma","Centro","+554736225202","https://wa.me/554736225202","—","—","Presença digital básica - concorrência","Oi, tudo bem? Vocês aparecem em Centro, mas quem pesquisa só encontra o perfil do Google — e nada além disso. Posso te mostrar, em dois minutos, como ficaria a página de vocês. Sem compromisso, quer ver?"
"Dog Food Rações","Vila Ivete","+5547989109464","https://wa.me/5547989109464","—","—","Presença digital básica - concorrência","Oi, Dog Food Rações! A Dog Food Rações em Vila Ivete tem, mas sem site, sem catálogo e sem página própria, quem pesquisa nem sabe o que vocês fazem. Uma página simples resolveria isso rápido — e custa menos do que vocês imaginam. Topa dar uma olhada num exemplo?"
"CliniTerapia","Centro","+5547992466502","https://wa.me/5547992466502","—","—","Presença digital básica - concorrência","Olá! Vi a loja de vocês em Centro no Google, mas quase sem informações pra quem pesquisa. Posso montar um modelo gratuito pra vocês verem como ficaria. Interessado?"
"Dra.Sibele Cristine Kerscher Milbauer/Fisioterapia e Pilates","Vila Nova","+5547991899955","https://wa.me/5547991899955","—","—","Presença digital básica - concorrência","Oi! Te achei pesquisando lojas na região. Encontrei a loja de vocês em Vila Nova no Google, mas o perfil tem pouquíssima informação. Um site simples resolve isso rapidinho e evita perder cliente pra concorrência. Posso te mostrar um exemplo?"
"Clínica AR de Fisioterapia & Pilates","Três Barras","+5547996011579","https://wa.me/5547996011579","—","—","Presença digital básica - concorrência","Oi, tudo bem? Encontrei a loja de vocês que trabalha com fisioterapeuta em Três Barras — no Google, mas o perfil não ajuda quem pesquisa. E acaba fechando com quem aparece melhor. Uma página simples muda esse jogo. Topa ver como ficaria?"
"Fisioterapia Vanessa Cristina Warkentin","Centro I Baixada","+5547988478999","https://wa.me/5547988478999","—","—","Presença digital básica - concorrência","Oi, Fisioterapia Vanessa Cristina Warkentin! Pesquisei vocês em Centro I Baixada e a única coisa que achei foi o Google — site e catálogo não existem. Um site simples custa pouco e pesa muito na hora do cliente escolher. Posso te enviar um exemplo?"
"Auau Pet Shop s/a","Boa Vista","+5547988469113","https://wa.me/5547988469113","—","—","Presença digital básica - concorrência","Olá! O perfil de vocês em Boa Vista no Google tem, mas não leva ninguém a lugar nenhum — sem site, sem catálogo, sem WhatsApp visível. Um site resolveria isso em poucos dias. Quer ver um modelo?"
"Peludos & Charmosos","Centro","+5547997014175","https://wa.me/5547997014175","—","—","Presença digital básica - concorrência","Oi! Te achei pesquisando lojas na região. Vocês aparecem em Centro, mas quem pesquisa só encontra o perfil do Google — e nada além disso. Uma página simples conserta isso e ainda ajuda o Google a te achar. Quer ver o que eu faria?"
"Talita Guedes Reabilitação de Alta Performance","Centro","+5547988363645","https://wa.me/5547988363645","—","—","Presença digital básica - concorrência","Oi! A Talita Guedes Reabilitação de Alta Performance em Centro tem, mas sem site, sem catálogo e sem página própria, quem pesquisa nem sabe o que vocês fazem. Posso te mostrar, em dois minutos, como ficaria a página de vocês. Sem compromisso, quer ver?"
"Dra Daiane Petters","Centro","+5547997180618","https://wa.me/5547997180618","—","—","Presença digital básica - concorrência","Oi, tudo bem? Vi a loja de vocês em Centro no Google, mas quase sem informações pra quem pesquisa. Uma página simples resolveria isso rápido — e custa menos do que vocês imaginam. Topa dar uma olhada num exemplo?"
"Helen Fin - Nutricionista","","+5547988462547","https://wa.me/5547988462547","—","—","Presença digital básica - concorrência","Oi, Helen Fin - Nutricionista! Encontrei a loja de vocês no Google, mas o perfil tem pouquíssima informação. Posso montar um modelo gratuito pra vocês verem como ficaria. Interessado?"
"Olivia Beauty","Canoinhas","+5547997571071","https://wa.me/5547997571071","—","—","Presença digital básica - concorrência","Olá! A loja de vocês em Canoinhas aparece no Google, mas quem clica não encontra site nem catálogo. Um site simples resolve isso rapidinho e evita perder cliente pra concorrência. Posso te mostrar um exemplo?"
"Psicoclin - Consultório de Psicologia","Alto de Mafra","+5547999330663","https://wa.me/5547999330663","—","—","Presença digital básica - concorrência","Oi! Te achei pesquisando lojas na região. Encontrei a loja de vocês que trabalha com serviço de saúde mental em Alto de Mafra — no Google, mas o perfil não ajuda quem pesquisa. Enquanto isso, quem pesquisa acaba indo pra concorrência. Um site simples resolve isso. Quer ver uma demonstração?"
"Michele Pereira da Silva","","+5542999140871","https://wa.me/5542999140871","—","—","Presença digital básica - concorrência","Oi! Pesquisei vocês e a única coisa que achei foi o Google — site e catálogo não existem. E acaba fechando com quem aparece melhor. Uma página simples muda esse jogo. Topa ver como ficaria?"
"Ivi Venturi Cursos","","+5547999248544","https://wa.me/5547999248544","—","—","Presença digital básica - concorrência","Oi, tudo bem? O perfil de vocês no Google tem, mas não leva ninguém a lugar nenhum — sem site, sem catálogo, sem WhatsApp visível. Um site simples custa pouco e pesa muito na hora do cliente escolher. Posso te enviar um exemplo?"
"Gisele Zech Psicóloga","Centro","+5547992275128","https://wa.me/5547992275128","—","—","Presença digital básica - concorrência","Oi, Gisele Zech Psicóloga! Vocês aparecem em Centro, mas quem pesquisa só encontra o perfil do Google — e nada além disso. Um site resolveria isso em poucos dias. Quer ver um modelo?"
"acessório pet quatro patas","São Cristóvão","+5547991574096","https://wa.me/5547991574096","—","—","Presença digital básica - concorrência","Olá! A acessório pet quatro patas em São Cristóvão tem, mas sem site, sem catálogo e sem página própria, quem pesquisa nem sabe o que vocês fazem. Uma página simples conserta isso e ainda ajuda o Google a te achar. Quer ver o que eu faria?"
"Marciano Beninca Corretor de Imóveis","Centro","+554736521594","https://wa.me/554736521594","—","—","Presença digital básica - concorrência","Oi! Te achei pesquisando lojas na região. Vi a loja de vocês em Centro no Google, mas quase sem informações pra quem pesquisa. Posso te mostrar, em dois minutos, como ficaria a página de vocês. Sem compromisso, quer ver?"
"Lidiane Duvoisin","","+5547996666711","https://wa.me/5547996666711","—","—","Presença digital básica - concorrência","Oi! Encontrei a loja de vocês no Google, mas o perfil tem pouquíssima informação. Uma página simples resolveria isso rápido — e custa menos do que vocês imaginam. Topa dar uma olhada num exemplo?"
"Meu Labirinto Canoinhas","","+5548992212550","https://wa.me/5548992212550","—","—","Presença digital básica - concorrência","Oi, tudo bem? A loja de vocês aparece no Google, mas quem clica não encontra site nem catálogo. Posso montar um modelo gratuito pra vocês verem como ficaria. Interessado?"
"Dra. Kerlin Microfisioterapia","","+5542999383261","https://wa.me/5542999383261","—","—","Presença digital básica - concorrência","Oi, Dra. Kerlin Microfisioterapia! Encontrei a loja de vocês que trabalha com fisioterapeuta — no Google, mas o perfil não ajuda quem pesquisa. Um site simples resolve isso rapidinho e evita perder cliente pra concorrência. Posso te mostrar um exemplo?"
"Dra.Gabrielli Nunes","","+5547991546673","https://wa.me/5547991546673","—","—","Presença digital básica - concorrência","Olá! Pesquisei vocês e a única coisa que achei foi o Google — site e catálogo não existem. Enquanto isso, quem pesquisa acaba indo pra concorrência. Um site simples resolve isso. Quer ver uma demonstração?"
"Elton Pinheiro","","+5547996441517","https://wa.me/5547996441517","—","—","Presença digital básica - concorrência","Oi! Te achei pesquisando lojas na região. O perfil de vocês no Google tem, mas não leva ninguém a lugar nenhum — sem site, sem catálogo, sem WhatsApp visível. E acaba fechando com quem aparece melhor. Uma página simples muda esse jogo. Topa ver como ficaria?"
"Ariane Gomes","","+5547997113763","https://wa.me/5547997113763","—","—","Presença digital básica - concorrência","Oi! Vocês aparecem, mas quem pesquisa só encontra o perfil do Google — e nada além disso. Um site simples custa pouco e pesa muito na hora do cliente escolher. Posso te enviar um exemplo?"
"Helica Dembinski Psicóloga","Centro","+5547996661724","https://wa.me/5547996661724","—","—","Presença digital básica - concorrência","Oi, tudo bem? A Helica Dembinski Psicóloga em Centro tem, mas sem site, sem catálogo e sem página própria, quem pesquisa nem sabe o que vocês fazem. Um site resolveria isso em poucos dias. Quer ver um modelo?"
"Psicólogo Guilherme Pereira Skibinski","Centro","+5547984675624","https://wa.me/5547984675624","—","—","Presença digital básica - concorrência","Oi, Psicólogo Guilherme Pereira Skibinski! Vi a loja de vocês em Centro no Google, mas quase sem informações pra quem pesquisa. Uma página simples conserta isso e ainda ajuda o Google a te achar. Quer ver o que eu faria?"
"Js tattoo Art","Itaiópolis","+5547984647039","https://wa.me/5547984647039","—","—","Presença digital básica - concorrência","Olá! Encontrei a loja de vocês em Itaiópolis no Google, mas o perfil tem pouquíssima informação. Posso te mostrar, em dois minutos, como ficaria a página de vocês. Sem compromisso, quer ver?"
"Estúdio secreto ink","Restinga","+5547999545026","https://wa.me/5547999545026","—","—","Presença digital básica - concorrência","Oi! Te achei pesquisando lojas na região. A loja de vocês em Restinga aparece no Google, mas quem clica não encontra site nem catálogo. Uma página simples resolveria isso rápido — e custa menos do que vocês imaginam. Topa dar uma olhada num exemplo?"
"Adriano Corretor De Imoveis","centro","+554736423718","https://wa.me/554736423718","—","—","Presença digital básica - concorrência","Oi! Encontrei a loja de vocês que trabalha com agente imobiliário em centro — no Google, mas o perfil não ajuda quem pesquisa. Posso montar um modelo gratuito pra vocês verem como ficaria. Interessado?"
"Mundo das Calopsitas","Cidade Nova","+5542999562939","https://wa.me/5542999562939","—","—","Presença digital básica - concorrência","Oi, tudo bem? Pesquisei vocês em Cidade Nova e a única coisa que achei foi o Google — site e catálogo não existem. Um site simples resolve isso rapidinho e evita perder cliente pra concorrência. Posso te mostrar um exemplo?"
"Psicóloga Vivian Jungles Barbosa","Vila Argentina","+5547996571441","https://wa.me/5547996571441","—","—","Presença digital básica - concorrência","Oi, Psicóloga Vivian Jungles Barbosa! O perfil de vocês em Vila Argentina no Google tem, mas não leva ninguém a lugar nenhum — sem site, sem catálogo, sem WhatsApp visível. Enquanto isso, quem pesquisa acaba indo pra concorrência. Um site simples resolve isso. Quer ver uma demonstração?"
"Psicólogo Sérgio Mendes","Centro","+5547996652813","https://wa.me/5547996652813","—","—","Presença digital básica - concorrência","Olá! Vocês aparecem em Centro, mas quem pesquisa só encontra o perfil do Google — e nada além disso. E acaba fechando com quem aparece melhor. Uma página simples muda esse jogo. Topa ver como ficaria?"
"Psicóloga Letícia Gruber","Centro","+5542988182175","https://wa.me/5542988182175","—","—","Presença digital básica - concorrência","Oi! Te achei pesquisando lojas na região. A Psicóloga Letícia Gruber em Centro tem, mas sem site, sem catálogo e sem página própria, quem pesquisa nem sabe o que vocês fazem. Um site simples custa pouco e pesa muito na hora do cliente escolher. Posso te enviar um exemplo?"
"Psicóloga Brenda Corrêa","Centro II Alto de Mafra","+5547997912027","https://wa.me/5547997912027","—","—","Presença digital básica - concorrência","Oi! Vi a loja de vocês em Centro II Alto de Mafra no Google, mas quase sem informações pra quem pesquisa. Um site resolveria isso em poucos dias. Quer ver um modelo?"
"Elas Tattoo Studio","São Pedro","+5542998234087","https://wa.me/5542998234087","—","—","Presença digital básica - concorrência","Oi, tudo bem? Encontrei a loja de vocês em São Pedro no Google, mas o perfil tem pouquíssima informação. Uma página simples conserta isso e ainda ajuda o Google a te achar. Quer ver o que eu faria?"
"Psicóloga Micheli Krayevski","Jardim do Moinho","+5547991936553","https://wa.me/5547991936553","—","—","Presença digital básica - concorrência","Oi, Psicóloga Micheli Krayevski! A loja de vocês em Jardim do Moinho aparece no Google, mas quem clica não encontra site nem catálogo. Posso te mostrar, em dois minutos, como ficaria a página de vocês. Sem compromisso, quer ver?"
"Psicóloga Graciane de Oliveira","Centro","+5547991055079","https://wa.me/5547991055079","—","—","Presença digital básica - concorrência","Olá! Encontrei a loja de vocês que trabalha com psicólogo em Centro — no Google, mas o perfil não ajuda quem pesquisa. Uma página simples resolveria isso rápido — e custa menos do que vocês imaginam. Topa dar uma olhada num exemplo?"
"Psicóloga Gislaine Romaniuk","Rio Negrinho","+5547992406384","https://wa.me/5547992406384","—","—","Presença digital básica - concorrência","Oi! Te achei pesquisando lojas na região. Pesquisei vocês em Rio Negrinho e a única coisa que achei foi o Google — site e catálogo não existem. Posso montar um modelo gratuito pra vocês verem como ficaria. Interessado?"
"Agro Aves de Mel","Campo d'Água Verde","+5547997560390","https://wa.me/5547997560390","—","—","Presença digital básica - concorrência","Oi! O perfil de vocês em Campo d'Água Verde no Google tem, mas não leva ninguém a lugar nenhum — sem site, sem catálogo, sem WhatsApp visível. Um site simples resolve isso rapidinho e evita perder cliente pra concorrência. Posso te mostrar um exemplo?"
"Consultório Psicológico Resiliência Psi","Centro","+5549984341798","https://wa.me/5549984341798","—","—","Presença digital básica - concorrência","Oi, tudo bem? Vocês aparecem em Centro, mas quem pesquisa só encontra o perfil do Google — e nada além disso. Enquanto isso, quem pesquisa acaba indo pra concorrência. Um site simples resolve isso. Quer ver uma demonstração?"
"NAPS-Núcleo Assistência Psico-Social","Centro","+554736221310","https://wa.me/554736221310","—","—","Presença digital básica - concorrência","Oi, NAPS-Núcleo Assistência Psico-Social! A loja de vocês em Centro aparece no Google, mas quem clica não encontra site nem catálogo. Enquanto isso, quem pesquisa acaba indo pra concorrência. Um site simples resolve isso. Quer ver uma demonstração?"
"Gísela Machado Fotografia","Cruzeiro","+5547999450068","https://wa.me/5547999450068","—","—","Presença digital básica - concorrência","Oi! Te achei pesquisando lojas na região. Encontrei a loja de vocês que trabalha com fotógrafo em Cruzeiro — no Google, mas o perfil não ajuda quem pesquisa. Posso montar um modelo gratuito pra vocês verem como ficaria. Interessado?"
"Psicóloga Thalia Grein Schroeder","","+5547999315746","https://wa.me/5547999315746","—","—","Presença digital básica - concorrência","Oi! Te achei pesquisando lojas na região. A loja de vocês aparece no Google, mas quem clica não encontra site nem catálogo. Enquanto isso, quem pesquisa acaba indo pra concorrência. Um site simples resolve isso. Quer ver uma demonstração?"
"Camila Pettres Fotografia","Vila Nova","+5547999263464","https://wa.me/5547999263464","—","—","Presença digital básica - concorrência","Olá! Encontrei a loja de vocês que trabalha com estúdio fotográfico em Vila Nova — no Google, mas o perfil não ajuda quem pesquisa. Um site simples resolve isso rapidinho e evita perder cliente pra concorrência. Posso te mostrar um exemplo?"
"Lar da Lua - Estúdio Fotográfico","Centro","+5547996893839","https://wa.me/5547996893839","—","—","Presença digital básica - concorrência","Olá! A loja de vocês em Centro aparece no Google, mas quem clica não encontra site nem catálogo. E acaba fechando com quem aparece melhor. Uma página simples muda esse jogo. Topa ver como ficaria?"
"BC fotografia","","+5547999919864","https://wa.me/5547999919864","—","—","Presença digital básica - concorrência","Olá! Pesquisei vocês e a única coisa que achei foi o Google — site e catálogo não existem. Posso montar um modelo gratuito pra vocês verem como ficaria. Interessado?"
"Psicóloga Rafaela Naidek","","+5547984312541","https://wa.me/5547984312541","—","—","Presença digital básica - concorrência","Oi! Encontrei a loja de vocês que trabalha com psicólogo — no Google, mas o perfil não ajuda quem pesquisa. E acaba fechando com quem aparece melhor. Uma página simples muda esse jogo. Topa ver como ficaria?"
"Igor Thomaz 3D","Vila Nova","+5547996392869","https://wa.me/5547996392869","—","—","Presença digital básica - concorrência","Olá! A Igor Thomaz 3D em Vila Nova tem, mas sem site, sem catálogo e sem página própria, quem pesquisa nem sabe o que vocês fazem. Uma página simples resolveria isso rápido — e custa menos do que vocês imaginam. Topa dar uma olhada num exemplo?"
"Oda Alves Fotografia","Vila Nova","+5547996519282","https://wa.me/5547996519282","—","—","Presença digital básica - concorrência","Oi, Oda Alves Fotografia! Encontrei a loja de vocês que trabalha com estúdio fotográfico em Vila Nova — no Google, mas o perfil não ajuda quem pesquisa. E acaba fechando com quem aparece melhor. Uma página simples muda esse jogo. Topa ver como ficaria?"
"Junior Eventos Fotográficos","Irineópolis","+5547991596202","https://wa.me/5547991596202","—","—","Presença digital básica - concorrência","Olá! Encontrei a loja de vocês que trabalha com fotógrafo de casamento em Irineópolis — no Google, mas o perfil não ajuda quem pesquisa. E acaba fechando com quem aparece melhor. Uma página simples muda esse jogo. Topa ver como ficaria?"
"Ale Fotografia","Cruzeiro","+5547992781313","https://wa.me/5547992781313","—","—","Presença digital básica - concorrência","Oi, Ale Fotografia! Pesquisei vocês em Cruzeiro e a única coisa que achei foi o Google — site e catálogo não existem. Enquanto isso, quem pesquisa acaba indo pra concorrência. Um site simples resolve isso. Quer ver uma demonstração?"
"Raul Ferreira Fotografia","","+5542999540144","https://wa.me/5542999540144","—","—","Presença digital básica - concorrência","Oi! Te achei pesquisando lojas na região. O perfil de vocês no Google tem, mas não leva ninguém a lugar nenhum — sem site, sem catálogo, sem WhatsApp visível. Posso montar um modelo gratuito pra vocês verem como ficaria. Interessado?"
"Alexandre Alves Fotografias","","+5547989129844","https://wa.me/5547989129844","—","—","Presença digital básica - concorrência","Oi! Te achei pesquisando lojas na região. Pesquisei vocês e a única coisa que achei foi o Google — site e catálogo não existem. Enquanto isso, quem pesquisa acaba indo pra concorrência. Um site simples resolve isso. Quer ver uma demonstração?"
"Luiz Medeiros Fotografia","","+5547984452840","https://wa.me/5547984452840","—","—","Presença digital básica - concorrência","Oi! Te achei pesquisando lojas na região. Encontrei a loja de vocês que trabalha com fotógrafo — no Google, mas o perfil não ajuda quem pesquisa. Um site simples custa pouco e pesa muito na hora do cliente escolher. Posso te enviar um exemplo?"
"Camille Unger Fotografia","","+5547992190919","https://wa.me/5547992190919","—","—","Presença digital básica - concorrência","Oi! Te achei pesquisando lojas na região. O perfil de vocês no Google tem, mas não leva ninguém a lugar nenhum — sem site, sem catálogo, sem WhatsApp visível. Um site simples resolve isso rapidinho e evita perder cliente pra concorrência. Posso te mostrar um exemplo?"
"Drielin Prado fotografia.","","+5542984264817","https://wa.me/5542984264817","—","—","Presença digital básica - concorrência","Oi! Encontrei a loja de vocês no Google, mas o perfil tem pouquíssima informação. E acaba fechando com quem aparece melhor. Uma página simples muda esse jogo. Topa ver como ficaria?"
"Hendrix Fotografia","","+5542984262881","https://wa.me/5542984262881","—","—","Presença digital básica - concorrência","Oi, tudo bem? A loja de vocês aparece no Google, mas quem clica não encontra site nem catálogo. Um site simples custa pouco e pesa muito na hora do cliente escolher. Posso te enviar um exemplo?"
"Churraskin","Vila Argentina","+5547991324823","https://wa.me/5547991324823","—","—","Presença digital básica - concorrência","Oi, Churraskin! Encontrei a loja de vocês que trabalha com restaurante com culinária de bali em Vila Argentina — no Google, mas o perfil não ajuda quem pesquisa. Um site resolveria isso em poucos dias. Quer ver um modelo?"
"Brooklyn pizzaria","Jardim Hantschel","+5547992030540","https://wa.me/5547992030540","—","—","Presença digital básica - concorrência","Olá! Pesquisei vocês em Jardim Hantschel e a única coisa que achei foi o Google — site e catálogo não existem. Uma página simples conserta isso e ainda ajuda o Google a te achar. Quer ver o que eu faria?"
"Prensadão Lanches RN","Centro","+5547997458027","https://wa.me/5547997458027","—","—","Presença digital básica - concorrência","Oi! Te achei pesquisando lojas na região. O perfil de vocês em Centro no Google tem, mas não leva ninguém a lugar nenhum — sem site, sem catálogo, sem WhatsApp visível. Posso te mostrar, em dois minutos, como ficaria a página de vocês. Sem compromisso, quer ver?"
"Pousada R2F","Centro I Baixada","+5547997390838","https://wa.me/5547997390838","—","—","Presença digital básica - concorrência","Oi! Vocês aparecem em Centro I Baixada, mas quem pesquisa só encontra o perfil do Google — e nada além disso. Uma página simples resolveria isso rápido — e custa menos do que vocês imaginam. Topa dar uma olhada num exemplo?"
"Top burguer chapa quente","Monte Castelo","+5547992646712","https://wa.me/5547992646712","—","—","Presença digital básica - concorrência","Oi, tudo bem? A Top burguer chapa quente em Monte Castelo tem, mas sem site, sem catálogo e sem página própria, quem pesquisa nem sabe o que vocês fazem. Posso montar um modelo gratuito pra vocês verem como ficaria. Interessado?"
"Liga dos Sabores","Centro I Baixada","+5547991726127","https://wa.me/5547991726127","—","—","Presença digital básica - concorrência","Oi, Liga dos Sabores! Vi a loja de vocês em Centro I Baixada no Google, mas quase sem informações pra quem pesquisa. Um site simples resolve isso rapidinho e evita perder cliente pra concorrência. Posso te mostrar um exemplo?"
"pilates carline mezomo","","+5546999807778","https://wa.me/5546999807778","—","—","Presença digital básica - concorrência","Oi, tudo bem? Vi a loja de vocês no Google, mas quase sem informações pra quem pesquisa. Um site simples resolve isso rapidinho e evita perder cliente pra concorrência. Posso te mostrar um exemplo?"
"Farm","Nova Brasília","+554736521346","https://wa.me/554736521346","—","—","Presença digital básica - concorrência","Oi! Te achei pesquisando lojas na região. A loja de vocês em Nova Brasília aparece no Google, mas quem clica não encontra site nem catálogo. E acaba fechando com quem aparece melhor. Uma página simples muda esse jogo. Topa ver como ficaria?"
"Águas do Vale","Irineópolis","+5542998606041","https://wa.me/5542998606041","—","—","Presença digital básica - concorrência","Oi! Encontrei a loja de vocês que trabalha com pousada em Irineópolis — no Google, mas o perfil não ajuda quem pesquisa. Um site simples custa pouco e pesa muito na hora do cliente escolher. Posso te enviar um exemplo?"
"Brutos Burguer Delivery","São Rafael","+5547997263291","https://wa.me/5547997263291","—","—","Presença digital básica - concorrência","Oi, tudo bem? Pesquisei vocês em São Rafael e a única coisa que achei foi o Google — site e catálogo não existem. Um site resolveria isso em poucos dias. Quer ver um modelo?"
"Hamburgueria e Pastelaria da Família","Irineópolis","+5547997404331","https://wa.me/5547997404331","—","—","Presença digital básica - concorrência","Oi, Hamburgueria e Pastelaria da Família! O perfil de vocês em Irineópolis no Google tem, mas não leva ninguém a lugar nenhum — sem site, sem catálogo, sem WhatsApp visível. Uma página simples conserta isso e ainda ajuda o Google a te achar. Quer ver o que eu faria?"
"Sítio do Palmito","Palmito","+5547992445714","https://wa.me/5547992445714","—","—","Presença digital básica - concorrência","Olá! Vocês aparecem em Palmito, mas quem pesquisa só encontra o perfil do Google — e nada além disso. Posso te mostrar, em dois minutos, como ficaria a página de vocês. Sem compromisso, quer ver?"
"Sítio Ranch Nils","Centro","+5547984441198","https://wa.me/5547984441198","—","—","Presença digital básica - concorrência","Oi! Te achei pesquisando lojas na região. A Sítio Ranch Nils em Centro tem, mas sem site, sem catálogo e sem página própria, quem pesquisa nem sabe o que vocês fazem. Uma página simples resolveria isso rápido — e custa menos do que vocês imaginam. Topa dar uma olhada num exemplo?"
"DOM PIZZARIA DELIVERY","Ceramarte","+5547996153681","https://wa.me/5547996153681","—","—","Presença digital básica - concorrência","Oi! Vi a loja de vocês em Ceramarte no Google, mas quase sem informações pra quem pesquisa. Posso montar um modelo gratuito pra vocês verem como ficaria. Interessado?"
"Mayra Vizolli Tonhi _ ARQUITETURA","BAIRRO GIROTTO","+5549998304452","https://wa.me/5549998304452","—","—","Presença digital básica - concorrência","Oi, tudo bem? Encontrei a loja de vocês em BAIRRO GIROTTO no Google, mas o perfil tem pouquíssima informação. Um site simples resolve isso rapidinho e evita perder cliente pra concorrência. Posso te mostrar um exemplo?"
"Petshow","Bela Vista","+5542984329038","https://wa.me/5542984329038","—","—","Presença digital básica - concorrência","Olá! A Petshow em Bela Vista tem, mas sem site, sem catálogo e sem página própria, quem pesquisa nem sabe o que vocês fazem. Um site simples custa pouco e pesa muito na hora do cliente escolher. Posso te enviar um exemplo?"
"Consultório Odontológico","Jardim das Avenidas","+5548999753344","https://wa.me/5548999753344","—","—","Presença digital básica - concorrência","Oi, Consultório Odontológico! Vi a loja de vocês em Jardim das Avenidas no Google, mas quase sem informações pra quem pesquisa. Um site simples custa pouco e pesa muito na hora do cliente escolher. Posso te enviar um exemplo?"
"Clinica de Estética","Mato Alto","+5548999977749","https://wa.me/5548999977749","—","—","Presença digital básica - concorrência","Oi, Clinica de Estética! A Clinica de Estética em Mato Alto tem, mas sem site, sem catálogo e sem página própria, quem pesquisa nem sabe o que vocês fazem. Um site resolveria isso em poucos dias. Quer ver um modelo?"
"Consultório Odontológico Dra Maria Eduarda Ribeiro","Santa Clara","+5548996516273","https://wa.me/5548996516273","—","—","Presença digital básica - concorrência","Oi, tudo bem? Vi a loja de vocês em Santa Clara no Google, mas quase sem informações pra quem pesquisa. Um site resolveria isso em poucos dias. Quer ver um modelo?"
"Consultório Médico Multiclínica","Centro","+5548988427647","https://wa.me/5548988427647","—","—","Presença digital básica - concorrência","Oi! Te achei pesquisando lojas na região. A loja de vocês em Centro aparece no Google, mas quem clica não encontra site nem catálogo. Um site simples resolve isso rapidinho e evita perder cliente pra concorrência. Posso te mostrar um exemplo?"
"Laguna Cross Pilates","Centro","+5551992449260","https://wa.me/5551992449260","—","—","Presença digital básica - concorrência","Oi, Laguna Cross Pilates! Encontrei a loja de vocês em Centro no Google, mas o perfil tem pouquíssima informação. Posso te mostrar, em dois minutos, como ficaria a página de vocês. Sem compromisso, quer ver?"
"Clinica La Vitta","Praia Grande","+5548991151338","https://wa.me/5548991151338","—","—","Presença digital básica - concorrência","Olá! A loja de vocês em Praia Grande aparece no Google, mas quem clica não encontra site nem catálogo. Enquanto isso, quem pesquisa acaba indo pra concorrência. Um site simples resolve isso. Quer ver uma demonstração?"
"Scopel Odontologia Especializada","Centro","+5548991238083","https://wa.me/5548991238083","—","—","Presença digital básica - concorrência","Oi, tudo bem? A loja de vocês em Centro aparece no Google, mas quem clica não encontra site nem catálogo. E acaba fechando com quem aparece melhor. Uma página simples muda esse jogo. Topa ver como ficaria?"